Date,AAPL.O,Returns,lag_1,lag_2,lag_3,lag_4,lag_5,lag_6,Prediction
2010-01-13,30.092827050000004,0.41857101000000085,-1.0,-1.0,1.0,-1.0,-1.0,1.0,1.0
2010-01-14,29.918541510000004,-0.17428553999999963,1.0,-1.0,-1.0,1.0,-1.0,-1.0,1.0
2010-01-15,29.418542010000003,-0.49999950000000126,-1.0,1.0,-1.0,-1.0,1.0,-1.0,-1.0
2010-01-20,30.246398325,-0.47357095499999957,-1.0,-1.0,1.0,-1.0,-1.0,1.0,1.0
2010-01-21,29.724541704000004,-0.5218566209999977,-1.0,-1.0,-1.0,1.0,-1.0,-1.0,1.0
2010-01-22,28.249971750000004,-1.4745699539999997,-1.0,-1.0,-1.0,-1.0,1.0,-1.0,-1.0
2010-01-25,29.010685275,0.7607135249999963,-1.0,-1.0,-1.0,-1.0,-1.0,1.0,1.0
2010-01-26,29.41997058,0.40928530500000093,1.0,-1.0,-1.0,-1.0,-1.0,-1.0,-1.0
2010-01-27,29.697684588,0.27771400800000023,1.0,1.0,-1.0,-1.0,-1.0,-1.0,1.0
2010-01-28,28.46997153,-1.2277130580000026,1.0,1.0,1.0,-1.0,-1.0,-1.0,-1.0
2010-01-29,27.437543991,-1.0324275390000004,-1.0,1.0,1.0,1.0,-1.0,-1.0,-1.0
2010-02-01,27.818543610000003,0.38099961900000423,-1.0,-1.0,1.0,1.0,1.0,-1.0,1.0
2010-02-02,27.979972020000005,0.16142841000000274,1.0,-1.0,-1.0,1.0,1.0,1.0,1.0
2010-02-03,28.46140011,0.4814280899999943,1.0,1.0,-1.0,-1.0,1.0,1.0,1.0
2010-02-04,27.435686850000003,-1.0257132599999963,1.0,1.0,1.0,-1.0,-1.0,1.0,-1.0
2010-02-05,27.922829220000004,0.4871423700000008,-1.0,1.0,1.0,1.0,-1.0,-1.0,-1.0
2010-02-08,27.731400840000003,-0.1914283800000014,1.0,-1.0,1.0,1.0,1.0,-1.0,1.0
2010-02-09,28.02711483,0.2957139899999959,-1.0,1.0,-1.0,1.0,1.0,1.0,-1.0
2010-02-10,27.873686412000005,-0.15342841799999363,1.0,-1.0,1.0,-1.0,1.0,1.0,-1.0
2010-02-11,28.38140019,0.5077137779999958,-1.0,1.0,-1.0,1.0,-1.0,1.0,1.0
2010-02-12,28.62568566,0.24428546999999767,1.0,-1.0,1.0,-1.0,1.0,-1.0,-1.0
2010-02-17,28.935685350000004,-0.1214284499999998,1.0,1.0,-1.0,1.0,-1.0,1.0,1.0
2010-02-18,28.989685296,0.05399994599999758,-1.0,1.0,1.0,-1.0,1.0,-1.0,-1.0
2010-02-19,28.80997119,-0.17971410600000226,1.0,-1.0,1.0,1.0,-1.0,1.0,1.0
2010-02-22,28.630828512,-0.17914267799999806,-1.0,1.0,-1.0,1.0,1.0,-1.0,1.0
2010-02-23,28.151257563,-0.4795709489999993,-1.0,-1.0,1.0,-1.0,1.0,1.0,-1.0
2010-02-24,28.665114192000004,0.5138566290000028,-1.0,-1.0,-1.0,1.0,-1.0,1.0,1.0
2010-02-25,28.857114000000003,0.1919998079999985,1.0,-1.0,-1.0,-1.0,1.0,-1.0,-1.0
2010-02-26,29.231399340000003,0.37428534000000013,1.0,1.0,-1.0,-1.0,-1.0,1.0,1.0
2010-03-01,29.855684430000004,0.6242850900000008,1.0,1.0,1.0,-1.0,-1.0,-1.0,-1.0
2010-03-02,29.83568445,-0.019999980000005024,1.0,1.0,1.0,1.0,-1.0,-1.0,1.0
2010-03-03,29.90425581000001,0.06857136000001063,-1.0,1.0,1.0,1.0,1.0,-1.0,1.0
2010-03-04,30.101398470000003,0.1971426599999937,1.0,-1.0,1.0,1.0,1.0,1.0,-1.0
2010-03-05,31.27854015,1.1771416799999983,1.0,1.0,-1.0,1.0,1.0,1.0,1.0
2010-03-08,31.297111560000005,0.018571410000003397,1.0,1.0,1.0,-1.0,1.0,1.0,1.0
2010-03-09,31.859968140000003,0.5628565799999983,1.0,1.0,1.0,1.0,-1.0,1.0,1.0
2010-03-10,32.119967880000004,0.25999974000000137,1.0,1.0,1.0,1.0,1.0,-1.0,1.0
2010-03-11,32.214253500000005,0.09428562000000085,1.0,1.0,1.0,1.0,1.0,1.0,1.0
2010-03-12,32.3713962,0.1571426999999943,1.0,1.0,1.0,1.0,1.0,1.0,1.0
2010-03-15,31.97711088,-0.39428531999999805,1.0,1.0,1.0,1.0,1.0,1.0,1.0
2010-03-16,32.06425365,0.08714276999999626,-1.0,1.0,1.0,1.0,1.0,1.0,1.0
2010-03-17,32.01711084,-0.04714280999999687,1.0,-1.0,1.0,1.0,1.0,1.0,-1.0
2010-03-18,32.09282505,0.075714210000001,-1.0,1.0,-1.0,1.0,1.0,1.0,-1.0
2010-03-19,31.7499539643,-0.3428710857000006,1.0,-1.0,1.0,-1.0,1.0,1.0,-1.0
2010-03-22,32.107110750000004,0.35715678570000264,-1.0,1.0,-1.0,1.0,-1.0,1.0,1.0
2010-03-23,32.62282452,0.5157137699999979,1.0,-1.0,1.0,-1.0,1.0,-1.0,-1.0
2010-03-24,32.76711009,0.14428557000000097,1.0,1.0,-1.0,1.0,-1.0,1.0,1.0
2010-03-25,32.37853905,-0.3885710400000022,1.0,1.0,1.0,-1.0,1.0,-1.0,-1.0
2010-03-26,32.9856813,0.6071422500000025,-1.0,1.0,1.0,1.0,-1.0,1.0,-1.0
2010-03-29,33.198538230000004,0.21285693000000094,1.0,-1.0,1.0,1.0,1.0,-1.0,1.0
2010-03-30,33.692109165000005,0.49357093500000104,1.0,1.0,-1.0,1.0,1.0,1.0,1.0
2010-03-31,33.571395,-0.12071416500000254,1.0,1.0,1.0,-1.0,1.0,1.0,1.0
2010-04-01,33.709966290000004,0.13857129000000157,-1.0,1.0,1.0,1.0,-1.0,1.0,-1.0
2010-04-06,34.21996578,0.14999985000000038,1.0,-1.0,1.0,1.0,1.0,-1.0,1.0
2010-04-07,34.371394200000005,0.151428420000002,1.0,1.0,-1.0,1.0,1.0,1.0,1.0
2010-04-08,34.27853715,-0.09285705000000632,1.0,1.0,1.0,-1.0,1.0,1.0,1.0
2010-04-09,34.54139403,0.26285688000000107,-1.0,1.0,1.0,1.0,-1.0,1.0,-1.0
2010-04-12,34.61282253,0.07142850000000323,1.0,-1.0,1.0,1.0,1.0,-1.0,1.0
2010-04-13,34.632822510000004,0.01999998000000147,1.0,1.0,-1.0,1.0,1.0,1.0,1.0
2010-04-14,35.09853633,0.4657138199999977,1.0,1.0,1.0,-1.0,1.0,1.0,1.0
2010-04-15,35.55996444,0.46142810999999995,1.0,1.0,1.0,1.0,-1.0,1.0,1.0
2010-04-16,35.3428218,-0.21714263999999872,1.0,1.0,1.0,1.0,1.0,-1.0,1.0
2010-04-19,35.29567899,-0.047142810000003976,-1.0,1.0,1.0,1.0,1.0,1.0,1.0
2010-04-20,34.94139363,-0.35428535999999866,-1.0,-1.0,1.0,1.0,1.0,1.0,1.0
2010-04-21,37.03139154000001,2.089997910000008,-1.0,-1.0,-1.0,1.0,1.0,1.0,1.0
2010-04-22,38.0670333615,1.0356418214999934,1.0,-1.0,-1.0,-1.0,1.0,1.0,-1.0
2010-04-23,38.68996131,0.6229279484999992,1.0,1.0,-1.0,-1.0,-1.0,1.0,1.0
2010-04-26,38.499961500000005,-0.18999980999999622,1.0,1.0,1.0,-1.0,-1.0,-1.0,-1.0
2010-04-27,37.434248280000006,-1.0657132199999992,-1.0,1.0,1.0,1.0,-1.0,-1.0,-1.0
2010-04-28,37.371391200000005,-0.06285708000000056,-1.0,-1.0,1.0,1.0,1.0,-1.0,1.0
2010-04-29,38.37710448,1.0057132799999948,-1.0,-1.0,-1.0,1.0,1.0,1.0,1.0
2010-04-30,37.29853413,-1.0785703499999997,1.0,-1.0,-1.0,-1.0,1.0,1.0,-1.0
2010-05-03,38.04996195,0.7514278199999964,-1.0,1.0,-1.0,-1.0,-1.0,1.0,1.0
2010-05-04,36.954248760000006,-1.0957131899999908,1.0,-1.0,1.0,-1.0,-1.0,-1.0,-1.0
2010-05-05,36.56924914500001,-0.38499961499999813,-1.0,1.0,-1.0,1.0,-1.0,-1.0,-1.0
2010-05-06,35.17853625,-1.3907128950000072,-1.0,-1.0,1.0,-1.0,1.0,-1.0,-1.0
2010-05-07,33.69425202000001,-1.484284229999993,-1.0,-1.0,-1.0,1.0,-1.0,1.0,1.0
2010-05-10,36.28424943,2.589997409999995,-1.0,-1.0,-1.0,-1.0,1.0,-1.0,-1.0
2010-05-11,36.64567764,0.3614282099999997,1.0,-1.0,-1.0,-1.0,-1.0,1.0,1.0
2010-05-12,37.44139113,0.7957134899999971,1.0,1.0,-1.0,-1.0,-1.0,-1.0,1.0
2010-05-13,36.90853452,-0.5328566099999961,1.0,1.0,1.0,-1.0,-1.0,-1.0,-1.0
2010-05-14,36.25996374,-0.64857078,-1.0,1.0,1.0,1.0,-1.0,-1.0,-1.0
2010-05-17,36.317106540000005,0.05714280000000116,-1.0,-1.0,1.0,1.0,1.0,-1.0,1.0
2010-05-18,36.05139252000001,-0.2657140199999972,1.0,-1.0,-1.0,1.0,1.0,1.0,1.0
2010-05-19,35.47710738000001,-0.5742851400000006,-1.0,1.0,-1.0,-1.0,1.0,1.0,1.0
2010-05-20,33.965680320000004,-1.5114270600000026,-1.0,-1.0,1.0,-1.0,-1.0,1.0,1.0
2010-05-21,34.61710824,0.6514279199999962,-1.0,-1.0,-1.0,1.0,-1.0,-1.0,1.0
2010-05-24,35.25139332,0.634285079999998,1.0,-1.0,-1.0,-1.0,1.0,-1.0,-1.0
2010-05-25,35.03139354,-0.21999977999999487,1.0,1.0,-1.0,-1.0,-1.0,1.0,1.0
2010-05-26,34.87267941300001,-0.1587141269999961,-1.0,1.0,1.0,-1.0,-1.0,-1.0,-1.0
2010-05-27,36.192820950000005,1.3201415369999978,-1.0,-1.0,1.0,1.0,-1.0,-1.0,1.0
2010-05-28,36.69710616,0.5042852099999919,1.0,-1.0,-1.0,1.0,1.0,-1.0,1.0
2010-06-02,37.70710515,0.44571383999999625,1.0,1.0,-1.0,-1.0,1.0,1.0,1.0
2010-06-03,37.58853384,-0.1185713100000001,1.0,1.0,1.0,-1.0,-1.0,1.0,-1.0
2010-06-04,36.566392005,-1.0221418349999993,-1.0,1.0,1.0,1.0,-1.0,-1.0,-1.0
2010-06-07,35.848535580000004,-0.7178564249999937,-1.0,-1.0,1.0,1.0,1.0,-1.0,1.0
2010-06-08,35.618535810000004,-0.22999976999999916,-1.0,-1.0,-1.0,1.0,1.0,1.0,1.0
2010-06-09,34.7428224,-0.875713410000003,-1.0,-1.0,-1.0,-1.0,1.0,1.0,1.0
2010-06-10,35.787107070000005,1.0442846700000032,-1.0,-1.0,-1.0,-1.0,-1.0,1.0,1.0
2010-06-11,36.21567807,0.42857099999999804,1.0,-1.0,-1.0,-1.0,-1.0,-1.0,-1.0
2010-06-14,36.32567796,0.10999988999999744,1.0,1.0,-1.0,-1.0,-1.0,-1.0,1.0
2010-06-15,37.09853433,0.7728563699999995,1.0,1.0,1.0,-1.0,-1.0,-1.0,-1.0
2010-06-16,38.17853325,1.0799989200000013,1.0,1.0,1.0,1.0,-1.0,-1.0,1.0
2010-06-17,38.83853259000001,0.6599993400000059,1.0,1.0,1.0,1.0,1.0,-1.0,1.0
2010-06-18,39.153389418,0.31485682799999637,1.0,1.0,1.0,1.0,1.0,1.0,1.0
2010-06-21,38.59567569000001,-0.557713727999996,1.0,1.0,1.0,1.0,1.0,1.0,1.0
2010-06-22,39.12138945000001,0.5257137600000021,-1.0,1.0,1.0,1.0,1.0,1.0,1.0
2010-06-23,38.70996129000001,-0.4114281599999998,1.0,-1.0,1.0,1.0,1.0,1.0,-1.0
2010-06-24,38.428533,-0.281428290000008,-1.0,1.0,-1.0,1.0,1.0,1.0,-1.0
2010-06-25,38.0999619,-0.3285711000000049,-1.0,-1.0,1.0,-1.0,1.0,1.0,-1.0
2010-06-28,38.3285331,0.22857120000000464,-1.0,-1.0,-1.0,1.0,-1.0,1.0,1.0
2010-06-29,36.59567769,-1.732855409999999,1.0,-1.0,-1.0,-1.0,1.0,-1.0,-1.0
2010-06-30,35.93282121,-0.6628564800000021,-1.0,1.0,-1.0,-1.0,-1.0,1.0,1.0
2010-07-01,35.49710736,-0.43571384999999907,-1.0,-1.0,1.0,-1.0,-1.0,-1.0,-1.0
2010-07-02,35.27710758,-0.21999978000000198,-1.0,-1.0,-1.0,1.0,-1.0,-1.0,1.0
2010-07-07,36.952105905,1.4335699949999992,-1.0,-1.0,-1.0,-1.0,1.0,-1.0,-1.0
2010-07-08,36.86996313,-0.08214277500000122,1.0,-1.0,-1.0,-1.0,-1.0,1.0,1.0
2010-07-09,37.08853434,0.21857121000000035,-1.0,1.0,-1.0,-1.0,-1.0,-1.0,-1.0
2010-07-12,36.754963245000006,-0.3335710949999964,1.0,-1.0,1.0,-1.0,-1.0,-1.0,-1.0
2010-07-13,35.971106886,-0.7838563590000049,-1.0,1.0,-1.0,1.0,-1.0,-1.0,-1.0
2010-07-14,36.103821039,0.132714153000002,-1.0,-1.0,1.0,-1.0,1.0,-1.0,-1.0
2010-07-15,35.92139265,-0.1824283890000018,1.0,-1.0,-1.0,1.0,-1.0,1.0,1.0
2010-07-16,35.699964300000005,-0.2214283499999965,-1.0,1.0,-1.0,-1.0,1.0,-1.0,-1.0
2010-07-19,35.082822060000005,-0.6171422399999997,-1.0,-1.0,1.0,-1.0,-1.0,1.0,1.0
2010-07-20,35.98424973,0.9014276699999968,-1.0,-1.0,-1.0,1.0,-1.0,-1.0,1.0
2010-07-21,36.31996368,0.3357139499999988,1.0,-1.0,-1.0,-1.0,1.0,-1.0,-1.0
2010-07-22,37.003391568000005,0.6834278880000042,1.0,1.0,-1.0,-1.0,-1.0,1.0,1.0
2010-07-23,37.134248580000005,0.13085701199999988,1.0,1.0,1.0,-1.0,-1.0,-1.0,-1.0
2010-07-26,37.03996296,-0.09428562000000795,1.0,1.0,1.0,1.0,-1.0,-1.0,1.0
2010-07-27,37.72567656,0.6857135999999997,-1.0,1.0,1.0,1.0,1.0,-1.0,1.0
2010-07-28,37.27996272,-0.44571383999999625,1.0,-1.0,1.0,1.0,1.0,1.0,-1.0
2010-07-29,36.872820270000005,-0.40714244999999494,-1.0,1.0,-1.0,1.0,1.0,1.0,-1.0
2010-07-30,36.74996325,-0.12285702000000498,-1.0,-1.0,1.0,-1.0,1.0,1.0,-1.0
2010-08-02,37.40710545,0.6571422000000027,-1.0,-1.0,-1.0,1.0,-1.0,1.0,1.0
2010-08-03,37.41853401,0.01142855999999881,1.0,-1.0,-1.0,-1.0,1.0,-1.0,-1.0
2010-08-04,37.56853386,0.14999985000000038,1.0,1.0,-1.0,-1.0,-1.0,1.0,1.0
2010-08-05,37.3856769,-0.1828569600000023,1.0,1.0,1.0,-1.0,-1.0,-1.0,-1.0
2010-08-06,37.155819987,-0.229856912999999,-1.0,1.0,1.0,1.0,-1.0,-1.0,-1.0
2010-08-09,37.39281975,0.23699976300000003,-1.0,-1.0,1.0,1.0,1.0,-1.0,1.0
2010-08-10,37.05853437,-0.3342853800000043,1.0,-1.0,-1.0,1.0,1.0,1.0,1.0
2010-08-11,35.74139283,-1.3171415399999944,-1.0,1.0,-1.0,-1.0,1.0,1.0,1.0
2010-08-12,35.96996403,0.22857119999999753,-1.0,-1.0,1.0,-1.0,-1.0,1.0,1.0
2010-08-13,35.5856787,-0.3842853299999973,1.0,-1.0,-1.0,1.0,-1.0,-1.0,1.0
2010-08-16,35.37710748,-0.20857122000000317,-1.0,1.0,-1.0,-1.0,1.0,-1.0,-1.0
2010-08-17,35.99567829,0.6185708100000014,-1.0,-1.0,1.0,-1.0,-1.0,1.0,1.0
2010-08-18,36.15282099,0.1571427000000014,1.0,-1.0,-1.0,1.0,-1.0,-1.0,1.0
2010-08-19,35.69710716,-0.45571383000000054,1.0,1.0,-1.0,-1.0,1.0,-1.0,1.0
2010-08-20,35.66282148,-0.03428568000000354,-1.0,1.0,1.0,-1.0,-1.0,1.0,-1.0
2010-08-23,35.114250600000005,-0.5485708799999927,-1.0,-1.0,1.0,1.0,-1.0,-1.0,1.0
2010-08-24,34.27568001,-0.8385705900000033,-1.0,-1.0,-1.0,1.0,1.0,-1.0,1.0
2010-08-25,34.69853673,0.42285671999999863,-1.0,-1.0,-1.0,-1.0,1.0,1.0,1.0
2010-08-26,34.32567996,-0.3728567699999985,1.0,-1.0,-1.0,-1.0,-1.0,1.0,1.0
2010-08-27,34.51710834,0.19142837999999784,-1.0,1.0,-1.0,-1.0,-1.0,-1.0,-1.0
2010-08-30,34.6428225,0.12571416000000113,1.0,-1.0,1.0,-1.0,-1.0,-1.0,-1.0
2010-08-31,34.7285367,0.08571419999999819,1.0,1.0,-1.0,1.0,-1.0,-1.0,1.0
2010-09-01,35.761392810000004,1.0328561100000044,1.0,1.0,1.0,-1.0,1.0,-1.0,-1.0
2010-09-02,36.02424969,0.26285687999999396,1.0,1.0,1.0,1.0,-1.0,1.0,1.0
2010-09-03,36.96710589,0.9428562000000014,1.0,1.0,1.0,1.0,1.0,-1.0,1.0
2010-09-08,37.55996244000001,0.7299992700000004,1.0,1.0,1.0,1.0,1.0,1.0,1.0
2010-09-09,37.58139099,0.021428549999995994,1.0,1.0,1.0,1.0,1.0,1.0,1.0
2010-09-10,37.62996237000001,0.048571380000005604,1.0,1.0,1.0,1.0,1.0,1.0,1.0
2010-09-13,38.14853328000001,0.5185709100000011,1.0,1.0,1.0,1.0,1.0,1.0,1.0
2010-09-14,38.294247420000005,0.1457141399999955,1.0,1.0,1.0,1.0,1.0,1.0,1.0
2010-09-15,38.60281854000001,0.3085711200000034,1.0,1.0,1.0,1.0,1.0,1.0,1.0
2010-09-16,39.509960490000005,0.9071419499999962,1.0,1.0,1.0,1.0,1.0,1.0,1.0
2010-09-17,39.33853209,-0.17142840000000348,1.0,1.0,1.0,1.0,1.0,1.0,1.0
2010-09-20,40.46138811000001,1.1228560200000075,-1.0,1.0,1.0,1.0,1.0,1.0,1.0
2010-09-21,40.53853089,0.07714277999998842,1.0,-1.0,1.0,1.0,1.0,1.0,-1.0
2010-09-22,41.107101750000005,0.5685708600000083,1.0,1.0,-1.0,1.0,1.0,1.0,1.0
2010-09-23,41.27424444,0.1671426899999915,1.0,1.0,1.0,-1.0,1.0,1.0,1.0
2010-09-24,41.75995824,0.4857138000000063,1.0,1.0,1.0,1.0,-1.0,1.0,1.0
2010-09-27,41.594815548,-0.16514269200000342,1.0,1.0,1.0,1.0,1.0,-1.0,1.0
2010-09-28,40.97995902,-0.6148565279999971,-1.0,1.0,1.0,1.0,1.0,1.0,1.0
2010-09-29,41.05281609000001,0.07285707000000485,-1.0,-1.0,1.0,1.0,1.0,1.0,1.0
2010-09-30,40.53567375,-0.5171423400000066,1.0,-1.0,-1.0,1.0,1.0,1.0,1.0
2010-10-01,40.35995964,-0.17571411000000126,-1.0,1.0,-1.0,-1.0,1.0,1.0,1.0
2010-10-04,39.80567448,-0.5542851599999992,-1.0,-1.0,1.0,-1.0,-1.0,1.0,1.0
2010-10-05,41.27710158,1.4714270999999997,-1.0,-1.0,-1.0,1.0,-1.0,-1.0,1.0
2010-10-06,41.312815830000005,0.035714250000005165,1.0,-1.0,-1.0,-1.0,1.0,-1.0,-1.0
2010-10-07,41.31710154000001,0.004285710000004883,1.0,1.0,-1.0,-1.0,-1.0,1.0,1.0
2010-10-08,42.00995799,0.6928564499999865,1.0,1.0,1.0,-1.0,-1.0,-1.0,-1.0
2010-10-11,42.19424352000001,0.18428553000001102,1.0,1.0,1.0,1.0,-1.0,-1.0,1.0
2010-10-12,42.64852878000001,0.4542852599999989,1.0,1.0,1.0,1.0,1.0,-1.0,1.0
2010-10-13,42.87709998,0.22857119999999043,1.0,1.0,1.0,1.0,1.0,1.0,1.0
2010-10-14,43.18709967,0.30999969000000505,1.0,1.0,1.0,1.0,1.0,1.0,1.0
2010-10-15,44.96281218000001,1.7757125100000053,1.0,1.0,1.0,1.0,1.0,1.0,1.0
2010-10-18,45.428526000000005,0.4657138199999977,1.0,1.0,1.0,1.0,1.0,1.0,1.0
2010-10-19,44.212812930000005,-1.2157130699999996,1.0,1.0,1.0,1.0,1.0,1.0,1.0
2010-10-20,44.36138421,0.14857127999999165,-1.0,1.0,1.0,1.0,1.0,1.0,1.0
2010-10-21,44.21709864,-0.14428556999999387,1.0,-1.0,1.0,1.0,1.0,1.0,-1.0
2010-10-22,43.92424179000001,-0.2928568499999926,-1.0,1.0,-1.0,1.0,1.0,1.0,-1.0
2010-10-25,44.11995588,0.19571408999998852,-1.0,-1.0,1.0,-1.0,1.0,1.0,-1.0
2010-10-26,44.007098850000006,-0.11285702999999359,1.0,-1.0,-1.0,1.0,-1.0,1.0,1.0
2010-10-27,43.97567031,-0.03142854000000739,-1.0,1.0,-1.0,-1.0,1.0,-1.0,-1.0
2010-10-28,43.60567068,-0.36999962999999525,-1.0,-1.0,1.0,-1.0,-1.0,1.0,1.0
2010-10-29,42.997099860000006,-0.6085708199999971,-1.0,-1.0,-1.0,1.0,-1.0,-1.0,1.0
2010-11-01,43.45424226000001,0.45714240000000217,-1.0,-1.0,-1.0,-1.0,1.0,-1.0,-1.0
2010-11-02,44.194241520000006,0.7399992599999976,1.0,-1.0,-1.0,-1.0,-1.0,1.0,1.0
2010-11-03,44.6856696,0.4914280799999915,1.0,1.0,-1.0,-1.0,-1.0,-1.0,1.0
2010-11-04,45.46709739,0.7814277900000022,1.0,1.0,1.0,-1.0,-1.0,-1.0,-1.0
2010-11-05,45.304240410000006,-0.1628569799999937,1.0,1.0,1.0,1.0,-1.0,-1.0,1.0
2010-11-08,45.51709734000001,0.21285693000000094,-1.0,1.0,1.0,1.0,1.0,-1.0,1.0
2010-11-09,45.15424056,-0.3628567800000084,1.0,-1.0,1.0,1.0,1.0,1.0,-1.0
2010-11-10,45.43281171,0.27857115000000476,-1.0,1.0,-1.0,1.0,1.0,1.0,-1.0
2010-11-11,45.236383335,-0.19642837500000354,1.0,-1.0,1.0,-1.0,1.0,1.0,-1.0
2010-11-12,44.00424171,-1.232141624999997,-1.0,1.0,-1.0,1.0,-1.0,1.0,1.0
2010-11-15,43.862098995,-0.14214271500000564,-1.0,-1.0,1.0,-1.0,1.0,-1.0,-1.0
2010-11-16,43.08424263,-0.7778563649999981,-1.0,-1.0,-1.0,1.0,-1.0,1.0,1.0
2010-11-17,42.928528500000006,-0.15571412999999268,-1.0,-1.0,-1.0,-1.0,1.0,-1.0,-1.0
2010-11-18,44.06138451,1.1328560099999976,-1.0,-1.0,-1.0,-1.0,-1.0,1.0,1.0
2010-11-19,43.81852761,-0.2428569000000067,1.0,-1.0,-1.0,-1.0,-1.0,-1.0,-1.0
2010-11-22,44.76566952,0.9471419100000062,-1.0,1.0,-1.0,-1.0,-1.0,-1.0,-1.0
2010-11-23,44.10424161000001,-0.6614279099999933,1.0,-1.0,1.0,-1.0,-1.0,-1.0,-1.0
2010-11-24,44.97066931500001,0.8664277049999995,-1.0,1.0,-1.0,1.0,-1.0,-1.0,-1.0
2010-11-29,45.267097590000006,0.15857127000000304,1.0,-1.0,1.0,-1.0,1.0,-1.0,-1.0
2010-11-30,44.44995555,-0.8171420400000073,1.0,1.0,-1.0,1.0,-1.0,1.0,1.0
2010-12-01,45.1999548,0.7499992500000019,-1.0,1.0,1.0,-1.0,1.0,-1.0,-1.0
2010-12-02,45.44995455,0.24999975000000063,1.0,-1.0,1.0,1.0,-1.0,1.0,1.0
2010-12-03,45.348526080000006,-0.10142846999999477,1.0,1.0,-1.0,1.0,1.0,-1.0,1.0
2010-12-06,45.73566855,0.38714246999999347,-1.0,1.0,1.0,-1.0,1.0,1.0,1.0
2010-12-07,45.45852597,-0.27714258000000314,1.0,-1.0,1.0,1.0,-1.0,1.0,1.0
2010-12-08,45.858525570000005,0.3999996000000081,-1.0,1.0,-1.0,1.0,1.0,-1.0,1.0
2010-12-09,45.6795971775,-0.17892839250000492,1.0,-1.0,1.0,-1.0,1.0,1.0,-1.0
2010-12-10,45.79423992,0.11464274250000273,-1.0,1.0,-1.0,1.0,-1.0,1.0,1.0
2010-12-13,45.952811190000006,0.15857127000000304,1.0,-1.0,1.0,-1.0,1.0,-1.0,-1.0
2010-12-14,45.75566853000001,-0.19714265999999725,1.0,1.0,-1.0,1.0,-1.0,1.0,1.0
2010-12-15,45.765668520000006,0.009999989999997183,-1.0,1.0,1.0,-1.0,1.0,-1.0,-1.0
2010-12-16,45.89281125,0.12714272999999565,1.0,-1.0,1.0,1.0,-1.0,1.0,1.0
2010-12-17,45.80138277,-0.0914284800000047,1.0,1.0,-1.0,1.0,1.0,-1.0,1.0
2010-12-20,46.02995397,0.22857120000000464,-1.0,1.0,1.0,-1.0,1.0,1.0,1.0
2010-12-21,46.314953685,0.2849997149999979,1.0,-1.0,1.0,1.0,-1.0,1.0,1.0
2010-12-22,46.451382120000005,0.13642843500000623,1.0,1.0,-1.0,1.0,1.0,-1.0,1.0
2010-12-23,46.22852520000001,-0.22285691999999813,1.0,1.0,1.0,-1.0,1.0,1.0,1.0
2010-12-28,46.495667790000006,0.11285703000000069,-1.0,1.0,1.0,1.0,-1.0,1.0,-1.0
2010-12-29,46.469953530000005,-0.025714260000000877,1.0,-1.0,1.0,1.0,1.0,-1.0,1.0
2010-12-30,46.23709662000001,-0.2328569099999953,-1.0,1.0,-1.0,1.0,1.0,1.0,-1.0
2010-12-31,46.07995392,-0.15714270000000852,-1.0,-1.0,1.0,-1.0,1.0,1.0,-1.0
2011-01-03,47.081381490000005,1.0014275700000042,-1.0,-1.0,-1.0,1.0,-1.0,1.0,1.0
2011-01-04,47.32709553000001,0.24571404000000285,1.0,-1.0,-1.0,-1.0,1.0,-1.0,-1.0
2011-01-05,47.714238,0.38714246999999347,1.0,1.0,-1.0,-1.0,-1.0,1.0,1.0
2011-01-06,47.67566661000001,-0.03857138999999421,1.0,1.0,1.0,-1.0,-1.0,-1.0,-1.0
2011-01-07,48.017094840000006,0.3414282299999982,-1.0,1.0,1.0,1.0,-1.0,-1.0,-1.0
2011-01-10,48.922093935,0.9049990949999938,1.0,-1.0,1.0,1.0,1.0,-1.0,1.0
2011-01-11,48.80566548,-0.11642845499999765,1.0,1.0,-1.0,1.0,1.0,1.0,1.0
2011-01-12,49.20280794000001,0.39714246000000486,-1.0,1.0,1.0,-1.0,1.0,1.0,1.0
2011-01-13,49.382807760000006,0.17999981999999903,1.0,-1.0,1.0,1.0,-1.0,1.0,1.0
2011-01-14,49.78280736000001,0.399999600000001,1.0,1.0,-1.0,1.0,1.0,-1.0,1.0
2011-01-19,48.40566588,-0.2585711699999962,1.0,1.0,1.0,-1.0,1.0,1.0,1.0
2011-01-20,47.52566676000001,-0.8799991199999937,-1.0,1.0,1.0,1.0,-1.0,1.0,-1.0
2011-01-21,46.67423904000001,-0.8514277199999967,-1.0,-1.0,1.0,1.0,1.0,-1.0,1.0
2011-01-24,48.20709465,1.5328556099999915,-1.0,-1.0,-1.0,1.0,1.0,1.0,1.0
2011-01-25,48.7713798,0.5642851499999963,1.0,-1.0,-1.0,-1.0,1.0,1.0,-1.0
2011-01-26,49.121379450000006,0.349999650000008,1.0,1.0,-1.0,-1.0,-1.0,1.0,1.0
2011-01-27,49.02995097,-0.0914284800000047,1.0,1.0,1.0,-1.0,-1.0,-1.0,-1.0
2011-01-28,48.01423770000001,-1.015713269999992,-1.0,1.0,1.0,1.0,-1.0,-1.0,-1.0
2011-01-31,48.47423724,0.4599995399999912,-1.0,-1.0,1.0,1.0,1.0,-1.0,1.0
2011-02-01,49.28995071,0.8157134699999986,1.0,-1.0,-1.0,1.0,1.0,1.0,1.0
2011-02-02,49.188522240000005,-0.10142846999999477,1.0,1.0,-1.0,-1.0,1.0,1.0,1.0
2011-02-03,49.06280808,-0.12571416000000113,-1.0,1.0,1.0,-1.0,-1.0,1.0,-1.0
2011-02-04,49.4999505,0.4371424199999936,-1.0,-1.0,1.0,1.0,-1.0,-1.0,1.0
2011-02-07,50.268521160000006,0.7685706600000088,1.0,-1.0,-1.0,1.0,1.0,-1.0,1.0
2011-02-08,50.7428064,0.4742852399999933,1.0,1.0,-1.0,-1.0,1.0,1.0,1.0
2011-02-09,51.165663120000005,0.42285672000000574,1.0,1.0,1.0,-1.0,-1.0,1.0,-1.0
2011-02-10,50.648520780000005,-0.5171423399999995,1.0,1.0,1.0,1.0,-1.0,-1.0,1.0
2011-02-11,50.978520450000005,0.3299996699999994,-1.0,1.0,1.0,1.0,1.0,-1.0,1.0
2011-02-14,51.31137726000001,0.33285681000000267,1.0,-1.0,1.0,1.0,1.0,1.0,-1.0
2011-02-15,51.4142343,0.1028570399999893,1.0,1.0,-1.0,1.0,1.0,1.0,1.0
2011-02-16,51.87566241,0.46142810999999995,1.0,1.0,1.0,-1.0,1.0,1.0,1.0
2011-02-17,51.185663100000006,-0.6899993099999904,1.0,1.0,1.0,1.0,-1.0,1.0,1.0
2011-02-18,50.07994992,-1.1057131800000093,-1.0,1.0,1.0,1.0,1.0,-1.0,1.0
2011-02-23,48.945665340000005,0.572856569999999,-1.0,-1.0,1.0,1.0,1.0,1.0,1.0
2011-02-24,48.982808160000005,0.03714281999999969,1.0,-1.0,-1.0,1.0,1.0,1.0,1.0
2011-02-25,49.73709312,0.7542849599999926,1.0,1.0,-1.0,-1.0,1.0,1.0,1.0
2011-02-28,50.45852097,0.7214278500000049,1.0,1.0,1.0,-1.0,-1.0,1.0,-1.0
2011-03-01,49.90137867000001,-0.5571422999999953,1.0,1.0,1.0,1.0,-1.0,-1.0,1.0
2011-03-02,50.30280684,0.40142816999999553,-1.0,1.0,1.0,1.0,1.0,-1.0,1.0
2011-03-03,51.365662920000005,1.062856080000003,1.0,-1.0,1.0,1.0,1.0,1.0,-1.0
2011-03-04,51.428520000000006,0.06285708000000056,1.0,1.0,-1.0,1.0,1.0,1.0,1.0
2011-03-07,50.76566352,-0.6628564800000092,1.0,1.0,1.0,-1.0,1.0,1.0,1.0
2011-03-08,50.822806320000005,0.057142800000008265,-1.0,1.0,1.0,1.0,-1.0,1.0,-1.0
2011-03-09,50.35280679000001,-0.4699995299999955,1.0,-1.0,1.0,1.0,1.0,-1.0,1.0
2011-03-10,49.52423619,-0.8285706000000062,-1.0,1.0,-1.0,1.0,1.0,1.0,-1.0
2011-03-11,50.28423543,0.7599992399999991,-1.0,-1.0,1.0,-1.0,1.0,1.0,-1.0
2011-03-14,50.50852092,0.22428548999999975,1.0,-1.0,-1.0,1.0,-1.0,1.0,1.0
2011-03-15,49.34709351000001,-1.1614274099999946,1.0,1.0,-1.0,-1.0,1.0,-1.0,1.0
2011-03-16,47.144238570000006,-2.2028549400000017,-1.0,1.0,1.0,-1.0,-1.0,1.0,-1.0
2011-03-17,47.80566648,0.6614279099999933,-1.0,-1.0,1.0,1.0,-1.0,-1.0,1.0
2011-03-18,47.23852419000001,-0.5671422899999925,1.0,-1.0,-1.0,1.0,1.0,-1.0,1.0
2011-03-21,48.471380100000005,1.2328559099999978,-1.0,1.0,-1.0,-1.0,1.0,1.0,1.0
2011-03-22,48.7428084,0.2714282999999966,1.0,-1.0,1.0,-1.0,-1.0,1.0,1.0
2011-03-23,48.45566583,-0.2871425700000003,1.0,1.0,-1.0,1.0,-1.0,-1.0,1.0
2011-03-24,49.28137929000001,0.82571346000001,-1.0,1.0,1.0,-1.0,1.0,-1.0,-1.0
2011-03-25,50.21994978000001,0.9385704899999965,1.0,-1.0,1.0,1.0,-1.0,1.0,1.0
2011-03-28,50.062807080000006,-0.1571427000000014,1.0,1.0,-1.0,1.0,1.0,-1.0,1.0
2011-03-29,50.13709272,0.07428563999999227,-1.0,1.0,1.0,-1.0,1.0,1.0,1.0
2011-03-30,49.80423591,-0.33285680999999556,1.0,-1.0,1.0,1.0,-1.0,1.0,1.0
2011-03-31,49.7867359275,-0.01749998250000573,-1.0,1.0,-1.0,1.0,1.0,-1.0,1.0
2011-04-01,49.22280792,-0.5639280074999959,-1.0,-1.0,1.0,-1.0,1.0,1.0,-1.0
2011-04-04,48.74137983000001,-0.4814280899999943,-1.0,-1.0,-1.0,1.0,-1.0,1.0,1.0
2011-04-05,48.41280873,-0.3285711000000049,-1.0,-1.0,-1.0,-1.0,1.0,-1.0,-1.0
2011-04-06,48.291380280000006,-0.12142844999999625,-1.0,-1.0,-1.0,-1.0,-1.0,1.0,1.0
2011-04-07,48.297094560000005,0.005714279999999405,-1.0,-1.0,-1.0,-1.0,-1.0,-1.0,-1.0
2011-04-08,47.86566642,-0.4314281400000084,1.0,-1.0,-1.0,-1.0,-1.0,-1.0,-1.0
2011-04-11,47.25709560000001,-0.60857081999999,-1.0,1.0,-1.0,-1.0,-1.0,-1.0,-1.0
2011-04-12,47.4856668,0.22857119999999043,-1.0,-1.0,1.0,-1.0,-1.0,-1.0,-1.0
2011-04-13,48.01852341,0.5328566100000032,1.0,-1.0,-1.0,1.0,-1.0,-1.0,1.0
2011-04-14,47.48852394000001,-0.5299994699999928,1.0,1.0,-1.0,-1.0,1.0,-1.0,1.0
2011-04-15,46.77995322,-0.7085707200000044,-1.0,1.0,1.0,-1.0,-1.0,1.0,-1.0
2011-04-18,47.40709545000001,0.627142230000004,-1.0,-1.0,1.0,1.0,-1.0,-1.0,1.0
2011-04-19,48.265666020000005,0.8585705699999977,1.0,-1.0,-1.0,1.0,1.0,-1.0,1.0
2011-04-20,48.915665370000006,0.6499993500000016,1.0,1.0,-1.0,-1.0,1.0,1.0,1.0
2011-04-21,50.099378472000005,1.1837131019999987,1.0,1.0,1.0,-1.0,-1.0,1.0,-1.0
2011-04-26,50.05994994000001,-0.3698567729999951,1.0,1.0,1.0,1.0,-1.0,-1.0,1.0
2011-04-27,50.02137855,-0.03857139000000842,-1.0,1.0,1.0,1.0,1.0,-1.0,1.0
2011-04-28,49.53566475,-0.4857137999999992,-1.0,-1.0,1.0,1.0,1.0,1.0,1.0
2011-04-29,50.018521410000005,0.48285666000000305,-1.0,-1.0,-1.0,1.0,1.0,1.0,1.0
2011-05-02,49.46852196,-0.5499994500000085,1.0,-1.0,-1.0,-1.0,1.0,1.0,-1.0
2011-05-03,49.7428074,0.2742854399999999,-1.0,1.0,-1.0,-1.0,-1.0,1.0,1.0
2011-05-04,49.93852149000001,0.19571409000000983,1.0,-1.0,1.0,-1.0,-1.0,-1.0,-1.0
2011-05-05,49.53566475,-0.40285674000000427,1.0,1.0,-1.0,1.0,-1.0,-1.0,1.0
2011-05-06,49.52280762000001,-0.012857129999993333,-1.0,1.0,1.0,-1.0,1.0,-1.0,-1.0
2011-05-09,49.657093200000006,0.13428557999999668,-1.0,-1.0,1.0,1.0,-1.0,1.0,1.0
2011-05-10,49.92137865,0.2642854499999956,1.0,-1.0,-1.0,1.0,1.0,-1.0,1.0
2011-05-11,49.60423611000001,-0.31714253999999187,1.0,1.0,-1.0,-1.0,1.0,1.0,1.0
2011-05-12,49.50995049,-0.09428562000000795,-1.0,1.0,1.0,-1.0,-1.0,1.0,-1.0
2011-05-13,48.6428085,-0.8671419900000004,-1.0,-1.0,1.0,1.0,-1.0,-1.0,1.0
2011-05-16,47.61423810000001,-1.0285703999999924,-1.0,-1.0,-1.0,1.0,1.0,-1.0,1.0
2011-05-17,48.01995198,0.4057138799999933,-1.0,-1.0,-1.0,-1.0,1.0,1.0,1.0
2011-05-18,48.552808590000005,0.5328566100000032,1.0,-1.0,-1.0,-1.0,-1.0,1.0,1.0
2011-05-19,48.64709421,0.09428561999999374,1.0,1.0,-1.0,-1.0,-1.0,-1.0,1.0
2011-05-20,47.88852354000001,-0.7585706699999903,1.0,1.0,1.0,-1.0,-1.0,-1.0,-1.0
2011-05-23,47.7713808,-0.11714274000000557,-1.0,1.0,1.0,1.0,-1.0,-1.0,-1.0
2011-05-24,47.455666830000006,-0.31571396999999735,-1.0,-1.0,1.0,1.0,1.0,-1.0,1.0
2011-05-25,48.11138046,0.6557136299999939,-1.0,-1.0,-1.0,1.0,1.0,1.0,1.0
2011-05-26,47.857095,-0.2542854599999984,1.0,-1.0,-1.0,-1.0,1.0,1.0,-1.0
2011-05-27,48.20138037000001,0.3442853700000086,-1.0,1.0,-1.0,-1.0,-1.0,1.0,1.0
2011-06-01,49.35852207,-0.33142824000000104,1.0,-1.0,1.0,-1.0,-1.0,-1.0,-1.0
2011-06-02,49.443093414,0.08457134400000399,-1.0,1.0,-1.0,1.0,-1.0,-1.0,-1.0
2011-06-03,49.06280808,-0.38028533399999986,1.0,-1.0,1.0,-1.0,1.0,-1.0,-1.0
2011-06-06,48.291380280000006,-0.7714277999999979,-1.0,1.0,-1.0,1.0,-1.0,1.0,1.0
2011-06-07,47.43423828000001,-0.8571419999999961,-1.0,-1.0,1.0,-1.0,1.0,-1.0,-1.0
2011-06-08,47.46280968000001,0.028571399999997027,-1.0,-1.0,-1.0,1.0,-1.0,1.0,1.0
2011-06-09,47.355666930000005,-0.10714275000000129,1.0,-1.0,-1.0,-1.0,1.0,-1.0,-1.0
2011-06-10,46.5570963,-0.7985706300000075,-1.0,1.0,-1.0,-1.0,-1.0,1.0,1.0
2011-06-13,46.657096200000005,0.09999990000000736,-1.0,-1.0,1.0,-1.0,-1.0,-1.0,-1.0
2011-06-14,47.49138108,0.8342848799999913,1.0,-1.0,-1.0,1.0,-1.0,-1.0,1.0
2011-06-15,46.67852475,-0.8128563299999954,1.0,1.0,-1.0,-1.0,1.0,-1.0,1.0
2011-06-16,46.451382120000005,-0.2271426299999959,-1.0,1.0,1.0,-1.0,-1.0,1.0,-1.0
2011-06-17,45.75138282,-0.6999993000000018,-1.0,-1.0,1.0,1.0,-1.0,-1.0,1.0
2011-06-20,45.04566924,-0.7057135800000012,-1.0,-1.0,-1.0,1.0,1.0,-1.0,1.0
2011-06-21,46.47138210000001,1.4257128600000044,-1.0,-1.0,-1.0,-1.0,1.0,1.0,1.0
2011-06-22,46.08709677,-0.3842853300000044,1.0,-1.0,-1.0,-1.0,-1.0,1.0,1.0
2011-06-23,47.318524110000006,1.2314273400000033,-1.0,1.0,-1.0,-1.0,-1.0,-1.0,-1.0
2011-06-24,46.62138195000001,-0.6971421599999985,1.0,-1.0,1.0,-1.0,-1.0,-1.0,-1.0
2011-06-27,47.43423828000001,0.8128563300000025,-1.0,1.0,-1.0,1.0,-1.0,-1.0,-1.0
2011-06-28,47.89423782,0.4599995399999912,1.0,-1.0,1.0,-1.0,1.0,-1.0,-1.0
2011-06-29,47.71995228000001,-0.17428553999999252,1.0,1.0,-1.0,1.0,-1.0,1.0,1.0
2011-06-30,47.95280919,0.2328569099999953,-1.0,1.0,1.0,-1.0,1.0,-1.0,-1.0
2011-07-01,49.03709382,1.084284629999999,1.0,-1.0,1.0,1.0,-1.0,1.0,1.0
2011-07-06,50.25137832,0.33285680999999556,1.0,1.0,-1.0,1.0,1.0,-1.0,1.0
2011-07-07,51.028520400000005,0.7771420800000044,1.0,1.0,1.0,-1.0,1.0,1.0,1.0
2011-07-08,51.38709147,0.35857106999999644,1.0,1.0,1.0,1.0,-1.0,1.0,1.0
2011-07-11,50.571378,-0.8157134699999986,1.0,1.0,1.0,1.0,1.0,-1.0,1.0
2011-07-12,50.535663750000005,-0.03571424999999806,-1.0,1.0,1.0,1.0,1.0,1.0,1.0
2011-07-13,51.14566314,0.6099993899999987,-1.0,-1.0,1.0,1.0,1.0,1.0,1.0
2011-07-14,51.10994889,-0.035714250000005165,1.0,-1.0,-1.0,1.0,1.0,1.0,1.0
2011-07-15,52.13137644,1.0214275499999985,-1.0,1.0,-1.0,-1.0,1.0,1.0,1.0
2011-07-18,53.39994660000001,1.26857016000001,1.0,-1.0,1.0,-1.0,-1.0,1.0,1.0
2011-07-19,53.835660450000006,0.43571384999999907,1.0,1.0,-1.0,1.0,-1.0,-1.0,1.0
2011-07-20,55.2713733,1.4357128499999945,1.0,1.0,1.0,-1.0,1.0,-1.0,-1.0
2011-07-21,55.32708753000001,0.05571423000000664,1.0,1.0,1.0,1.0,-1.0,1.0,1.0
2011-07-22,56.185658100000005,0.8585705699999977,1.0,1.0,1.0,1.0,1.0,-1.0,1.0
2011-07-25,56.928514500000006,0.7428564000000009,1.0,1.0,1.0,1.0,1.0,1.0,1.0
2011-07-26,57.62994237000001,0.7014278700000034,1.0,1.0,1.0,1.0,1.0,1.0,1.0
2011-07-27,56.08422963,-1.5457127400000061,1.0,1.0,1.0,1.0,1.0,1.0,1.0
2011-07-28,55.974229740000006,-0.10999988999999744,-1.0,1.0,1.0,1.0,1.0,1.0,1.0
2011-07-29,55.78280136000001,-0.19142837999999784,-1.0,-1.0,1.0,1.0,1.0,1.0,1.0
2011-08-01,56.678514750000005,0.8957133899999974,-1.0,-1.0,-1.0,1.0,1.0,1.0,1.0
2011-08-02,55.55851587000001,-1.1199988799999971,1.0,-1.0,-1.0,-1.0,1.0,1.0,-1.0
2011-08-03,56.08137249000001,0.5228566199999989,-1.0,1.0,-1.0,-1.0,-1.0,1.0,1.0
2011-08-04,53.909946090000005,-2.1714264000000014,1.0,-1.0,1.0,-1.0,-1.0,-1.0,-1.0
2011-08-05,53.374232340000006,-0.5357137499999993,-1.0,1.0,-1.0,1.0,-1.0,-1.0,-1.0
2011-08-08,50.45852097,-2.915711370000004,-1.0,-1.0,1.0,-1.0,1.0,-1.0,-1.0
2011-08-09,53.429946570000006,2.9714256000000034,-1.0,-1.0,-1.0,1.0,-1.0,1.0,1.0
2011-08-10,51.95566233,-1.474284240000003,1.0,-1.0,-1.0,-1.0,1.0,-1.0,-1.0
2011-08-11,53.385660900000005,1.4299985700000022,-1.0,1.0,-1.0,-1.0,-1.0,1.0,1.0
2011-08-12,53.85566043000001,0.4699995300000026,1.0,-1.0,1.0,-1.0,-1.0,-1.0,-1.0
2011-08-15,54.77280237000001,0.9171419400000005,1.0,1.0,-1.0,1.0,-1.0,-1.0,1.0
2011-08-16,54.35423136000001,-0.41857101000000085,1.0,1.0,1.0,-1.0,1.0,-1.0,-1.0
2011-08-17,54.34851708000001,-0.005714279999999405,-1.0,1.0,1.0,1.0,-1.0,1.0,-1.0
2011-08-18,52.29280485,-2.0557122300000046,-1.0,-1.0,1.0,1.0,1.0,-1.0,1.0
2011-08-19,50.86137771,-1.4314271400000038,-1.0,-1.0,-1.0,1.0,1.0,1.0,1.0
2011-08-22,50.91994908,0.05857137000000279,-1.0,-1.0,-1.0,-1.0,1.0,1.0,1.0
2011-08-23,53.37137520000001,2.451426120000008,1.0,-1.0,-1.0,-1.0,-1.0,1.0,1.0
2011-08-24,53.73994626,0.3685710599999936,1.0,1.0,-1.0,-1.0,-1.0,-1.0,1.0
2011-08-25,53.38851804000001,-0.3514282199999954,1.0,1.0,1.0,-1.0,-1.0,-1.0,-1.0
2011-08-26,54.79708806,1.408570019999992,-1.0,1.0,1.0,1.0,-1.0,-1.0,-1.0
2011-08-29,55.70994429000001,0.9128562300000098,1.0,-1.0,1.0,1.0,1.0,-1.0,1.0
2011-08-30,55.712801430000006,0.00285713999999615,1.0,1.0,-1.0,1.0,1.0,1.0,1.0
2011-08-31,54.975659310000005,-0.7371421200000015,1.0,1.0,1.0,-1.0,1.0,1.0,1.0
2011-09-01,54.43280271,-0.5428566000000075,-1.0,1.0,1.0,1.0,-1.0,1.0,-1.0
2011-09-02,53.435660850000005,-0.9971418599999922,-1.0,-1.0,1.0,1.0,1.0,-1.0,1.0
2011-09-07,54.84708801000001,0.5985708299999999,-1.0,-1.0,-1.0,1.0,1.0,1.0,1.0
2011-09-08,54.877087980000006,0.029999969999998655,1.0,-1.0,-1.0,-1.0,1.0,1.0,-1.0
2011-09-09,53.92566036000001,-0.9514276199999969,1.0,1.0,-1.0,-1.0,-1.0,1.0,1.0
2011-09-12,54.27708858,0.3514282199999883,-1.0,1.0,1.0,-1.0,-1.0,-1.0,-1.0
2011-09-13,54.945659340000006,0.6685707600000086,1.0,-1.0,1.0,1.0,-1.0,-1.0,1.0
2011-09-14,55.61423010000001,0.6685707600000015,1.0,1.0,-1.0,1.0,1.0,-1.0,1.0
2011-09-15,56.13708672,0.5228566199999918,1.0,1.0,1.0,-1.0,1.0,1.0,1.0
2011-09-16,57.2142285,1.077141779999998,1.0,1.0,1.0,1.0,-1.0,1.0,1.0
2011-09-19,58.80422691,1.5899984099999998,1.0,1.0,1.0,1.0,1.0,-1.0,1.0
2011-09-20,59.06422665,0.2599997400000049,1.0,1.0,1.0,1.0,1.0,1.0,1.0
2011-09-21,58.87708398,-0.18714267000000007,1.0,1.0,1.0,1.0,1.0,1.0,1.0
2011-09-22,57.402799740000006,-1.4742842399999958,-1.0,1.0,1.0,1.0,1.0,1.0,1.0
2011-09-23,57.757085100000005,0.35428535999999866,-1.0,-1.0,1.0,1.0,1.0,1.0,1.0
2011-09-26,57.595656690000006,-0.1614284099999992,1.0,-1.0,-1.0,1.0,1.0,1.0,1.0
2011-09-27,57.03708582,-0.558570870000004,-1.0,1.0,-1.0,-1.0,1.0,1.0,1.0
2011-09-28,56.715657570000005,-0.32142824999999675,-1.0,-1.0,1.0,-1.0,-1.0,1.0,1.0
2011-09-29,55.79565849,-0.9199990800000037,-1.0,-1.0,-1.0,1.0,-1.0,-1.0,1.0
2011-09-30,54.47423124,-1.3214272499999993,-1.0,-1.0,-1.0,-1.0,1.0,-1.0,-1.0
2011-10-03,53.51423220000001,-0.9599990399999925,-1.0,-1.0,-1.0,-1.0,-1.0,1.0,1.0
2011-10-04,53.2142325,-0.29999970000000786,-1.0,-1.0,-1.0,-1.0,-1.0,-1.0,-1.0
2011-10-05,54.03566025000001,0.8214277500000051,-1.0,-1.0,-1.0,-1.0,-1.0,-1.0,-1.0
2011-10-06,53.909946090000005,-0.12571416000000113,1.0,-1.0,-1.0,-1.0,-1.0,-1.0,-1.0
2011-10-07,52.8285186,-1.081427490000003,-1.0,1.0,-1.0,-1.0,-1.0,-1.0,-1.0
2011-10-10,55.544230170000006,2.7157115700000034,-1.0,-1.0,1.0,-1.0,-1.0,-1.0,-1.0
2011-10-11,57.184228530000006,1.6399983599999999,1.0,-1.0,-1.0,1.0,-1.0,-1.0,1.0
2011-10-12,57.45565683,0.2714282999999966,1.0,1.0,-1.0,-1.0,1.0,-1.0,1.0
2011-10-13,58.34708451000001,0.8914276800000067,1.0,1.0,1.0,-1.0,-1.0,1.0,-1.0
2011-10-14,60.28565400000001,1.938569489999999,1.0,1.0,1.0,1.0,-1.0,-1.0,1.0
2011-10-17,59.99851143000001,-0.2871425700000003,1.0,1.0,1.0,1.0,1.0,-1.0,1.0
2011-10-18,60.319939680000005,0.32142824999999675,-1.0,1.0,1.0,1.0,1.0,1.0,1.0
2011-10-19,56.94565734,-3.3742823400000077,1.0,-1.0,1.0,1.0,1.0,1.0,-1.0
2011-10-20,56.472800670000005,-0.47285666999999165,-1.0,1.0,-1.0,1.0,1.0,1.0,-1.0
2011-10-21,56.124229590000006,-0.34857107999999926,-1.0,-1.0,1.0,-1.0,1.0,1.0,-1.0
2011-10-24,57.96708489,1.8428552999999965,-1.0,-1.0,-1.0,1.0,-1.0,1.0,1.0
2011-10-25,56.82422889,-1.1428560000000019,1.0,-1.0,-1.0,-1.0,1.0,-1.0,-1.0
2011-10-26,57.228514200000006,0.4042853100000059,-1.0,1.0,-1.0,-1.0,-1.0,1.0,1.0
2011-10-27,57.81279933,0.5842851299999907,1.0,-1.0,1.0,-1.0,-1.0,-1.0,-1.0
2011-10-28,57.84994215,0.03714281999999969,1.0,1.0,-1.0,1.0,-1.0,-1.0,1.0
2011-10-31,57.82565646,-0.02428568999999925,1.0,1.0,1.0,-1.0,1.0,-1.0,-1.0
2011-11-01,56.64422907,-1.181427389999996,-1.0,1.0,1.0,1.0,-1.0,1.0,-1.0
2011-11-02,56.772800370000006,0.12857130000000438,-1.0,-1.0,1.0,1.0,1.0,-1.0,1.0
2011-11-03,57.58137099,0.8085706199999976,1.0,-1.0,-1.0,1.0,1.0,1.0,1.0
2011-11-04,57.177085680000005,-0.4042853099999988,1.0,1.0,-1.0,-1.0,1.0,1.0,1.0
2011-11-07,57.10422861000001,-0.07285706999999775,-1.0,1.0,1.0,-1.0,-1.0,1.0,-1.0
2011-11-08,58.032799110000006,0.9285704999999993,-1.0,-1.0,1.0,1.0,-1.0,-1.0,1.0
2011-11-09,56.46851496,-1.564284150000006,1.0,-1.0,-1.0,1.0,1.0,-1.0,1.0
2011-11-10,55.03137354000001,-1.437141419999989,-1.0,1.0,-1.0,-1.0,1.0,1.0,1.0
2011-11-11,54.945659340000006,-0.08571420000000529,-1.0,-1.0,1.0,-1.0,-1.0,1.0,1.0
2011-11-14,54.17994582,-0.7657135200000056,-1.0,-1.0,-1.0,1.0,-1.0,-1.0,1.0
2011-11-15,55.54708731,1.3671414900000016,-1.0,-1.0,-1.0,-1.0,1.0,-1.0,-1.0
2011-11-16,54.96708789,-0.57999942,1.0,-1.0,-1.0,-1.0,-1.0,1.0,1.0
2011-11-17,53.915660370000005,-1.0514275199999972,-1.0,1.0,-1.0,-1.0,-1.0,-1.0,-1.0
2011-11-18,53.56280358,-0.35285679000000414,-1.0,-1.0,1.0,-1.0,-1.0,-1.0,-1.0
2011-11-21,52.71566157,-0.8471420099999989,-1.0,-1.0,-1.0,1.0,-1.0,-1.0,1.0
2011-11-22,53.78708907,1.0714274999999986,-1.0,-1.0,-1.0,-1.0,1.0,-1.0,-1.0
2011-11-23,52.42709043000001,-1.3599986399999935,1.0,-1.0,-1.0,-1.0,-1.0,1.0,1.0
2011-11-28,53.73137484000001,1.7928553500000106,-1.0,1.0,-1.0,-1.0,-1.0,-1.0,-1.0
2011-11-29,53.3142324,-0.41714244000000633,1.0,-1.0,1.0,-1.0,-1.0,-1.0,-1.0
2011-11-30,54.5999454,1.2857130000000012,-1.0,1.0,-1.0,1.0,-1.0,-1.0,-1.0
2011-12-01,55.418516010000005,0.8185706100000019,1.0,-1.0,1.0,-1.0,1.0,-1.0,-1.0
2011-12-02,55.6713729,0.2528568899999968,1.0,1.0,-1.0,1.0,-1.0,1.0,1.0
2011-12-05,56.14422957,0.47285666999999876,1.0,1.0,1.0,-1.0,1.0,-1.0,-1.0
2011-12-06,55.849944150000006,-0.29428541999999425,1.0,1.0,1.0,1.0,-1.0,1.0,1.0
2011-12-07,55.58423013,-0.2657140200000043,-1.0,1.0,1.0,1.0,1.0,-1.0,1.0
2011-12-08,55.80851562000001,0.22428549000000686,-1.0,-1.0,1.0,1.0,1.0,1.0,1.0
2011-12-09,56.23137234000001,0.42285671999999863,1.0,-1.0,-1.0,1.0,1.0,1.0,1.0
2011-12-12,55.97708688,-0.2542854600000055,1.0,1.0,-1.0,-1.0,1.0,1.0,1.0
2011-12-13,55.544230170000006,-0.4328567099999958,-1.0,1.0,1.0,-1.0,-1.0,1.0,-1.0
2011-12-14,54.31280283,-1.2314273400000033,-1.0,-1.0,1.0,1.0,-1.0,-1.0,1.0
2011-12-15,54.134231580000005,-0.1785712499999974,-1.0,-1.0,-1.0,1.0,1.0,-1.0,1.0
2011-12-16,54.43137414,0.2971425599999975,-1.0,-1.0,-1.0,-1.0,1.0,1.0,1.0
2011-12-19,54.60137397,0.16999982999999474,1.0,-1.0,-1.0,-1.0,-1.0,1.0,1.0
2011-12-20,56.56422915,1.9628551800000054,1.0,1.0,-1.0,-1.0,-1.0,-1.0,1.0
2011-12-21,56.634943365000005,0.07071421500000241,1.0,1.0,1.0,-1.0,-1.0,-1.0,-1.0
2011-12-22,56.93565735000001,0.30071398500000157,1.0,1.0,1.0,1.0,-1.0,-1.0,1.0
2011-12-23,57.61851381,0.6828564599999964,1.0,1.0,1.0,1.0,1.0,-1.0,1.0
2011-12-28,57.519942480000005,-0.5557137299999937,1.0,1.0,1.0,1.0,1.0,1.0,1.0
2011-12-29,57.87422784,0.35428535999999866,-1.0,1.0,1.0,1.0,1.0,1.0,1.0
2011-12-30,57.857085000000005,-0.017142839999998216,1.0,-1.0,1.0,1.0,1.0,1.0,-1.0
2012-01-04,59.06279808000001,0.31571396999999735,-1.0,1.0,-1.0,1.0,1.0,1.0,-1.0
2012-01-05,59.71851171,0.6557136299999939,1.0,-1.0,1.0,-1.0,1.0,1.0,-1.0
2012-01-06,60.3427968,0.6242850900000008,1.0,1.0,-1.0,1.0,-1.0,1.0,1.0
2012-01-09,60.24708261000001,-0.09571418999999537,1.0,1.0,1.0,-1.0,1.0,-1.0,-1.0
2012-01-10,60.46279668,0.21571406999999,-1.0,1.0,1.0,1.0,-1.0,1.0,-1.0
2012-01-11,60.364225350000005,-0.09857132999999152,1.0,-1.0,1.0,1.0,1.0,-1.0,1.0
2012-01-12,60.19851123,-0.16571412000000407,-1.0,1.0,-1.0,1.0,1.0,1.0,-1.0
2012-01-13,59.97279717000001,-0.22571405999999428,-1.0,-1.0,1.0,-1.0,1.0,1.0,-1.0
2012-01-18,61.30136727000001,0.6299993700000073,-1.0,-1.0,-1.0,1.0,-1.0,1.0,1.0
2012-01-19,61.107081750000006,-0.1942855200000011,1.0,-1.0,-1.0,-1.0,1.0,-1.0,-1.0
2012-01-20,60.04279710000001,-1.0642846499999976,-1.0,1.0,-1.0,-1.0,-1.0,1.0,1.0
2012-01-23,61.058367513,1.0155704129999918,-1.0,-1.0,1.0,-1.0,-1.0,-1.0,-1.0
2012-01-24,60.058511370000005,-0.9998561429999953,1.0,-1.0,-1.0,1.0,-1.0,-1.0,1.0
2012-01-25,63.80850762000001,3.7499962500000024,-1.0,1.0,-1.0,-1.0,1.0,-1.0,-1.0
2012-01-26,63.51850791,-0.2899997100000107,1.0,-1.0,1.0,-1.0,-1.0,1.0,1.0
2012-01-27,63.89707896,0.378571050000005,-1.0,1.0,-1.0,1.0,-1.0,-1.0,-1.0
2012-01-30,64.71564957000001,0.818570610000009,1.0,-1.0,1.0,-1.0,1.0,-1.0,-1.0
2012-01-31,65.21136336,0.49571378999998217,1.0,1.0,-1.0,1.0,-1.0,1.0,1.0
2012-02-01,65.16993483,-0.04142852999999036,1.0,1.0,1.0,-1.0,1.0,-1.0,-1.0
2012-02-02,65.01707784,-0.15285699000000363,-1.0,1.0,1.0,1.0,-1.0,1.0,-1.0
2012-02-03,65.66850576,0.6514279200000033,-1.0,-1.0,1.0,1.0,1.0,-1.0,1.0
2012-02-06,66.28136229,0.612856530000002,1.0,-1.0,-1.0,1.0,1.0,1.0,1.0
2012-02-07,66.97564731,0.6942850199999953,1.0,1.0,-1.0,-1.0,1.0,1.0,1.0
2012-02-08,68.09707476000001,1.121427450000013,1.0,1.0,1.0,-1.0,-1.0,1.0,-1.0
2012-02-09,70.45278669000001,2.3557119299999982,1.0,1.0,1.0,1.0,-1.0,-1.0,1.0
2012-02-10,70.48850094000001,0.03571424999999806,1.0,1.0,1.0,1.0,1.0,-1.0,1.0
2012-02-13,71.79992820000001,1.311427260000002,1.0,1.0,1.0,1.0,1.0,1.0,1.0
2012-02-14,72.77992722,0.979999019999994,1.0,1.0,1.0,1.0,1.0,1.0,1.0
2012-02-15,71.09564319,-1.6842840300000006,1.0,1.0,1.0,1.0,1.0,1.0,1.0
2012-02-16,71.74421397,0.64857078,-1.0,1.0,1.0,1.0,1.0,1.0,1.0
2012-02-17,71.73135684,-0.012857130000000438,1.0,-1.0,1.0,1.0,1.0,1.0,-1.0
2012-02-22,73.29135528,-0.2585711700000104,-1.0,1.0,-1.0,1.0,1.0,1.0,-1.0
2012-02-23,73.76992623000001,0.47857095000000527,-1.0,-1.0,1.0,-1.0,1.0,1.0,-1.0
2012-02-24,74.62992537,0.8599991399999851,1.0,-1.0,-1.0,1.0,-1.0,1.0,1.0
2012-02-27,75.10849632,0.47857095000000527,1.0,1.0,-1.0,-1.0,1.0,-1.0,1.0
2012-02-28,76.48706637000001,1.3785700500000075,1.0,1.0,1.0,-1.0,-1.0,1.0,-1.0
2012-02-29,77.49135108000002,1.0042847100000074,1.0,1.0,1.0,1.0,-1.0,-1.0,1.0
2012-03-01,77.78135079,0.28999970999998936,1.0,1.0,1.0,1.0,1.0,-1.0,1.0
2012-03-02,77.88277925999999,0.10142846999998767,1.0,1.0,1.0,1.0,1.0,1.0,1.0
2012-03-05,76.16563812,-1.7171411399999954,1.0,1.0,1.0,1.0,1.0,1.0,1.0
2012-03-06,75.75135282000001,-0.41428529999998887,-1.0,1.0,1.0,1.0,1.0,1.0,1.0
2012-03-07,75.81278133,0.06142850999999894,-1.0,-1.0,1.0,1.0,1.0,1.0,1.0
2012-03-08,77.42706543000001,1.614284100000006,1.0,-1.0,-1.0,1.0,1.0,1.0,1.0
2012-03-09,77.88135069,0.4542852599999918,1.0,1.0,-1.0,-1.0,1.0,1.0,1.0
2012-03-12,78.85706400000001,0.9757133100000033,1.0,1.0,1.0,-1.0,-1.0,1.0,-1.0
2012-03-13,81.15706170000001,2.299997700000006,1.0,1.0,1.0,1.0,-1.0,-1.0,1.0
2012-03-14,84.22563006000001,3.0685683600000004,1.0,1.0,1.0,1.0,1.0,-1.0,1.0
2012-03-15,83.65134492,-0.5742851400000148,1.0,1.0,1.0,1.0,1.0,1.0,1.0
2012-03-16,83.65277349000002,0.0014285700000158386,-1.0,1.0,1.0,1.0,1.0,1.0,1.0
2012-03-19,85.87134270000001,2.2185692099999983,1.0,-1.0,1.0,1.0,1.0,1.0,-1.0
2012-03-20,86.56562772000001,0.6942850199999953,1.0,1.0,-1.0,1.0,1.0,1.0,1.0
2012-03-21,86.0713425,-0.49428522000000896,1.0,1.0,1.0,-1.0,1.0,1.0,1.0
2012-03-22,85.61991438000001,-0.45142811999998855,-1.0,1.0,1.0,1.0,-1.0,1.0,-1.0
2012-03-23,85.14991485,-0.4699995300000097,-1.0,-1.0,1.0,1.0,1.0,-1.0,1.0
2012-03-26,86.71134186,1.5614270100000027,-1.0,-1.0,-1.0,1.0,1.0,1.0,1.0
2012-03-27,87.78276936,1.0714274999999986,1.0,-1.0,-1.0,-1.0,1.0,1.0,-1.0
2012-03-28,88.23134034,0.4485709799999995,1.0,1.0,-1.0,-1.0,-1.0,1.0,1.0
2012-03-29,87.12277002,-1.1085703199999983,1.0,1.0,1.0,-1.0,-1.0,-1.0,-1.0
2012-03-30,85.64991435,-1.4728556700000013,-1.0,1.0,1.0,1.0,-1.0,-1.0,-1.0
2012-04-02,88.37562591000001,2.7257115600000077,-1.0,-1.0,1.0,1.0,1.0,-1.0,1.0
2012-04-03,89.90276724000002,1.5271413300000063,1.0,-1.0,-1.0,1.0,1.0,1.0,1.0
2012-04-04,89.18705367,-0.7157135700000197,1.0,1.0,-1.0,-1.0,1.0,1.0,1.0
2012-04-05,90.52562376,1.3385700900000046,-1.0,1.0,1.0,-1.0,-1.0,1.0,-1.0
2012-04-10,89.77705308000002,-1.112856029999989,1.0,-1.0,1.0,1.0,-1.0,-1.0,1.0
2012-04-11,89.45705340000002,-0.3199996799999951,-1.0,1.0,-1.0,1.0,1.0,-1.0,1.0
2012-04-12,88.96705389,-0.4899995100000183,-1.0,-1.0,1.0,-1.0,1.0,1.0,-1.0
2012-04-13,86.46134211,-2.5057117799999986,-1.0,-1.0,-1.0,1.0,-1.0,1.0,1.0
2012-04-16,82.87563141000001,-3.585710699999993,-1.0,-1.0,-1.0,-1.0,1.0,-1.0,-1.0
2012-04-17,87.0999129,4.224281489999996,-1.0,-1.0,-1.0,-1.0,-1.0,1.0,1.0
2012-04-18,86.90562738000001,-0.194285519999994,1.0,-1.0,-1.0,-1.0,-1.0,-1.0,-1.0
2012-04-19,83.91991608000002,-2.9857112999999913,-1.0,1.0,-1.0,-1.0,-1.0,-1.0,-1.0
2012-04-20,81.85420386000001,-2.065712220000009,-1.0,-1.0,1.0,-1.0,-1.0,-1.0,-1.0
2012-04-23,81.67134690000002,-0.18285695999999518,-1.0,-1.0,-1.0,1.0,-1.0,-1.0,1.0
2012-04-24,80.03991996,-1.6314269400000114,-1.0,-1.0,-1.0,-1.0,1.0,-1.0,-1.0
2012-04-25,87.14277000000001,7.102850040000007,-1.0,-1.0,-1.0,-1.0,-1.0,1.0,1.0
2012-04-26,86.81419890000001,-0.3285711000000049,1.0,-1.0,-1.0,-1.0,-1.0,-1.0,-1.0
2012-04-27,86.14277100000001,-0.6714278999999976,-1.0,1.0,-1.0,-1.0,-1.0,-1.0,-1.0
2012-04-30,83.42563086000001,-2.717140139999998,-1.0,-1.0,1.0,-1.0,-1.0,-1.0,-1.0
2012-05-01,83.16134541000001,-0.2642854500000027,-1.0,-1.0,-1.0,1.0,-1.0,-1.0,1.0
2012-05-02,83.71134486000001,0.5499994500000014,-1.0,-1.0,-1.0,-1.0,1.0,-1.0,-1.0
2012-05-03,83.11705974000002,-0.594285119999995,1.0,-1.0,-1.0,-1.0,-1.0,1.0,1.0
2012-05-04,80.74991925,-2.3671404900000113,-1.0,1.0,-1.0,-1.0,-1.0,-1.0,-1.0
2012-05-07,81.35420436000001,0.6042851100000064,-1.0,-1.0,1.0,-1.0,-1.0,-1.0,-1.0
2012-05-08,81.16849026,-0.18571410000001265,1.0,-1.0,-1.0,1.0,-1.0,-1.0,1.0
2012-05-09,81.31134726,0.14285700000000645,-1.0,1.0,-1.0,-1.0,1.0,-1.0,-1.0
2012-05-10,81.50277564000001,0.19142838000000495,1.0,-1.0,1.0,-1.0,-1.0,1.0,1.0
2012-05-11,80.95849047000002,-0.5442851699999949,1.0,1.0,-1.0,1.0,-1.0,-1.0,1.0
2012-05-14,79.74563454000001,-1.2128559300000035,-1.0,1.0,1.0,-1.0,1.0,-1.0,-1.0
2012-05-15,79.02420669,-0.721427850000012,-1.0,-1.0,1.0,1.0,-1.0,1.0,1.0
2012-05-16,78.01063627500001,-1.0135704149999896,-1.0,-1.0,-1.0,1.0,1.0,-1.0,1.0
2012-05-17,75.73135284000001,-2.2792834349999964,-1.0,-1.0,-1.0,-1.0,1.0,1.0,1.0
2012-05-18,75.76849566,0.03714281999998548,-1.0,-1.0,-1.0,-1.0,-1.0,1.0,1.0
2012-05-21,80.18277696,4.414281299999999,1.0,-1.0,-1.0,-1.0,-1.0,-1.0,-1.0
2012-05-22,79.56706329000001,-0.615713669999991,1.0,1.0,-1.0,-1.0,-1.0,-1.0,1.0
2012-05-23,81.50848992,1.9414266299999952,-1.0,1.0,1.0,-1.0,-1.0,-1.0,-1.0
2012-05-24,80.75991924000002,-0.748570679999986,1.0,-1.0,1.0,1.0,-1.0,-1.0,1.0
2012-05-25,80.32706253,-0.43285671000001,-1.0,1.0,-1.0,1.0,1.0,-1.0,1.0
2012-05-30,82.73848869,0.9857132999999862,-1.0,-1.0,1.0,-1.0,1.0,1.0,-1.0
2012-05-31,82.53277461,-0.2057140799999928,1.0,-1.0,-1.0,1.0,-1.0,1.0,1.0
2012-06-01,80.14134843000001,-2.3914261799999963,-1.0,1.0,-1.0,-1.0,1.0,-1.0,-1.0
2012-06-04,80.61277653,0.47142809999999713,-1.0,-1.0,1.0,-1.0,-1.0,1.0,1.0
2012-06-05,80.40420531000001,-0.20857121999999606,1.0,-1.0,-1.0,1.0,-1.0,-1.0,1.0
2012-06-06,81.63706122,1.2328559099999978,-1.0,1.0,-1.0,-1.0,1.0,-1.0,-1.0
2012-06-07,81.67420404,0.03714281999999969,1.0,-1.0,1.0,-1.0,-1.0,1.0,1.0
2012-06-08,82.90277424000001,1.2285702000000072,1.0,1.0,-1.0,1.0,-1.0,-1.0,1.0
2012-06-11,81.59563269,-1.3071415500000114,1.0,1.0,1.0,-1.0,1.0,-1.0,-1.0
2012-06-12,82.30848912,0.7128564300000022,-1.0,1.0,1.0,1.0,-1.0,1.0,-1.0
2012-06-13,81.73706112,-0.5714279999999974,1.0,-1.0,1.0,1.0,1.0,-1.0,1.0
2012-06-14,81.64706121,-0.08999991000000307,-1.0,1.0,-1.0,1.0,1.0,1.0,-1.0
2012-06-15,82.01848941,0.3714281999999969,-1.0,-1.0,1.0,-1.0,1.0,1.0,-1.0
2012-06-18,83.68277346,1.6642840500000062,1.0,-1.0,-1.0,1.0,-1.0,1.0,1.0
2012-06-19,83.91563037,0.2328569099999953,1.0,1.0,-1.0,-1.0,1.0,-1.0,1.0
2012-06-20,83.677202037,-0.23842833300000166,1.0,1.0,1.0,-1.0,-1.0,1.0,-1.0
2012-06-21,82.52420319,-1.1529988470000063,-1.0,1.0,1.0,1.0,-1.0,-1.0,-1.0
2012-06-22,83.1570597,0.6328565100000105,-1.0,-1.0,1.0,1.0,1.0,-1.0,1.0
2012-06-25,81.53777560500001,-1.6192840949999976,1.0,-1.0,-1.0,1.0,1.0,1.0,1.0
2012-06-26,81.717775425,0.17999981999999193,-1.0,1.0,-1.0,-1.0,1.0,1.0,1.0
2012-06-27,82.0713465,0.35357107500000495,1.0,-1.0,1.0,-1.0,-1.0,1.0,1.0
2012-06-28,81.29277585,-0.778570650000006,1.0,1.0,-1.0,1.0,-1.0,-1.0,1.0
2012-06-29,83.428488,2.1357121500000034,-1.0,1.0,1.0,-1.0,1.0,-1.0,-1.0
2012-07-02,84.64562964000001,1.2171416400000084,1.0,-1.0,1.0,1.0,-1.0,1.0,1.0
2012-07-03,85.62991437000001,0.9842847299999988,1.0,1.0,-1.0,1.0,1.0,-1.0,1.0
2012-07-06,86.55419916000001,-0.5799994200000071,1.0,1.0,1.0,-1.0,1.0,1.0,1.0
2012-07-09,87.69848373,1.1442845699999964,-1.0,1.0,1.0,1.0,-1.0,1.0,-1.0
2012-07-10,86.88705597,-0.8114277600000008,1.0,-1.0,1.0,1.0,1.0,-1.0,1.0
2012-07-11,86.34705651,-0.5399994600000042,-1.0,1.0,-1.0,1.0,1.0,1.0,-1.0
2012-07-12,85.5570573,-0.7899992100000048,-1.0,-1.0,1.0,-1.0,1.0,1.0,-1.0
2012-07-13,86.42419929,0.8671419900000075,-1.0,-1.0,-1.0,1.0,-1.0,1.0,1.0
2012-07-16,86.70134187000001,0.27714258000000314,1.0,-1.0,-1.0,-1.0,1.0,-1.0,-1.0
2012-07-17,86.70562758000001,0.004285710000004883,1.0,1.0,-1.0,-1.0,-1.0,1.0,1.0
2012-07-18,86.60848482,-0.09714276000001121,1.0,1.0,1.0,-1.0,-1.0,-1.0,-1.0
2012-07-19,87.75991224000002,1.1514274200000187,-1.0,1.0,1.0,1.0,-1.0,-1.0,-1.0
2012-07-20,86.3284851,-1.4314271400000251,1.0,-1.0,1.0,1.0,1.0,-1.0,1.0
2012-07-23,86.26134231000002,-0.06714278999997703,-1.0,1.0,-1.0,1.0,1.0,1.0,-1.0
2012-07-24,85.84562844,-0.4157138700000189,-1.0,-1.0,1.0,-1.0,1.0,1.0,-1.0
2012-07-25,82.13848929000001,-3.707139149999989,-1.0,-1.0,-1.0,1.0,-1.0,1.0,1.0
2012-07-26,82.12563216000001,-0.012857130000000438,-1.0,-1.0,-1.0,-1.0,1.0,-1.0,-1.0
2012-07-27,83.59420212,1.4685699599999964,-1.0,-1.0,-1.0,-1.0,-1.0,1.0,1.0
2012-07-30,85.00420071,1.4099985900000007,1.0,-1.0,-1.0,-1.0,-1.0,-1.0,-1.0
2012-07-31,87.25134132000001,2.2471406100000024,1.0,1.0,-1.0,-1.0,-1.0,-1.0,1.0
2012-08-01,86.68705617,-0.5642851500000035,1.0,1.0,1.0,-1.0,-1.0,-1.0,-1.0
2012-08-02,86.82705603000001,0.1399998600000032,-1.0,1.0,1.0,1.0,-1.0,-1.0,-1.0
2012-08-03,87.95705490000002,1.1299988700000085,1.0,-1.0,1.0,1.0,1.0,-1.0,1.0
2012-08-06,88.93562535,0.9785704499999781,1.0,1.0,-1.0,1.0,1.0,1.0,1.0
2012-08-07,88.701911298,-0.2337140519999963,1.0,1.0,1.0,-1.0,1.0,1.0,1.0
2012-08-08,88.55134002000001,-0.15057127799998682,-1.0,1.0,1.0,1.0,-1.0,1.0,-1.0
2012-08-09,88.67562561000001,0.1242855899999995,-1.0,-1.0,1.0,1.0,1.0,-1.0,1.0
2012-08-10,88.81419690000001,0.13857129000000157,1.0,-1.0,-1.0,1.0,1.0,1.0,1.0
2012-08-13,89.99991000000001,1.185713100000001,1.0,1.0,-1.0,-1.0,1.0,1.0,1.0
2012-08-14,90.24133833000002,0.24142833000000508,1.0,1.0,1.0,-1.0,-1.0,1.0,-1.0
2012-08-15,90.11848131,-0.12285702000001208,1.0,1.0,1.0,1.0,-1.0,-1.0,1.0
2012-08-16,90.90562338,0.7871420699999874,-1.0,1.0,1.0,1.0,1.0,-1.0,1.0
2012-08-17,92.58705027,1.6814268900000116,1.0,-1.0,1.0,1.0,1.0,1.0,-1.0
2012-08-20,95.02133355,2.4342832799999883,1.0,1.0,-1.0,1.0,1.0,1.0,1.0
2012-08-21,93.723049134,-1.2982844160000013,1.0,1.0,1.0,-1.0,1.0,1.0,1.0
2012-08-22,95.55276159,1.82971245600001,-1.0,1.0,1.0,1.0,-1.0,1.0,-1.0
2012-08-23,94.66133391,-0.8914276800000067,1.0,-1.0,1.0,1.0,1.0,-1.0,1.0
2012-08-24,94.745905254,0.08457134399999688,-1.0,1.0,-1.0,1.0,1.0,1.0,-1.0
2012-08-27,96.52561776,1.7797125060000099,1.0,-1.0,1.0,-1.0,1.0,1.0,-1.0
2012-08-28,96.3999036,-0.12571416000000113,1.0,1.0,-1.0,1.0,-1.0,1.0,1.0
2012-08-29,96.209332362,-0.19057123800000397,-1.0,1.0,1.0,-1.0,1.0,-1.0,-1.0
2012-08-30,94.838190876,-1.371141485999999,-1.0,-1.0,1.0,1.0,-1.0,1.0,1.0
2012-08-31,95.03419068,0.19599980399999595,-1.0,-1.0,-1.0,1.0,1.0,-1.0,1.0
2012-09-05,95.74704711,-0.6771421800000184,1.0,-1.0,-1.0,-1.0,1.0,1.0,-1.0
2012-09-06,96.60990339,0.8628562800000026,-1.0,1.0,-1.0,-1.0,-1.0,1.0,1.0
2012-09-07,97.20561708,0.5957136899999966,1.0,-1.0,1.0,-1.0,-1.0,-1.0,-1.0
2012-09-10,94.67704818,-2.5285688999999962,1.0,1.0,-1.0,1.0,-1.0,-1.0,1.0
2012-09-11,94.36990563000002,-0.3071425499999805,-1.0,1.0,1.0,-1.0,1.0,-1.0,-1.0
2012-09-12,95.68419003,1.314284399999977,-1.0,-1.0,1.0,1.0,-1.0,1.0,1.0
2012-09-13,97.56847386,1.884283830000001,1.0,-1.0,-1.0,1.0,1.0,-1.0,1.0
2012-09-14,98.75418696,1.185713100000001,1.0,1.0,-1.0,-1.0,1.0,1.0,1.0
2012-09-17,99.968614317,1.2144273570000053,1.0,1.0,1.0,-1.0,-1.0,1.0,-1.0
2012-09-18,100.27275687,0.30414255299999127,1.0,1.0,1.0,1.0,-1.0,-1.0,1.0
2012-09-19,100.2998997,0.027142830000002505,1.0,1.0,1.0,1.0,1.0,-1.0,1.0
2012-09-20,99.8141859,-0.4857137999999992,1.0,1.0,1.0,1.0,1.0,1.0,1.0
2012-09-21,100.013471415,0.1992855149999997,-1.0,1.0,1.0,1.0,1.0,1.0,1.0
2012-09-24,98.68418703,-1.329284384999994,1.0,-1.0,1.0,1.0,1.0,1.0,-1.0
2012-09-25,96.21990378,-2.4642832500000083,-1.0,1.0,-1.0,1.0,1.0,1.0,-1.0
2012-09-26,95.02561926,-1.1942845199999965,-1.0,-1.0,1.0,-1.0,1.0,1.0,-1.0
2012-09-27,97.33133124,2.305711979999998,-1.0,-1.0,-1.0,1.0,-1.0,1.0,1.0
2012-09-28,95.300618985,-2.0307122549999974,1.0,-1.0,-1.0,-1.0,1.0,-1.0,-1.0
2012-10-01,94.19847723,-1.1021417550000052,-1.0,1.0,-1.0,-1.0,-1.0,1.0,1.0
2012-10-02,94.47276267,0.2742854399999999,-1.0,-1.0,1.0,-1.0,-1.0,-1.0,-1.0
2012-10-03,95.92133265,1.448569980000002,1.0,-1.0,-1.0,1.0,-1.0,-1.0,1.0
2012-10-04,95.2570476,-0.6642850499999895,1.0,1.0,-1.0,-1.0,1.0,-1.0,1.0
2012-10-05,93.22704963,-2.029997970000011,-1.0,1.0,1.0,-1.0,-1.0,1.0,-1.0
2012-10-08,91.16705169,-2.0599979400000024,-1.0,-1.0,1.0,1.0,-1.0,-1.0,1.0
2012-10-09,90.83562345,-0.33142823999999393,-1.0,-1.0,-1.0,1.0,1.0,-1.0,1.0
2012-10-10,91.55847987,0.7228564199999994,-1.0,-1.0,-1.0,-1.0,1.0,1.0,1.0
2012-10-11,89.72848170000002,-1.8299981699999819,1.0,-1.0,-1.0,-1.0,-1.0,1.0,1.0
2012-10-12,89.95905289800001,0.2305711979999927,-1.0,1.0,-1.0,-1.0,-1.0,-1.0,-1.0
2012-10-15,90.67990932,0.7208564219999829,1.0,-1.0,1.0,-1.0,-1.0,-1.0,-1.0
2012-10-16,92.82740717250002,2.147497852500024,1.0,1.0,-1.0,1.0,-1.0,-1.0,1.0
2012-10-17,92.08756505520002,-0.7398421173000003,1.0,1.0,1.0,-1.0,1.0,-1.0,-1.0
2012-10-18,90.37705248,-1.7105125752000134,-1.0,1.0,1.0,1.0,-1.0,1.0,-1.0
2012-10-19,87.11991288000002,-3.257139599999988,-1.0,-1.0,1.0,1.0,1.0,-1.0,1.0
2012-10-22,90.57562371,3.455710829999987,-1.0,-1.0,-1.0,1.0,1.0,1.0,1.0
2012-10-23,87.62211237780001,-2.9535113321999944,1.0,-1.0,-1.0,-1.0,1.0,1.0,-1.0
2012-10-24,88.11848331000002,0.4963709322000085,-1.0,1.0,-1.0,-1.0,-1.0,1.0,1.0
2012-10-25,87.07677006600001,-1.0417132440000074,1.0,-1.0,1.0,-1.0,-1.0,-1.0,-1.0
2012-10-26,86.285628,-0.7911420660000061,-1.0,1.0,-1.0,1.0,-1.0,-1.0,-1.0
2012-11-01,85.2199004943,0.17427125429999535,-1.0,-1.0,1.0,-1.0,1.0,-1.0,-1.0
2012-11-02,82.3999176,-2.8199828943000114,1.0,-1.0,-1.0,1.0,-1.0,1.0,1.0
2012-11-05,83.51721648270001,1.1172988827000125,-1.0,1.0,-1.0,-1.0,1.0,-1.0,-1.0
2012-11-06,83.2641310215,-0.2530854612000013,1.0,-1.0,1.0,-1.0,-1.0,1.0,1.0
2012-11-07,79.7144774283,-3.5496535932000057,-1.0,1.0,-1.0,1.0,-1.0,-1.0,-1.0
2012-11-08,76.82135175,-2.8931256782999952,-1.0,-1.0,1.0,-1.0,1.0,-1.0,-1.0
2012-11-09,78.15135042,1.3299986699999948,-1.0,-1.0,-1.0,1.0,-1.0,1.0,1.0
2012-11-12,77.54706531000001,-0.6042851099999922,1.0,-1.0,-1.0,-1.0,1.0,-1.0,-1.0
2012-11-13,77.556779586,0.009714275999996858,-1.0,1.0,-1.0,-1.0,-1.0,1.0,1.0
2012-11-14,76.69706616,-0.859713425999999,1.0,-1.0,1.0,-1.0,-1.0,-1.0,-1.0
2012-11-15,75.08849634,-1.6085698199999996,-1.0,1.0,-1.0,1.0,-1.0,-1.0,-1.0
2012-11-16,75.382496046,0.2939997059999939,-1.0,-1.0,1.0,-1.0,1.0,-1.0,-1.0
2012-11-19,80.81849061000001,5.435994564000012,1.0,-1.0,-1.0,1.0,-1.0,1.0,1.0
2012-11-20,80.13040558380001,-0.6880850261999996,1.0,1.0,-1.0,-1.0,1.0,-1.0,1.0
2012-11-21,80.24277690000001,0.1123713161999973,-1.0,1.0,1.0,-1.0,-1.0,1.0,-1.0
2012-11-26,84.21848721,2.575711709999993,1.0,-1.0,1.0,1.0,-1.0,-1.0,1.0
2012-11-27,83.53991646,-0.6785707500000058,1.0,1.0,-1.0,1.0,1.0,-1.0,1.0
2012-11-28,83.27705958000001,-0.26285687999998686,-1.0,1.0,1.0,-1.0,1.0,1.0,1.0
2012-11-29,84.19420152,0.9171419399999792,-1.0,-1.0,1.0,1.0,-1.0,1.0,1.0
2012-11-30,83.61134496,-0.5828565599999962,1.0,-1.0,-1.0,1.0,1.0,-1.0,1.0
2012-12-03,83.74134483000002,0.12999987000002022,-1.0,1.0,-1.0,-1.0,1.0,1.0,1.0
2012-12-04,82.26354630780001,-1.477798522200004,1.0,-1.0,1.0,-1.0,-1.0,1.0,1.0
2012-12-05,76.9702516011,-5.29329470670001,-1.0,1.0,-1.0,1.0,-1.0,-1.0,-1.0
2012-12-06,78.17770753650001,1.2074559354000058,-1.0,-1.0,1.0,-1.0,1.0,-1.0,-1.0
2012-12-07,76.17849525000001,-1.999212286499997,1.0,-1.0,-1.0,1.0,-1.0,1.0,1.0
2012-12-10,75.68862431130002,-0.489870938699994,-1.0,1.0,-1.0,-1.0,1.0,-1.0,-1.0
2012-12-11,77.34106551600001,1.652441204699997,-1.0,-1.0,1.0,-1.0,-1.0,1.0,1.0
2012-12-12,76.99992300000001,-0.341142516000005,1.0,-1.0,-1.0,1.0,-1.0,-1.0,1.0
2012-12-13,75.66992433000001,-1.3299986699999948,-1.0,1.0,-1.0,-1.0,1.0,-1.0,-1.0
2012-12-14,72.827641458,-2.8422828720000126,-1.0,-1.0,1.0,-1.0,-1.0,1.0,1.0
2012-12-17,74.11849731000001,1.290855852000007,-1.0,-1.0,-1.0,1.0,-1.0,-1.0,1.0
2012-12-18,76.2713523,2.1528549899999945,1.0,-1.0,-1.0,-1.0,1.0,-1.0,-1.0
2012-12-19,75.18706767,-1.084284629999999,1.0,1.0,-1.0,-1.0,-1.0,1.0,1.0
2012-12-20,74.5328111814,-0.654256488599998,-1.0,1.0,1.0,-1.0,-1.0,-1.0,-1.0
2012-12-21,74.18992581,-0.3428853714000013,-1.0,-1.0,1.0,1.0,-1.0,-1.0,1.0
2012-12-24,74.30963997600001,0.1197141660000085,-1.0,-1.0,-1.0,1.0,1.0,-1.0,1.0
2012-12-27,73.57992641999999,0.2943568484999872,1.0,-1.0,-1.0,-1.0,1.0,1.0,-1.0
2012-12-28,72.7983843444,-0.7815420755999867,1.0,1.0,-1.0,-1.0,-1.0,1.0,1.0
2012-12-31,76.02462397530002,3.226239630900011,-1.0,1.0,1.0,-1.0,-1.0,-1.0,-1.0
2013-01-03,77.44219398630001,-0.9905847236999961,1.0,-1.0,1.0,1.0,-1.0,-1.0,1.0
2013-01-04,75.285639,-2.1565549863000086,-1.0,1.0,-1.0,1.0,1.0,-1.0,1.0
2013-01-07,74.8427823,-0.4428567000000072,-1.0,-1.0,1.0,-1.0,1.0,1.0,-1.0
2013-01-08,75.04421067,0.20142837000000213,-1.0,-1.0,-1.0,1.0,-1.0,1.0,1.0
2013-01-09,73.87135470000001,-1.1728559699999863,1.0,-1.0,-1.0,-1.0,1.0,-1.0,-1.0
2013-01-10,74.78706807,0.9157133699999918,-1.0,1.0,-1.0,-1.0,-1.0,1.0,1.0
2013-01-11,74.32849709999999,-0.4585709700000109,1.0,-1.0,1.0,-1.0,-1.0,-1.0,-1.0
2013-01-14,71.67849975,-2.6499973499999925,-1.0,1.0,-1.0,1.0,-1.0,-1.0,-1.0
2013-01-15,69.41707344000001,-2.2614263099999903,-1.0,-1.0,1.0,-1.0,1.0,-1.0,-1.0
2013-01-16,72.29849913,2.881425689999986,-1.0,-1.0,-1.0,1.0,-1.0,1.0,1.0
2013-01-17,71.81135676000001,-0.4871423699999866,1.0,-1.0,-1.0,-1.0,1.0,-1.0,-1.0
2013-01-18,71.4285,-0.3828567600000099,-1.0,1.0,-1.0,-1.0,-1.0,1.0,1.0
2013-01-23,73.429212285,1.3192843949999968,-1.0,-1.0,1.0,-1.0,-1.0,-1.0,-1.0
2013-01-24,64.3570785,-9.072133785000005,1.0,-1.0,-1.0,1.0,-1.0,-1.0,1.0
2013-01-25,62.839937160000005,-1.517141339999995,-1.0,1.0,-1.0,-1.0,1.0,-1.0,-1.0
2013-01-28,64.26136431,1.4214271499999995,-1.0,-1.0,1.0,-1.0,-1.0,1.0,1.0
2013-01-29,65.46707739,1.2057130799999953,1.0,-1.0,-1.0,1.0,-1.0,-1.0,1.0
2013-01-30,65.26136331000001,-0.2057140799999928,1.0,1.0,-1.0,-1.0,1.0,-1.0,1.0
2013-01-31,65.06993493,-0.19142838000000495,-1.0,1.0,1.0,-1.0,-1.0,1.0,-1.0
2013-02-01,64.80279234000001,-0.26714258999999174,-1.0,-1.0,1.0,1.0,-1.0,-1.0,1.0
2013-02-04,63.187936812,-1.6148555280000139,-1.0,-1.0,-1.0,1.0,1.0,-1.0,1.0
2013-02-05,65.406220308,2.218283496000005,-1.0,-1.0,-1.0,-1.0,1.0,1.0,1.0
2013-02-06,65.33564895,-0.07057135799999514,1.0,-1.0,-1.0,-1.0,-1.0,1.0,1.0
2013-02-07,66.88850454000001,1.5528555900000072,-1.0,1.0,-1.0,-1.0,-1.0,-1.0,-1.0
2013-02-08,67.85421786,0.9657133199999919,1.0,-1.0,1.0,-1.0,-1.0,-1.0,-1.0
2013-02-11,68.56136001,0.7071421499999957,1.0,1.0,-1.0,1.0,-1.0,-1.0,1.0
2013-02-12,66.8427903,-1.718569709999997,1.0,1.0,1.0,-1.0,1.0,-1.0,-1.0
2013-02-13,66.71564757,-0.12714273000000276,-1.0,1.0,1.0,1.0,-1.0,1.0,-1.0
2013-02-14,66.65564763,-0.05999993999999731,-1.0,-1.0,1.0,1.0,1.0,-1.0,1.0
2013-02-15,65.73707712000001,-0.918570509999995,-1.0,-1.0,-1.0,1.0,1.0,1.0,1.0
2013-02-20,64.12136445,-1.5914269800000085,-1.0,-1.0,-1.0,-1.0,1.0,1.0,1.0
2013-02-21,63.72279342,-0.3985710299999994,-1.0,-1.0,-1.0,-1.0,-1.0,1.0,1.0
2013-02-22,64.40136417000001,0.6785707500000058,-1.0,-1.0,-1.0,-1.0,-1.0,-1.0,-1.0
2013-02-25,63.2570796,-1.1442845700000106,1.0,-1.0,-1.0,-1.0,-1.0,-1.0,-1.0
2013-02-26,64.13850729,0.8814276900000095,-1.0,1.0,-1.0,-1.0,-1.0,-1.0,-1.0
2013-02-27,63.50993649,-0.6285708000000056,1.0,-1.0,1.0,-1.0,-1.0,-1.0,-1.0
2013-02-28,63.0570798,-0.4528566900000044,-1.0,1.0,-1.0,1.0,-1.0,-1.0,-1.0
2013-03-01,61.49565279000001,-1.5614270099999885,-1.0,-1.0,1.0,-1.0,1.0,-1.0,-1.0
2013-03-04,60.00708285,-1.488569940000005,-1.0,-1.0,-1.0,1.0,-1.0,1.0,1.0
2013-03-05,61.591938408,1.584855557999994,-1.0,-1.0,-1.0,-1.0,1.0,-1.0,-1.0
2013-03-06,60.808796334,-0.783142073999997,1.0,-1.0,-1.0,-1.0,-1.0,1.0,1.0
2013-03-07,61.511652774000005,0.702856440000005,-1.0,1.0,-1.0,-1.0,-1.0,-1.0,-1.0
2013-03-08,61.674224040000006,0.1625712660000005,1.0,-1.0,1.0,-1.0,-1.0,-1.0,-1.0
2013-03-11,62.552794590000005,0.8785705499999992,1.0,1.0,-1.0,1.0,-1.0,-1.0,1.0
2013-03-12,61.20422451,-1.3485700800000018,1.0,1.0,1.0,-1.0,1.0,-1.0,-1.0
2013-03-13,61.19279595000001,-0.011428559999991705,-1.0,1.0,1.0,1.0,-1.0,1.0,-1.0
2013-03-14,61.785652500000005,0.5928565499999934,-1.0,-1.0,1.0,1.0,1.0,-1.0,1.0
2013-03-15,63.37993662000001,1.5942841200000046,1.0,-1.0,-1.0,1.0,1.0,1.0,1.0
2013-03-18,65.10279204000001,1.722855420000002,1.0,1.0,-1.0,-1.0,1.0,1.0,1.0
2013-03-19,64.92707793000001,-0.17571411000000126,1.0,1.0,1.0,-1.0,-1.0,1.0,-1.0
2013-03-20,64.58279256,-0.3442853700000086,-1.0,1.0,1.0,1.0,-1.0,-1.0,-1.0
2013-03-21,64.67564961000001,0.09285705000000632,-1.0,-1.0,1.0,1.0,1.0,-1.0,1.0
2013-03-22,65.98707687000001,1.311427260000002,1.0,-1.0,-1.0,1.0,1.0,1.0,1.0
2013-03-25,66.22564806,0.2385711899999876,1.0,1.0,-1.0,-1.0,1.0,1.0,1.0
2013-03-26,65.87650555200001,-0.3491425079999857,1.0,1.0,1.0,-1.0,-1.0,1.0,-1.0
2013-03-27,64.58279256,-1.2937129920000103,-1.0,1.0,1.0,1.0,-1.0,-1.0,-1.0
2013-03-28,63.23707962000001,-1.3457129399999914,-1.0,-1.0,1.0,1.0,1.0,-1.0,1.0
2013-04-02,61.398795744000005,0.12599987399999435,-1.0,-1.0,-1.0,1.0,1.0,1.0,1.0
2013-04-03,61.71279543000001,0.3139996860000025,1.0,-1.0,-1.0,-1.0,1.0,1.0,-1.0
2013-04-04,61.10279604000001,-0.6099993899999987,1.0,1.0,-1.0,-1.0,-1.0,1.0,1.0
2013-04-05,60.4570824,-0.645713640000011,-1.0,1.0,1.0,-1.0,-1.0,-1.0,-1.0
2013-04-08,60.88708197,0.42999956999999966,-1.0,-1.0,1.0,1.0,-1.0,-1.0,1.0
2013-04-09,60.99708186000001,0.10999989000001165,1.0,-1.0,-1.0,1.0,1.0,-1.0,1.0
2013-04-10,62.241366330000005,1.2442844699999966,1.0,1.0,-1.0,-1.0,1.0,1.0,1.0
2013-04-11,62.04708081,-0.1942855200000082,1.0,1.0,1.0,-1.0,-1.0,1.0,-1.0
2013-04-12,61.399938600000006,-0.6471422099999913,-1.0,1.0,1.0,1.0,-1.0,-1.0,-1.0
2013-04-15,59.978511450000006,-1.4214271499999995,-1.0,-1.0,1.0,1.0,1.0,-1.0,1.0
2013-04-16,60.89136768000001,0.9128562300000027,-1.0,-1.0,-1.0,1.0,1.0,1.0,1.0
2013-04-17,57.54279960000001,-3.3485680799999997,1.0,-1.0,-1.0,-1.0,1.0,1.0,-1.0
2013-04-18,56.00708685000001,-1.5357127500000018,-1.0,1.0,-1.0,-1.0,-1.0,1.0,1.0
2013-04-19,55.78994421,-0.21714264000000583,-1.0,-1.0,1.0,-1.0,-1.0,-1.0,-1.0
2013-04-22,56.952800190000005,1.1628559800000033,-1.0,-1.0,-1.0,1.0,-1.0,-1.0,1.0
2013-04-23,58.01851341,1.0657132199999921,1.0,-1.0,-1.0,-1.0,1.0,-1.0,-1.0
2013-04-24,57.923084934,-0.09542847599999504,1.0,1.0,-1.0,-1.0,-1.0,1.0,1.0
2013-04-25,58.33994166,0.4168567259999989,-1.0,1.0,1.0,-1.0,-1.0,-1.0,-1.0
2013-04-26,59.600654685,1.2607130250000012,1.0,-1.0,1.0,1.0,-1.0,-1.0,1.0
2013-04-29,61.44565284000001,1.844998155000006,1.0,1.0,-1.0,1.0,1.0,-1.0,1.0
2013-04-30,63.25422246,1.808569619999993,1.0,1.0,1.0,-1.0,1.0,1.0,1.0
2013-05-01,62.75565153000001,-0.49857092999999253,1.0,1.0,1.0,1.0,-1.0,1.0,1.0
2013-05-02,63.64565064,0.8899991099999909,-1.0,1.0,1.0,1.0,1.0,-1.0,1.0
2013-05-03,64.28279286000001,0.6371422200000154,1.0,-1.0,1.0,1.0,1.0,1.0,-1.0
2013-05-06,65.81564847,1.5328556099999844,1.0,1.0,-1.0,1.0,1.0,1.0,1.0
2013-05-07,65.522505906,-0.29314256399999294,1.0,1.0,1.0,-1.0,1.0,1.0,1.0
2013-05-08,66.26279088,0.7402849739999908,-1.0,1.0,1.0,1.0,-1.0,1.0,-1.0
2013-05-09,65.25279189,-1.0099989899999997,1.0,-1.0,1.0,1.0,1.0,-1.0,1.0
2013-05-10,64.70993529,-0.5428565999999933,-1.0,1.0,-1.0,1.0,1.0,1.0,-1.0
2013-05-13,64.96279218000001,0.2528568900000039,-1.0,-1.0,1.0,-1.0,1.0,1.0,-1.0
2013-05-14,63.408508020000006,-1.5542841600000017,1.0,-1.0,-1.0,1.0,-1.0,1.0,1.0
2013-05-15,61.26422445000001,-2.144283569999999,-1.0,1.0,-1.0,-1.0,1.0,-1.0,-1.0
2013-05-16,62.082509346,0.8182848959999944,-1.0,-1.0,1.0,-1.0,-1.0,1.0,1.0
2013-05-17,61.89422382,-0.18828552600000137,1.0,-1.0,-1.0,1.0,-1.0,-1.0,1.0
2013-05-20,63.27565101,1.3814271899999966,-1.0,1.0,-1.0,-1.0,1.0,-1.0,-1.0
2013-05-21,62.80850862000001,-0.46714238999998514,1.0,-1.0,1.0,-1.0,-1.0,1.0,1.0
2013-05-22,63.050508378,0.24199975799999152,-1.0,1.0,-1.0,1.0,-1.0,-1.0,-1.0
2013-05-23,63.16279398,0.11228560199999293,1.0,-1.0,1.0,-1.0,1.0,-1.0,-1.0
2013-05-24,63.59279355,0.42999957000000677,1.0,1.0,-1.0,1.0,-1.0,1.0,1.0
2013-05-29,63.564222150000006,0.501570926999996,1.0,1.0,1.0,-1.0,1.0,-1.0,-1.0
2013-05-30,64.51136406,0.9471419099999991,1.0,1.0,1.0,1.0,-1.0,1.0,1.0
2013-05-31,64.247792895,-0.2635711650000019,1.0,1.0,1.0,1.0,1.0,-1.0,1.0
2013-06-03,64.38850704000001,0.140714145000004,-1.0,1.0,1.0,1.0,1.0,1.0,1.0
2013-06-04,64.18707867,-0.20142837000000213,1.0,-1.0,1.0,1.0,1.0,1.0,-1.0
2013-06-05,63.58707927,-0.5999994000000086,-1.0,1.0,-1.0,1.0,1.0,1.0,-1.0
2013-06-06,62.63708022,-0.9499990499999953,-1.0,-1.0,1.0,-1.0,1.0,1.0,-1.0
2013-06-07,63.115794027,0.4787138069999983,-1.0,-1.0,-1.0,1.0,-1.0,1.0,1.0
2013-06-10,62.69850873,-0.4172852969999994,1.0,-1.0,-1.0,-1.0,1.0,-1.0,-1.0
2013-06-11,62.51422320000001,-0.1842855299999897,-1.0,1.0,-1.0,-1.0,-1.0,1.0,1.0
2013-06-12,61.74136683,-0.7728563700000137,-1.0,-1.0,1.0,-1.0,-1.0,-1.0,-1.0
2013-06-13,62.280652005,0.5392851750000034,-1.0,-1.0,-1.0,1.0,-1.0,-1.0,1.0
2013-06-14,61.43565285,-0.8449991550000036,1.0,-1.0,-1.0,-1.0,1.0,-1.0,-1.0
2013-06-17,61.714224,0.27857115000000476,-1.0,1.0,-1.0,-1.0,-1.0,1.0,1.0
2013-06-18,61.68136689,-0.03285711000000191,1.0,-1.0,1.0,-1.0,-1.0,-1.0,-1.0
2013-06-19,60.42851100000001,-1.2528558899999922,-1.0,1.0,-1.0,1.0,-1.0,-1.0,-1.0
2013-06-20,59.548226166000006,-0.8802848340000011,-1.0,-1.0,1.0,-1.0,1.0,-1.0,-1.0
2013-06-21,59.0713695,-0.4768566660000033,-1.0,-1.0,-1.0,1.0,-1.0,1.0,1.0
2013-06-24,57.50565678000001,-1.5657127199999934,-1.0,-1.0,-1.0,-1.0,1.0,-1.0,-1.0
2013-06-25,57.51851391,0.012857129999993333,-1.0,-1.0,-1.0,-1.0,-1.0,1.0,1.0
2013-06-26,56.86708599000001,-0.6514279199999962,1.0,-1.0,-1.0,-1.0,-1.0,-1.0,-1.0
2013-06-27,56.25422946,-0.6128565300000091,-1.0,1.0,-1.0,-1.0,-1.0,-1.0,-1.0
2013-06-28,56.64708621,0.39285675,-1.0,-1.0,1.0,-1.0,-1.0,-1.0,-1.0
2013-07-01,58.45994154000001,1.812855330000012,1.0,-1.0,-1.0,1.0,-1.0,-1.0,1.0
2013-07-02,59.784225930000005,1.3242843899999954,1.0,1.0,-1.0,-1.0,1.0,-1.0,1.0
2013-07-03,60.114225600000005,0.3299996699999994,1.0,1.0,1.0,-1.0,-1.0,1.0,-1.0
2013-07-08,59.29279785000001,-0.3385710900000021,1.0,1.0,1.0,1.0,-1.0,-1.0,1.0
2013-07-09,60.33565395000001,1.0428561000000016,-1.0,1.0,1.0,1.0,1.0,-1.0,1.0
2013-07-10,60.10422561000001,-0.2314283400000008,1.0,-1.0,1.0,1.0,1.0,1.0,-1.0
2013-07-11,61.04108181600001,0.9368562060000016,-1.0,1.0,-1.0,1.0,1.0,1.0,-1.0
2013-07-12,60.92993907,-0.11114274600000584,1.0,-1.0,1.0,-1.0,1.0,1.0,-1.0
2013-07-15,61.062796080000005,0.13285701000000216,-1.0,1.0,-1.0,1.0,-1.0,1.0,1.0
2013-07-16,61.456367115000006,0.3935710350000008,1.0,-1.0,1.0,-1.0,1.0,-1.0,-1.0
2013-07-17,61.47279567,0.016428554999990297,1.0,1.0,-1.0,1.0,-1.0,1.0,1.0
2013-07-18,61.679652606000005,0.20685693600000832,1.0,1.0,1.0,-1.0,1.0,-1.0,-1.0
2013-07-19,60.707082150000005,-0.9725704559999997,1.0,1.0,1.0,1.0,-1.0,1.0,1.0
2013-07-22,60.901367670000006,0.1942855200000011,-1.0,1.0,1.0,1.0,1.0,-1.0,1.0
2013-07-23,59.85565443000001,-1.0457132399999978,1.0,-1.0,1.0,1.0,1.0,1.0,-1.0
2013-07-24,62.92993707,3.0742826399999927,-1.0,1.0,-1.0,1.0,1.0,1.0,-1.0
2013-07-25,62.64279450000001,-0.2871425699999932,1.0,-1.0,1.0,-1.0,1.0,1.0,-1.0
2013-07-26,62.99850843000001,0.3557139300000003,-1.0,1.0,-1.0,1.0,-1.0,1.0,1.0
2013-07-29,63.96993603000001,0.9714275999999984,1.0,-1.0,1.0,-1.0,1.0,-1.0,-1.0
2013-07-30,64.75993524,0.7899992099999977,1.0,1.0,-1.0,1.0,-1.0,1.0,1.0
2013-07-31,64.64707821,-0.11285703000000069,1.0,1.0,1.0,-1.0,1.0,-1.0,-1.0
2013-08-01,65.23936333200001,0.5922851220000069,-1.0,1.0,1.0,1.0,-1.0,1.0,-1.0
2013-08-02,66.07707678000001,0.8377134480000024,1.0,-1.0,1.0,1.0,1.0,-1.0,1.0
2013-08-05,67.06421865,0.9871418699999879,1.0,1.0,-1.0,1.0,1.0,1.0,1.0
2013-08-06,66.46421925,-0.5999994000000015,1.0,1.0,1.0,-1.0,1.0,1.0,1.0
2013-08-07,66.42564786000001,-0.038571389999987105,-1.0,1.0,1.0,1.0,-1.0,1.0,-1.0
2013-08-08,65.85850557,-0.5671422900000067,-1.0,-1.0,1.0,1.0,1.0,-1.0,1.0
2013-08-09,64.92136365,-0.937141920000002,-1.0,-1.0,-1.0,1.0,1.0,1.0,1.0
2013-08-12,66.76564752,1.8442838699999982,-1.0,-1.0,-1.0,-1.0,1.0,1.0,1.0
2013-08-13,69.93850149000001,3.1728539700000056,1.0,-1.0,-1.0,-1.0,-1.0,1.0,1.0
2013-08-14,71.21421450000001,1.275713010000004,1.0,1.0,-1.0,-1.0,-1.0,-1.0,1.0
2013-08-15,71.12992887000001,-0.08428562999999656,1.0,1.0,1.0,-1.0,-1.0,-1.0,-1.0
2013-08-16,71.76135681000001,0.6314279399999947,-1.0,1.0,1.0,1.0,-1.0,-1.0,-1.0
2013-08-19,72.53421318000001,0.7728563699999995,1.0,-1.0,1.0,1.0,1.0,-1.0,1.0
2013-08-20,71.58135699,-0.9528561900000057,1.0,1.0,-1.0,1.0,1.0,1.0,1.0
2013-08-21,71.76564252000001,0.18428553000001102,-1.0,1.0,1.0,-1.0,1.0,1.0,1.0
2013-08-22,71.85135672,0.08571419999998398,1.0,-1.0,1.0,1.0,-1.0,1.0,1.0
2013-08-23,71.57421414000001,-0.2771425799999889,1.0,1.0,-1.0,1.0,1.0,-1.0,1.0
2013-08-26,71.85278529000001,0.27857115000000476,-1.0,1.0,1.0,-1.0,1.0,1.0,1.0
2013-08-27,69.79850163,-2.05428366000001,1.0,-1.0,1.0,1.0,-1.0,1.0,1.0
2013-08-28,70.12792987200001,0.32942824200000587,-1.0,1.0,-1.0,1.0,1.0,-1.0,1.0
2013-08-29,70.2427869,0.11485702799998876,1.0,-1.0,1.0,-1.0,1.0,1.0,-1.0
2013-08-30,69.60221611200001,-0.6405707879999909,1.0,1.0,-1.0,1.0,-1.0,1.0,1.0
2013-09-04,71.241500187,1.4444271269999973,-1.0,1.0,1.0,-1.0,1.0,-1.0,-1.0
2013-09-05,70.75278639,-0.4887137970000026,1.0,-1.0,1.0,1.0,-1.0,1.0,1.0
2013-09-06,71.17421454000001,0.4214281500000112,-1.0,1.0,-1.0,1.0,1.0,-1.0,1.0
2013-09-09,72.30992769000001,1.1357131500000008,1.0,-1.0,1.0,-1.0,1.0,1.0,-1.0
2013-09-10,70.66278648000001,-1.647141210000001,1.0,1.0,-1.0,1.0,-1.0,1.0,1.0
2013-09-11,66.81564747,-3.8471390100000065,-1.0,1.0,1.0,-1.0,1.0,-1.0,-1.0
2013-09-12,67.52707533,0.7114278600000006,-1.0,-1.0,1.0,1.0,-1.0,1.0,1.0
2013-09-13,66.4142193,-1.1128560300000032,1.0,-1.0,-1.0,1.0,1.0,-1.0,1.0
2013-09-16,64.30279284000001,-2.11142645999999,-1.0,1.0,-1.0,-1.0,1.0,1.0,1.0
2013-09-17,65.04564924,0.7428563999999938,-1.0,-1.0,1.0,-1.0,-1.0,1.0,1.0
2013-09-18,66.38279076,1.337141520000003,1.0,-1.0,-1.0,1.0,-1.0,-1.0,1.0
2013-09-19,67.47136110000001,1.088570340000004,1.0,1.0,-1.0,-1.0,1.0,-1.0,1.0
2013-09-20,66.77279037000001,-0.6985707300000001,1.0,1.0,1.0,-1.0,-1.0,1.0,-1.0
2013-09-23,70.09135848000001,3.318568110000001,-1.0,1.0,1.0,1.0,-1.0,-1.0,-1.0
2013-09-24,69.87135870000002,-0.21999977999999487,1.0,-1.0,1.0,1.0,1.0,-1.0,1.0
2013-09-25,68.78993121,-1.08142749000001,-1.0,1.0,-1.0,1.0,1.0,1.0,-1.0
2013-09-26,69.45993054000002,0.6699993300000102,-1.0,-1.0,1.0,-1.0,1.0,1.0,-1.0
2013-09-27,68.96421675,-0.4957137900000106,1.0,-1.0,-1.0,1.0,-1.0,1.0,1.0
2013-09-30,68.10707475000001,-0.8571419999999961,-1.0,1.0,-1.0,-1.0,1.0,-1.0,-1.0
2013-10-01,69.70850172,1.6014269699999915,-1.0,-1.0,1.0,-1.0,-1.0,1.0,1.0
2013-10-02,69.93707292,0.22857120000000464,1.0,-1.0,-1.0,1.0,-1.0,-1.0,1.0
2013-10-03,69.05850237000001,-0.8785705499999921,1.0,1.0,-1.0,-1.0,1.0,-1.0,1.0
2013-10-04,69.00421671000001,-0.05428566000000501,-1.0,1.0,1.0,-1.0,-1.0,1.0,-1.0
2013-10-07,69.67850175000001,0.6742850400000009,-1.0,-1.0,1.0,1.0,-1.0,-1.0,1.0
2013-10-08,68.70564558000001,-0.97285617,1.0,-1.0,-1.0,1.0,1.0,-1.0,1.0
2013-10-09,69.512501916,0.8068563359999956,-1.0,1.0,-1.0,-1.0,1.0,1.0,1.0
2013-10-10,69.948215766,0.43571384999999907,1.0,-1.0,1.0,-1.0,-1.0,1.0,1.0
2013-10-11,70.40164388400001,0.45342811800000504,1.0,1.0,-1.0,1.0,-1.0,-1.0,1.0
2013-10-14,70.86278628000001,0.4611423959999996,1.0,1.0,1.0,-1.0,1.0,-1.0,-1.0
2013-10-15,71.23992876000001,0.3771424800000034,1.0,1.0,1.0,1.0,-1.0,1.0,1.0
2013-10-16,71.587642698,0.34771393799998407,1.0,1.0,1.0,1.0,1.0,-1.0,1.0
2013-10-17,72.07135650000001,0.48371380200001113,1.0,1.0,1.0,1.0,1.0,1.0,1.0
2013-10-18,72.69849873,0.6271422299999898,1.0,1.0,1.0,1.0,1.0,1.0,1.0
2013-10-21,74.480211234,1.781712503999998,1.0,1.0,1.0,1.0,1.0,1.0,1.0
2013-10-22,74.2667114475,-0.21349978649999457,1.0,1.0,1.0,1.0,1.0,1.0,1.0
2013-10-23,74.99421072000001,0.7274992725000118,-1.0,1.0,1.0,1.0,1.0,1.0,1.0
2013-10-24,75.98706687,0.9928561499999944,1.0,-1.0,1.0,1.0,1.0,1.0,-1.0
2013-10-25,75.136782006,-0.8502848640000025,1.0,1.0,-1.0,1.0,1.0,1.0,1.0
2013-10-28,75.696495732,0.5597137259999982,-1.0,1.0,1.0,-1.0,1.0,1.0,1.0
2013-10-29,73.811069046,-1.8854266860000024,1.0,-1.0,1.0,1.0,-1.0,1.0,1.0
2013-10-30,74.985067872,1.1739988260000018,-1.0,1.0,-1.0,1.0,1.0,-1.0,1.0
2013-10-31,74.671639614,-0.31342825800000185,1.0,-1.0,1.0,-1.0,1.0,1.0,-1.0
2013-11-01,74.28992571,-0.3817139039999944,-1.0,1.0,-1.0,1.0,-1.0,1.0,1.0
2013-11-04,75.24992475,0.9599990399999996,-1.0,-1.0,1.0,-1.0,1.0,-1.0,-1.0
2013-11-05,75.064067793,-0.1858569569999986,1.0,-1.0,-1.0,1.0,-1.0,1.0,1.0
2013-11-06,74.41706844,-0.6469993530000124,-1.0,1.0,-1.0,-1.0,1.0,-1.0,-1.0
2013-11-07,73.213069644,-1.2039987959999934,-1.0,-1.0,1.0,-1.0,-1.0,1.0,1.0
2013-11-08,74.36563991999999,1.1525702759999916,-1.0,-1.0,-1.0,1.0,-1.0,-1.0,1.0
2013-11-11,74.149640136,-0.2159997839999903,1.0,-1.0,-1.0,-1.0,1.0,-1.0,-1.0
2013-11-12,74.28706857,0.13742843400000027,-1.0,1.0,-1.0,-1.0,-1.0,1.0,1.0
2013-11-13,74.376211338,0.08914276800000209,1.0,-1.0,1.0,-1.0,-1.0,-1.0,-1.0
2013-11-14,75.45135312000001,1.0751417820000029,1.0,1.0,-1.0,1.0,-1.0,-1.0,1.0
2013-11-15,74.998639287,-0.45271383300000423,1.0,1.0,1.0,-1.0,1.0,-1.0,-1.0
2013-11-18,74.089783053,-0.9088562339999982,-1.0,1.0,1.0,1.0,-1.0,1.0,-1.0
2013-11-19,74.22135435,0.1315712969999936,-1.0,-1.0,1.0,1.0,1.0,-1.0,1.0
2013-11-20,73.57135500000001,-0.6499993499999874,1.0,-1.0,-1.0,1.0,1.0,1.0,1.0
2013-11-21,74.447925552,0.8765705519999898,-1.0,1.0,-1.0,-1.0,1.0,1.0,1.0
2013-11-22,74.2570686,-0.1908569520000043,1.0,-1.0,1.0,-1.0,-1.0,1.0,1.0
2013-11-25,74.81992518000001,0.562856580000016,-1.0,1.0,-1.0,1.0,-1.0,-1.0,-1.0
2013-11-26,76.19992380000001,1.379998619999995,1.0,-1.0,1.0,-1.0,1.0,-1.0,-1.0
2013-11-27,77.99420772,1.794283919999998,1.0,1.0,-1.0,1.0,-1.0,1.0,1.0
2013-12-02,78.74706411000001,-0.6914278800000062,1.0,1.0,1.0,-1.0,1.0,-1.0,-1.0
2013-12-03,80.90306195400001,2.155997843999998,-1.0,1.0,1.0,1.0,-1.0,1.0,-1.0
2013-12-04,80.714205,-0.18885695400000202,1.0,-1.0,1.0,1.0,1.0,-1.0,1.0
2013-12-05,81.128633157,0.41442815699998903,-1.0,1.0,-1.0,1.0,1.0,1.0,-1.0
2013-12-06,80.00277714,-1.1258560169999896,1.0,-1.0,1.0,-1.0,1.0,1.0,-1.0
2013-12-09,80.91849051,0.9157133699999918,-1.0,1.0,-1.0,1.0,-1.0,1.0,1.0
2013-12-10,80.79277635,-0.12571416000000113,1.0,-1.0,1.0,-1.0,1.0,-1.0,-1.0
2013-12-11,80.19420552000001,-0.5985708299999857,-1.0,1.0,-1.0,1.0,-1.0,1.0,1.0
2013-12-12,80.07706278,-0.11714274000000557,-1.0,-1.0,1.0,-1.0,1.0,-1.0,-1.0
2013-12-13,79.20420651,-0.8728562699999998,-1.0,-1.0,-1.0,1.0,-1.0,1.0,1.0
2013-12-16,79.64277750000001,0.4385709900000023,-1.0,-1.0,-1.0,-1.0,1.0,-1.0,-1.0
2013-12-17,79.28420643000001,-0.35857106999999644,1.0,-1.0,-1.0,-1.0,-1.0,1.0,1.0
2013-12-18,78.68134989,-0.6028565400000048,-1.0,1.0,-1.0,-1.0,-1.0,-1.0,-1.0
2013-12-19,77.77992222000002,-0.9014276699999897,-1.0,-1.0,1.0,-1.0,-1.0,-1.0,-1.0
2013-12-20,78.43135014,0.6514279199999891,-1.0,-1.0,-1.0,1.0,-1.0,-1.0,1.0
2013-12-23,81.44134713000001,3.0099969900000048,1.0,-1.0,-1.0,-1.0,1.0,-1.0,-1.0
2013-12-24,81.09563319,-0.3457139400000102,1.0,1.0,-1.0,-1.0,-1.0,1.0,1.0
2013-12-27,80.01277713000002,-0.5442851699999807,-1.0,1.0,1.0,-1.0,-1.0,-1.0,-1.0
2013-12-30,79.21706364,-0.7957134900000113,-1.0,-1.0,1.0,1.0,-1.0,-1.0,1.0
2013-12-31,80.14563414,0.9285704999999922,-1.0,-1.0,-1.0,1.0,1.0,-1.0,1.0
2014-01-03,77.28277986,-1.7357125500000024,1.0,-1.0,-1.0,-1.0,1.0,1.0,-1.0
2014-01-06,77.70420801,0.421428149999997,-1.0,1.0,-1.0,-1.0,-1.0,1.0,1.0
2014-01-07,77.14813713750002,-0.556070872499987,1.0,-1.0,1.0,-1.0,-1.0,-1.0,-1.0
2014-01-08,77.63706522000001,0.48892808249999575,-1.0,1.0,-1.0,1.0,-1.0,-1.0,-1.0
2014-01-09,76.645494783,-0.9915704370000071,1.0,-1.0,1.0,-1.0,1.0,-1.0,-1.0
2014-01-10,76.13420958000002,-0.5112852029999857,-1.0,1.0,-1.0,1.0,-1.0,1.0,1.0
2014-01-13,76.53278061,0.39857102999998517,-1.0,-1.0,1.0,-1.0,1.0,-1.0,-1.0
2014-01-14,78.05563623,1.5228556200000014,1.0,-1.0,-1.0,1.0,-1.0,1.0,1.0
2014-01-15,79.62277752000001,1.5671412900000092,1.0,1.0,-1.0,-1.0,1.0,-1.0,1.0
2014-01-16,79.17849225,-0.44428527000000884,1.0,1.0,1.0,-1.0,-1.0,1.0,-1.0
2014-01-17,77.23849419,-1.9399980600000077,-1.0,1.0,1.0,1.0,-1.0,-1.0,-1.0
2014-01-22,78.78706407,0.34857107999998505,-1.0,-1.0,1.0,1.0,1.0,-1.0,1.0
2014-01-23,79.45420625999999,0.6671421899999928,1.0,-1.0,-1.0,1.0,1.0,1.0,1.0
2014-01-24,78.00992199000001,-1.444284269999983,1.0,1.0,-1.0,-1.0,1.0,1.0,1.0
2014-01-27,78.6427785,0.6328565099999963,-1.0,1.0,1.0,-1.0,-1.0,1.0,-1.0
2014-01-28,72.3570705,-6.285708,1.0,-1.0,1.0,1.0,-1.0,-1.0,1.0
2014-01-29,71.53564275000001,-0.821427749999998,-1.0,1.0,-1.0,1.0,1.0,-1.0,1.0
2014-01-30,71.397357174,-0.13828557600000124,-1.0,-1.0,1.0,-1.0,1.0,1.0,-1.0
2014-01-31,71.51421420000001,0.11685702600000525,-1.0,-1.0,-1.0,1.0,-1.0,1.0,1.0
2014-02-03,71.64707121,0.13285700999998085,1.0,-1.0,-1.0,-1.0,1.0,-1.0,-1.0
2014-02-04,72.68421303000001,1.0371418200000164,1.0,1.0,-1.0,-1.0,-1.0,1.0,1.0
2014-02-05,73.22706963000002,0.5428566000000075,1.0,1.0,1.0,-1.0,-1.0,-1.0,-1.0
2014-02-06,73.21564107,-0.011428560000013022,1.0,1.0,1.0,1.0,-1.0,-1.0,1.0
2014-02-07,74.23992576,1.0242846900000018,-1.0,1.0,1.0,1.0,1.0,-1.0,1.0
2014-02-10,75.56992443000001,1.329998670000009,1.0,-1.0,1.0,1.0,1.0,1.0,-1.0
2014-02-11,76.56563772000001,0.9957132899999976,1.0,1.0,-1.0,1.0,1.0,1.0,1.0
2014-02-12,76.55992344,-0.005714280000006511,1.0,1.0,1.0,-1.0,1.0,1.0,1.0
2014-02-13,77.77563651,1.2157130699999925,-1.0,1.0,1.0,1.0,-1.0,1.0,-1.0
2014-02-14,77.71277943000001,-0.06285707999998635,1.0,-1.0,1.0,1.0,1.0,-1.0,1.0
2014-02-19,76.76706609,-1.2314273400000104,-1.0,1.0,-1.0,1.0,1.0,1.0,-1.0
2014-02-20,75.87849555,-0.8885705400000035,-1.0,-1.0,1.0,-1.0,1.0,1.0,-1.0
2014-02-21,75.03563925,-0.842856299999994,-1.0,-1.0,-1.0,1.0,-1.0,1.0,1.0
2014-02-24,75.36421035,0.3285710999999907,-1.0,-1.0,-1.0,-1.0,1.0,-1.0,-1.0
2014-02-25,74.57992542,-0.7842849299999983,1.0,-1.0,-1.0,-1.0,-1.0,1.0,1.0
2014-02-26,73.90706895000001,-0.672856469999985,-1.0,1.0,-1.0,-1.0,-1.0,-1.0,-1.0
2014-02-27,75.38135319,1.4742842399999887,-1.0,-1.0,1.0,-1.0,-1.0,-1.0,-1.0
2014-02-28,75.17706768000001,-0.20428550999999118,1.0,-1.0,-1.0,1.0,-1.0,-1.0,1.0
2014-03-03,75.39421032,0.21714263999999162,-1.0,1.0,-1.0,-1.0,1.0,-1.0,-1.0
2014-03-04,75.89135268000001,0.4971423600000122,1.0,-1.0,1.0,-1.0,-1.0,1.0,1.0
2014-03-05,76.05135252000001,0.15999983999999756,1.0,1.0,-1.0,1.0,-1.0,-1.0,1.0
2014-03-06,75.82135275,-0.22999977000000627,1.0,1.0,1.0,-1.0,1.0,-1.0,-1.0
2014-03-07,75.77706708000001,-0.044285669999993615,-1.0,1.0,1.0,1.0,-1.0,1.0,-1.0
2014-03-10,75.84563844,0.06857135999999286,-1.0,-1.0,1.0,1.0,1.0,-1.0,1.0
2014-03-11,76.58420913,0.7385706900000031,1.0,-1.0,-1.0,1.0,1.0,1.0,1.0
2014-03-12,76.65849477,0.07428563999999938,1.0,1.0,-1.0,-1.0,1.0,1.0,1.0
2014-03-13,75.80706705,-0.8514277200000038,1.0,1.0,1.0,-1.0,-1.0,1.0,-1.0
2014-03-14,74.95563933000001,-0.8514277199999896,-1.0,1.0,1.0,1.0,-1.0,-1.0,-1.0
2014-03-17,75.24849618,0.2928568499999926,-1.0,-1.0,1.0,1.0,1.0,-1.0,1.0
2014-03-18,75.91420980000001,0.6657136200000053,1.0,-1.0,-1.0,1.0,1.0,1.0,1.0
2014-03-19,75.89420982,-0.019999980000008577,1.0,1.0,-1.0,-1.0,1.0,1.0,1.0
2014-03-20,75.52849590000001,-0.36571391999999037,-1.0,1.0,1.0,-1.0,-1.0,1.0,-1.0
2014-03-21,76.12420959,0.5957136899999966,-1.0,-1.0,1.0,1.0,-1.0,-1.0,1.0
2014-03-24,77.02706583000001,0.9028562400000055,1.0,-1.0,-1.0,1.0,1.0,-1.0,1.0
2014-03-25,77.85563643,0.8285705999999919,1.0,1.0,-1.0,-1.0,1.0,1.0,1.0
2014-03-26,77.11135146000001,-0.7442849699999954,1.0,1.0,1.0,-1.0,-1.0,1.0,-1.0
2014-03-27,76.77992322000001,-0.33142823999999393,-1.0,1.0,1.0,1.0,-1.0,-1.0,-1.0
2014-03-28,76.69420902,-0.0857142000000124,-1.0,-1.0,1.0,1.0,1.0,-1.0,1.0
2014-03-31,76.67706618000001,-0.01714283999999111,-1.0,-1.0,-1.0,1.0,1.0,1.0,1.0
2014-04-01,77.37849405,0.7014278699999892,-1.0,-1.0,-1.0,-1.0,1.0,1.0,1.0
2014-04-02,77.50706535,0.12857130000000438,1.0,-1.0,-1.0,-1.0,-1.0,1.0,1.0
2014-04-03,76.96992303,-0.537142320000001,1.0,1.0,-1.0,-1.0,-1.0,-1.0,1.0
2014-04-04,75.97420974000002,-0.9957132899999834,-1.0,1.0,1.0,-1.0,-1.0,-1.0,-1.0
2014-04-07,74.78135379000001,-1.192855950000009,-1.0,-1.0,1.0,1.0,-1.0,-1.0,1.0
2014-04-08,74.77706808000002,-0.004285709999990672,-1.0,-1.0,-1.0,1.0,1.0,-1.0,1.0
2014-04-09,75.75992424000002,0.9828561599999972,-1.0,-1.0,-1.0,-1.0,1.0,1.0,1.0
2014-04-10,74.78278236000001,-0.9771418800000049,1.0,-1.0,-1.0,-1.0,-1.0,1.0,1.0
2014-04-11,74.22992577000001,-0.5528565900000046,-1.0,1.0,-1.0,-1.0,-1.0,-1.0,-1.0
2014-04-14,74.52563976,0.2957139899999959,-1.0,-1.0,1.0,-1.0,-1.0,-1.0,-1.0
2014-04-15,73.9941974343,-0.5314423256999987,1.0,-1.0,-1.0,1.0,-1.0,-1.0,1.0
2014-04-16,74.14421157000001,0.15001413570000466,-1.0,1.0,-1.0,-1.0,1.0,-1.0,-1.0
2014-04-17,74.99135358000001,0.8471420099999989,1.0,-1.0,1.0,-1.0,-1.0,1.0,1.0
2014-04-22,75.956924043,0.07557135300000084,1.0,1.0,-1.0,1.0,-1.0,-1.0,1.0
2014-04-23,74.96421075,-0.9927132929999942,1.0,1.0,1.0,-1.0,1.0,-1.0,-1.0
2014-04-24,81.10991889,6.145708139999996,-1.0,1.0,1.0,1.0,-1.0,1.0,-1.0
2014-04-25,81.70563258000001,0.5957136900000108,1.0,-1.0,1.0,1.0,1.0,-1.0,1.0
2014-04-28,84.86991513000001,3.164282549999996,1.0,1.0,-1.0,1.0,1.0,1.0,1.0
2014-04-29,84.61848681000001,-0.25142832000000226,1.0,1.0,1.0,-1.0,1.0,1.0,1.0
2014-04-30,84.29848713000001,-0.3199996799999951,-1.0,1.0,1.0,1.0,-1.0,1.0,-1.0
2014-05-01,84.49705836000001,0.19857122999999888,-1.0,-1.0,1.0,1.0,1.0,-1.0,1.0
2014-05-02,84.65420106000002,0.15714270000000852,1.0,-1.0,-1.0,1.0,1.0,1.0,1.0
2014-05-05,85.85134272,1.1971416599999856,1.0,1.0,-1.0,-1.0,1.0,1.0,1.0
2014-05-06,84.91562937,-0.9357133500000003,1.0,1.0,1.0,-1.0,-1.0,1.0,-1.0
2014-05-07,84.61848681000001,-0.2971425599999975,-1.0,1.0,1.0,1.0,-1.0,-1.0,-1.0
2014-05-08,83.99848743000001,-0.6199993799999959,-1.0,-1.0,1.0,1.0,1.0,-1.0,1.0
2014-05-09,83.6488449225,-0.3496425075000076,-1.0,-1.0,-1.0,1.0,1.0,1.0,1.0
2014-05-12,84.68991531000002,1.0410703875000138,-1.0,-1.0,-1.0,-1.0,1.0,1.0,1.0
2014-05-13,84.82277232000001,0.13285700999999506,1.0,-1.0,-1.0,-1.0,-1.0,1.0,1.0
2014-05-14,84.83848659,0.015714269999989483,1.0,1.0,-1.0,-1.0,-1.0,-1.0,1.0
2014-05-15,84.11705874000002,-0.7214278499999836,1.0,1.0,1.0,-1.0,-1.0,-1.0,-1.0
2014-05-16,85.35848607000001,1.2414273299999934,-1.0,1.0,1.0,1.0,-1.0,-1.0,-1.0
2014-05-19,86.36991363000001,1.0114275600000013,1.0,-1.0,1.0,1.0,1.0,-1.0,1.0
2014-05-20,86.38705647000002,0.01714284000000532,1.0,1.0,-1.0,1.0,1.0,1.0,1.0
2014-05-21,86.61562767,0.22857119999997622,1.0,1.0,1.0,-1.0,1.0,1.0,1.0
2014-05-22,86.75277039000001,0.13714272000001415,1.0,1.0,1.0,1.0,-1.0,1.0,1.0
2014-05-23,87.73276941,0.979999019999994,1.0,1.0,1.0,1.0,1.0,-1.0,1.0
2014-05-28,89.14419657,-0.2314283400000079,1.0,1.0,1.0,1.0,1.0,1.0,1.0
2014-05-29,90.76848066,1.624284089999989,-1.0,1.0,1.0,1.0,1.0,1.0,1.0
2014-05-30,90.428481,-0.3399996599999895,1.0,-1.0,1.0,1.0,1.0,1.0,-1.0
2014-06-02,89.80705305000001,-0.6214279499999975,-1.0,1.0,-1.0,1.0,1.0,1.0,-1.0
2014-06-03,91.07705178,1.2699987299999975,-1.0,-1.0,1.0,-1.0,1.0,1.0,-1.0
2014-06-04,92.11705074,1.0399989599999913,1.0,-1.0,-1.0,1.0,-1.0,1.0,1.0
2014-06-05,92.47847895,0.3614282099999997,1.0,1.0,-1.0,-1.0,1.0,-1.0,1.0
2014-06-06,92.22419349000002,-0.2542854599999771,1.0,1.0,1.0,-1.0,-1.0,1.0,-1.0
2014-06-09,93.7,1.475806509999984,-1.0,1.0,1.0,1.0,-1.0,-1.0,-1.0
2014-06-10,94.25,0.5499999999999972,1.0,-1.0,1.0,1.0,1.0,-1.0,1.0
2014-06-11,93.86,-0.39000000000000057,1.0,1.0,-1.0,1.0,1.0,1.0,1.0
2014-06-12,92.29,-1.5699999999999932,-1.0,1.0,1.0,-1.0,1.0,1.0,1.0
2014-06-13,91.28,-1.0100000000000051,-1.0,-1.0,1.0,1.0,-1.0,1.0,1.0
2014-06-16,92.2,0.9200000000000017,-1.0,-1.0,-1.0,1.0,1.0,-1.0,1.0
2014-06-17,92.08,-0.12000000000000455,1.0,-1.0,-1.0,-1.0,1.0,1.0,-1.0
2014-06-18,92.18,0.10000000000000853,-1.0,1.0,-1.0,-1.0,-1.0,1.0,1.0
2014-06-19,91.86,-0.3200000000000074,1.0,-1.0,1.0,-1.0,-1.0,-1.0,-1.0
2014-06-20,90.91,-0.9500000000000028,-1.0,1.0,-1.0,1.0,-1.0,-1.0,-1.0
2014-06-23,90.83,-0.0799999999999983,-1.0,-1.0,1.0,-1.0,1.0,-1.0,-1.0
2014-06-24,90.28,-0.5499999999999972,-1.0,-1.0,-1.0,1.0,-1.0,1.0,1.0
2014-06-25,90.36,0.0799999999999983,-1.0,-1.0,-1.0,-1.0,1.0,-1.0,-1.0
2014-06-26,90.9,0.5400000000000063,1.0,-1.0,-1.0,-1.0,-1.0,1.0,1.0
2014-06-27,91.98,1.0799999999999983,1.0,1.0,-1.0,-1.0,-1.0,-1.0,1.0
2014-06-30,92.93,0.9500000000000028,1.0,1.0,1.0,-1.0,-1.0,-1.0,-1.0
2014-07-01,93.52,0.5899999999999892,1.0,1.0,1.0,1.0,-1.0,-1.0,1.0
2014-07-02,93.48,-0.03999999999999204,1.0,1.0,1.0,1.0,1.0,-1.0,1.0
2014-07-03,94.03,0.5499999999999972,-1.0,1.0,1.0,1.0,1.0,1.0,1.0
2014-07-08,95.35,-0.6180000000000092,1.0,-1.0,1.0,1.0,1.0,1.0,-1.0
2014-07-09,95.39,0.04000000000000625,-1.0,1.0,-1.0,1.0,1.0,1.0,-1.0
2014-07-10,95.035,-0.355000000000004,1.0,-1.0,1.0,-1.0,1.0,1.0,-1.0
2014-07-11,95.22,0.18500000000000227,-1.0,1.0,-1.0,1.0,-1.0,1.0,1.0
2014-07-14,96.45,1.230000000000004,1.0,-1.0,1.0,-1.0,1.0,-1.0,-1.0
2014-07-15,95.32,-1.1300000000000097,1.0,1.0,-1.0,1.0,-1.0,1.0,1.0
2014-07-16,94.78,-0.539999999999992,-1.0,1.0,1.0,-1.0,1.0,-1.0,-1.0
2014-07-17,93.0899,-1.690100000000001,-1.0,-1.0,1.0,1.0,-1.0,1.0,1.0
2014-07-18,94.43,1.3401000000000067,-1.0,-1.0,-1.0,1.0,1.0,-1.0,1.0
2014-07-21,93.939,-0.49100000000001387,1.0,-1.0,-1.0,-1.0,1.0,1.0,-1.0
2014-07-22,94.72,0.7810000000000059,-1.0,1.0,-1.0,-1.0,-1.0,1.0,1.0
2014-07-23,97.19,2.469999999999999,1.0,-1.0,1.0,-1.0,-1.0,-1.0,-1.0
2014-07-24,97.03,-0.1599999999999966,1.0,1.0,-1.0,1.0,-1.0,-1.0,1.0
2014-07-25,97.671,0.6410000000000053,-1.0,1.0,1.0,-1.0,1.0,-1.0,-1.0
2014-07-28,99.02,1.3489999999999895,1.0,-1.0,1.0,1.0,-1.0,1.0,1.0
2014-07-29,98.38,-0.6400000000000006,1.0,1.0,-1.0,1.0,1.0,-1.0,1.0
2014-07-30,98.15,-0.22999999999998977,-1.0,1.0,1.0,-1.0,1.0,1.0,1.0
2014-07-31,95.6,-2.5500000000000114,-1.0,-1.0,1.0,1.0,-1.0,1.0,1.0
2014-08-01,96.13,0.5300000000000011,-1.0,-1.0,-1.0,1.0,1.0,-1.0,1.0
2014-08-04,95.59,-0.539999999999992,1.0,-1.0,-1.0,-1.0,1.0,1.0,-1.0
2014-08-05,95.12,-0.46999999999999886,-1.0,1.0,-1.0,-1.0,-1.0,1.0,1.0
2014-08-06,94.96,-0.1600000000000108,-1.0,-1.0,1.0,-1.0,-1.0,-1.0,-1.0
2014-08-07,94.48,-0.47999999999998977,-1.0,-1.0,-1.0,1.0,-1.0,-1.0,1.0
2014-08-08,94.74,0.2599999999999909,-1.0,-1.0,-1.0,-1.0,1.0,-1.0,-1.0
2014-08-11,95.99,1.25,1.0,-1.0,-1.0,-1.0,-1.0,1.0,1.0
2014-08-12,95.97,-0.01999999999999602,1.0,1.0,-1.0,-1.0,-1.0,-1.0,1.0
2014-08-13,97.24,1.269999999999996,-1.0,1.0,1.0,-1.0,-1.0,-1.0,-1.0
2014-08-14,97.5,0.2600000000000051,1.0,-1.0,1.0,1.0,-1.0,-1.0,1.0
2014-08-15,97.98,0.480000000000004,1.0,1.0,-1.0,1.0,1.0,-1.0,1.0
2014-08-18,99.16,1.1799999999999926,1.0,1.0,1.0,-1.0,1.0,1.0,1.0
2014-08-19,100.53,1.3700000000000045,1.0,1.0,1.0,1.0,-1.0,1.0,1.0
2014-08-20,100.57,0.03999999999999204,1.0,1.0,1.0,1.0,1.0,-1.0,1.0
2014-08-21,100.58,0.010000000000005116,1.0,1.0,1.0,1.0,1.0,1.0,1.0
2014-08-22,101.32,0.7399999999999949,1.0,1.0,1.0,1.0,1.0,1.0,1.0
2014-08-25,101.54,0.22000000000001307,1.0,1.0,1.0,1.0,1.0,1.0,1.0
2014-08-26,100.889,-0.6510000000000105,1.0,1.0,1.0,1.0,1.0,1.0,1.0
2014-08-27,102.13,1.2409999999999997,-1.0,1.0,1.0,1.0,1.0,1.0,1.0
2014-08-28,102.25,0.12000000000000455,1.0,-1.0,1.0,1.0,1.0,1.0,-1.0
2014-08-29,102.5,0.25,1.0,1.0,-1.0,1.0,1.0,1.0,1.0
2014-09-03,98.94,-4.359999999999999,1.0,1.0,1.0,-1.0,1.0,1.0,1.0
2014-09-04,98.12,-0.8199999999999932,-1.0,1.0,1.0,1.0,-1.0,1.0,-1.0
2014-09-05,98.97,0.8499999999999943,-1.0,-1.0,1.0,1.0,1.0,-1.0,1.0
2014-09-08,98.36,-0.6099999999999994,1.0,-1.0,-1.0,1.0,1.0,1.0,1.0
2014-09-09,97.99,-0.37000000000000455,-1.0,1.0,-1.0,-1.0,1.0,1.0,1.0
2014-09-10,101.0,3.010000000000005,-1.0,-1.0,1.0,-1.0,-1.0,1.0,1.0
2014-09-11,101.43,0.4300000000000068,1.0,-1.0,-1.0,1.0,-1.0,-1.0,1.0
2014-09-12,101.66,0.22999999999998977,1.0,1.0,-1.0,-1.0,1.0,-1.0,1.0
2014-09-15,101.63,-0.030000000000001137,1.0,1.0,1.0,-1.0,-1.0,1.0,-1.0
2014-09-16,100.86,-0.769999999999996,-1.0,1.0,1.0,1.0,-1.0,-1.0,-1.0
2014-09-17,101.58,0.7199999999999989,-1.0,-1.0,1.0,1.0,1.0,-1.0,1.0
2014-09-18,101.79,0.21000000000000796,1.0,-1.0,-1.0,1.0,1.0,1.0,1.0
2014-09-19,100.96,-0.8300000000000125,1.0,1.0,-1.0,-1.0,1.0,1.0,1.0
2014-09-22,101.06,0.10000000000000853,-1.0,1.0,1.0,-1.0,-1.0,1.0,-1.0
2014-09-23,102.64,1.5799999999999983,1.0,-1.0,1.0,1.0,-1.0,-1.0,1.0
2014-09-24,101.75,-0.8900000000000006,1.0,1.0,-1.0,1.0,1.0,-1.0,1.0
2014-09-25,97.87,-3.8799999999999955,-1.0,1.0,1.0,-1.0,1.0,1.0,1.0
2014-09-26,100.75,2.8799999999999955,-1.0,-1.0,1.0,1.0,-1.0,1.0,1.0
2014-09-29,100.11,-0.6400000000000006,1.0,-1.0,-1.0,1.0,1.0,-1.0,1.0
2014-09-30,100.75,0.6400000000000006,-1.0,1.0,-1.0,-1.0,1.0,1.0,1.0
2014-10-01,99.18,-1.5699999999999932,1.0,-1.0,1.0,-1.0,-1.0,1.0,1.0
2014-10-02,99.9,0.7199999999999989,-1.0,1.0,-1.0,1.0,-1.0,-1.0,-1.0
2014-10-03,99.62,-0.28000000000000114,1.0,-1.0,1.0,-1.0,1.0,-1.0,-1.0
2014-10-06,99.62,0.0,-1.0,1.0,-1.0,1.0,-1.0,1.0,1.0
2014-10-07,98.75,-0.8700000000000045,0.0,-1.0,1.0,-1.0,1.0,-1.0,-1.0
2014-10-08,100.8,2.049999999999997,-1.0,0.0,-1.0,1.0,-1.0,1.0,1.0
2014-10-09,101.02,0.21999999999999886,1.0,-1.0,0.0,-1.0,1.0,-1.0,-1.0
2014-10-10,100.73,-0.28999999999999204,1.0,1.0,-1.0,0.0,-1.0,1.0,1.0
2014-10-13,99.81,-0.9200000000000017,-1.0,1.0,1.0,-1.0,0.0,-1.0,-1.0
2014-10-14,98.75,-1.0600000000000023,-1.0,-1.0,1.0,1.0,-1.0,0.0,1.0
2014-10-15,97.54,-1.2099999999999937,-1.0,-1.0,-1.0,1.0,1.0,-1.0,1.0
2014-10-16,96.26,-1.2800000000000011,-1.0,-1.0,-1.0,-1.0,1.0,1.0,1.0
2014-10-17,97.67,1.4099999999999966,-1.0,-1.0,-1.0,-1.0,-1.0,1.0,1.0
2014-10-20,99.76,2.0900000000000034,1.0,-1.0,-1.0,-1.0,-1.0,-1.0,-1.0
2014-10-21,102.47,2.7099999999999937,1.0,1.0,-1.0,-1.0,-1.0,-1.0,1.0
2014-10-22,102.99,0.519999999999996,1.0,1.0,1.0,-1.0,-1.0,-1.0,-1.0
2014-10-23,104.83,1.8400000000000034,1.0,1.0,1.0,1.0,-1.0,-1.0,1.0
2014-10-24,105.22,0.39000000000000057,1.0,1.0,1.0,1.0,1.0,-1.0,1.0
2014-10-27,105.11,-0.10999999999999943,1.0,1.0,1.0,1.0,1.0,1.0,1.0
2014-10-28,106.74,1.6299999999999955,-1.0,1.0,1.0,1.0,1.0,1.0,1.0
2014-10-29,107.34,0.6000000000000085,1.0,-1.0,1.0,1.0,1.0,1.0,-1.0
2014-10-30,106.98,-0.35999999999999943,1.0,1.0,-1.0,1.0,1.0,1.0,1.0
2014-10-31,108.0,1.019999999999996,-1.0,1.0,1.0,-1.0,1.0,1.0,1.0
2014-11-03,109.4,1.4000000000000057,1.0,-1.0,1.0,1.0,-1.0,1.0,1.0
2014-11-04,108.6,-0.8000000000000114,1.0,1.0,-1.0,1.0,1.0,-1.0,1.0
2014-11-05,108.86,0.2600000000000051,-1.0,1.0,1.0,-1.0,1.0,1.0,1.0
2014-11-06,108.7,-0.1599999999999966,1.0,-1.0,1.0,1.0,-1.0,1.0,1.0
2014-11-07,109.01,0.3100000000000023,-1.0,1.0,-1.0,1.0,1.0,-1.0,1.0
2014-11-10,108.83,-0.18000000000000682,1.0,-1.0,1.0,-1.0,1.0,1.0,-1.0
2014-11-11,109.7,0.8700000000000045,-1.0,1.0,-1.0,1.0,-1.0,1.0,1.0
2014-11-12,111.25,1.5499999999999972,1.0,-1.0,1.0,-1.0,1.0,-1.0,-1.0
2014-11-13,112.82,1.5699999999999932,1.0,1.0,-1.0,1.0,-1.0,1.0,1.0
2014-11-14,114.18,1.3600000000000136,1.0,1.0,1.0,-1.0,1.0,-1.0,-1.0
2014-11-17,113.99,-0.19000000000001194,1.0,1.0,1.0,1.0,-1.0,1.0,1.0
2014-11-18,115.47,1.480000000000004,-1.0,1.0,1.0,1.0,1.0,-1.0,1.0
2014-11-19,114.67,-0.7999999999999972,1.0,-1.0,1.0,1.0,1.0,1.0,-1.0
2014-11-20,116.31,1.6400000000000006,-1.0,1.0,-1.0,1.0,1.0,1.0,-1.0
2014-11-21,116.47,0.1599999999999966,1.0,-1.0,1.0,-1.0,1.0,1.0,-1.0
2014-11-24,118.625,2.155000000000001,1.0,1.0,-1.0,1.0,-1.0,1.0,1.0
2014-11-25,117.6,-1.0250000000000057,1.0,1.0,1.0,-1.0,1.0,-1.0,-1.0
2014-11-26,119.0,1.4000000000000057,-1.0,1.0,1.0,1.0,-1.0,1.0,-1.0
2014-12-01,115.07,-3.8600000000000136,1.0,-1.0,1.0,1.0,1.0,-1.0,1.0
2014-12-02,114.63,-0.4399999999999977,-1.0,1.0,-1.0,1.0,1.0,1.0,-1.0
2014-12-03,115.93,1.3000000000000114,-1.0,-1.0,1.0,-1.0,1.0,1.0,-1.0
2014-12-04,115.49,-0.44000000000001194,1.0,-1.0,-1.0,1.0,-1.0,1.0,1.0
2014-12-05,115.0,-0.4899999999999949,-1.0,1.0,-1.0,-1.0,1.0,-1.0,-1.0
2014-12-08,112.4,-2.5999999999999943,-1.0,-1.0,1.0,-1.0,-1.0,1.0,1.0
2014-12-09,114.12,1.7199999999999989,-1.0,-1.0,-1.0,1.0,-1.0,-1.0,1.0
2014-12-10,111.95,-2.1700000000000017,1.0,-1.0,-1.0,-1.0,1.0,-1.0,-1.0
2014-12-11,111.62,-0.3299999999999983,-1.0,1.0,-1.0,-1.0,-1.0,1.0,1.0
2014-12-12,109.73,-1.8900000000000006,-1.0,-1.0,1.0,-1.0,-1.0,-1.0,-1.0
2014-12-15,108.225,-1.5050000000000097,-1.0,-1.0,-1.0,1.0,-1.0,-1.0,1.0
2014-12-16,106.745,-1.4799999999999898,-1.0,-1.0,-1.0,-1.0,1.0,-1.0,-1.0
2014-12-17,109.41,2.664999999999992,-1.0,-1.0,-1.0,-1.0,-1.0,1.0,1.0
2014-12-18,112.65,3.240000000000009,1.0,-1.0,-1.0,-1.0,-1.0,-1.0,-1.0
2014-12-19,111.78,-0.8700000000000045,1.0,1.0,-1.0,-1.0,-1.0,-1.0,1.0
2014-12-22,112.94,1.1599999999999966,-1.0,1.0,1.0,-1.0,-1.0,-1.0,-1.0
2014-12-23,112.54,-0.3999999999999915,1.0,-1.0,1.0,1.0,-1.0,-1.0,1.0
2014-12-24,112.01,-0.5300000000000011,-1.0,1.0,-1.0,1.0,1.0,-1.0,1.0
2014-12-29,113.91,-0.0799999999999983,-1.0,-1.0,1.0,-1.0,1.0,1.0,-1.0
2014-12-30,112.52,-1.3900000000000006,-1.0,-1.0,-1.0,1.0,-1.0,1.0,1.0
2014-12-31,110.38,-2.1400000000000006,-1.0,-1.0,-1.0,-1.0,1.0,-1.0,-1.0
2015-01-05,106.25,-3.0799999999999983,-1.0,-1.0,-1.0,-1.0,-1.0,1.0,1.0
2015-01-06,106.26,0.010000000000005116,-1.0,-1.0,-1.0,-1.0,-1.0,-1.0,-1.0
2015-01-07,107.75,1.4899999999999949,1.0,-1.0,-1.0,-1.0,-1.0,-1.0,-1.0
2015-01-08,111.89,4.140000000000001,1.0,1.0,-1.0,-1.0,-1.0,-1.0,1.0
2015-01-09,112.01,0.12000000000000455,1.0,1.0,1.0,-1.0,-1.0,-1.0,-1.0
2015-01-12,109.25,-2.760000000000005,1.0,1.0,1.0,1.0,-1.0,-1.0,1.0
2015-01-13,110.22,0.9699999999999989,-1.0,1.0,1.0,1.0,1.0,-1.0,1.0
2015-01-14,109.8,-0.4200000000000017,1.0,-1.0,1.0,1.0,1.0,1.0,-1.0
2015-01-15,106.82,-2.980000000000004,-1.0,1.0,-1.0,1.0,1.0,1.0,-1.0
2015-01-16,105.99,-0.8299999999999983,-1.0,-1.0,1.0,-1.0,1.0,1.0,-1.0
2015-01-21,109.55,0.8299999999999983,-1.0,-1.0,-1.0,1.0,-1.0,1.0,1.0
2015-01-22,112.4,2.8500000000000085,1.0,-1.0,-1.0,-1.0,1.0,-1.0,-1.0
2015-01-23,112.98,0.5799999999999983,1.0,1.0,-1.0,-1.0,-1.0,1.0,1.0
2015-01-26,113.1,0.11999999999999034,1.0,1.0,1.0,-1.0,-1.0,-1.0,-1.0
2015-01-27,109.14,-3.9599999999999937,1.0,1.0,1.0,1.0,-1.0,-1.0,1.0
2015-01-28,115.31,6.170000000000002,-1.0,1.0,1.0,1.0,1.0,-1.0,1.0
2015-01-29,118.9,3.5900000000000034,1.0,-1.0,1.0,1.0,1.0,1.0,-1.0
2015-01-30,117.16,-1.740000000000009,1.0,1.0,-1.0,1.0,1.0,1.0,1.0
2015-02-02,118.63,1.4699999999999989,-1.0,1.0,1.0,-1.0,1.0,1.0,1.0
2015-02-03,118.65,0.020000000000010232,1.0,-1.0,1.0,1.0,-1.0,1.0,1.0
2015-02-04,119.56,0.9099999999999966,1.0,1.0,-1.0,1.0,1.0,-1.0,1.0
2015-02-05,119.94,0.37999999999999545,1.0,1.0,1.0,-1.0,1.0,1.0,1.0
2015-02-06,118.93,-1.009999999999991,1.0,1.0,1.0,1.0,-1.0,1.0,1.0
2015-02-09,119.72,0.789999999999992,-1.0,1.0,1.0,1.0,1.0,-1.0,1.0
2015-02-10,122.02,2.299999999999997,1.0,-1.0,1.0,1.0,1.0,1.0,-1.0
2015-02-11,124.88,2.8599999999999994,1.0,1.0,-1.0,1.0,1.0,1.0,1.0
2015-02-12,126.46,1.5799999999999983,1.0,1.0,1.0,-1.0,1.0,1.0,1.0
2015-02-13,127.08,0.6200000000000045,1.0,1.0,1.0,1.0,-1.0,1.0,1.0
2015-02-18,128.715,0.8850000000000051,1.0,1.0,1.0,1.0,1.0,-1.0,1.0
2015-02-19,128.45,-0.2650000000000148,1.0,1.0,1.0,1.0,1.0,1.0,1.0
2015-02-20,129.495,1.045000000000016,-1.0,1.0,1.0,1.0,1.0,1.0,1.0
2015-02-23,133.0,3.5049999999999955,1.0,-1.0,1.0,1.0,1.0,1.0,-1.0
2015-02-24,132.17,-0.8300000000000125,1.0,1.0,-1.0,1.0,1.0,1.0,1.0
2015-02-25,128.79,-3.3799999999999955,-1.0,1.0,1.0,-1.0,1.0,1.0,1.0
2015-02-26,130.415,1.625,-1.0,-1.0,1.0,1.0,-1.0,1.0,1.0
2015-02-27,128.46,-1.954999999999984,1.0,-1.0,-1.0,1.0,1.0,-1.0,1.0
2015-03-02,129.09,0.6299999999999955,-1.0,1.0,-1.0,-1.0,1.0,1.0,1.0
2015-03-03,129.36,0.27000000000001023,1.0,-1.0,1.0,-1.0,-1.0,1.0,1.0
2015-03-04,128.54,-0.8200000000000216,1.0,1.0,-1.0,1.0,-1.0,-1.0,1.0
2015-03-05,126.41,-2.1299999999999955,-1.0,1.0,1.0,-1.0,1.0,-1.0,-1.0
2015-03-06,126.6,0.18999999999999773,-1.0,-1.0,1.0,1.0,-1.0,1.0,1.0
2015-03-09,127.14,0.5400000000000063,1.0,-1.0,-1.0,1.0,1.0,-1.0,1.0
2015-03-10,124.51,-2.6299999999999955,1.0,1.0,-1.0,-1.0,1.0,1.0,1.0
2015-03-11,122.24,-2.2700000000000102,-1.0,1.0,1.0,-1.0,-1.0,1.0,-1.0
2015-03-12,124.45,2.210000000000008,-1.0,-1.0,1.0,1.0,-1.0,-1.0,1.0
2015-03-13,123.59,-0.8599999999999994,1.0,-1.0,-1.0,1.0,1.0,-1.0,1.0
2015-03-16,124.95,1.3599999999999994,-1.0,1.0,-1.0,-1.0,1.0,1.0,1.0
2015-03-17,127.04,2.0900000000000034,1.0,-1.0,1.0,-1.0,-1.0,1.0,1.0
2015-03-18,128.47,1.4299999999999926,1.0,1.0,-1.0,1.0,-1.0,-1.0,1.0
2015-03-19,127.495,-0.9749999999999943,1.0,1.0,1.0,-1.0,1.0,-1.0,-1.0
2015-03-20,125.9,-1.5949999999999989,-1.0,1.0,1.0,1.0,-1.0,1.0,-1.0
2015-03-23,127.21,1.309999999999988,-1.0,-1.0,1.0,1.0,1.0,-1.0,1.0
2015-03-24,126.69,-0.519999999999996,1.0,-1.0,-1.0,1.0,1.0,1.0,1.0
2015-03-25,123.38,-3.3100000000000023,-1.0,1.0,-1.0,-1.0,1.0,1.0,1.0
2015-03-26,124.24,0.8599999999999994,-1.0,-1.0,1.0,-1.0,-1.0,1.0,1.0
2015-03-27,123.25,-0.9899999999999949,1.0,-1.0,-1.0,1.0,-1.0,-1.0,1.0
2015-03-30,126.37,3.1200000000000045,-1.0,1.0,-1.0,-1.0,1.0,-1.0,-1.0
2015-03-31,124.43,-1.9399999999999977,1.0,-1.0,1.0,-1.0,-1.0,1.0,1.0
2015-04-01,124.25,-0.18000000000000682,-1.0,1.0,-1.0,1.0,-1.0,-1.0,-1.0
2015-04-02,125.32,1.0699999999999932,-1.0,-1.0,1.0,-1.0,1.0,-1.0,-1.0
2015-04-07,126.01,-1.3399999999999892,1.0,-1.0,-1.0,1.0,-1.0,1.0,1.0
2015-04-08,125.6,-0.4100000000000108,-1.0,1.0,-1.0,-1.0,1.0,-1.0,-1.0
2015-04-09,126.56,0.960000000000008,-1.0,-1.0,1.0,-1.0,-1.0,1.0,1.0
2015-04-10,127.1,0.539999999999992,1.0,-1.0,-1.0,1.0,-1.0,-1.0,1.0
2015-04-13,126.85,-0.25,1.0,1.0,-1.0,-1.0,1.0,-1.0,1.0
2015-04-14,126.3,-0.5499999999999972,-1.0,1.0,1.0,-1.0,-1.0,1.0,-1.0
2015-04-15,126.78,0.480000000000004,-1.0,-1.0,1.0,1.0,-1.0,-1.0,1.0
2015-04-16,126.17,-0.6099999999999994,1.0,-1.0,-1.0,1.0,1.0,-1.0,1.0
2015-04-17,124.75,-1.4200000000000017,-1.0,1.0,-1.0,-1.0,1.0,1.0,1.0
2015-04-20,127.6,2.8499999999999943,-1.0,-1.0,1.0,-1.0,-1.0,1.0,1.0
2015-04-21,126.91,-0.6899999999999977,1.0,-1.0,-1.0,1.0,-1.0,-1.0,1.0
2015-04-22,128.62,1.710000000000008,-1.0,1.0,-1.0,-1.0,1.0,-1.0,-1.0
2015-04-23,129.67,1.049999999999983,1.0,-1.0,1.0,-1.0,-1.0,1.0,1.0
2015-04-24,130.28,0.6100000000000136,1.0,1.0,-1.0,1.0,-1.0,-1.0,1.0
2015-04-27,132.65,2.3700000000000045,1.0,1.0,1.0,-1.0,1.0,-1.0,-1.0
2015-04-28,130.56,-2.0900000000000034,1.0,1.0,1.0,1.0,-1.0,1.0,1.0
2015-04-29,128.64,-1.920000000000016,-1.0,1.0,1.0,1.0,1.0,-1.0,1.0
2015-04-30,125.15,-3.4899999999999807,-1.0,-1.0,1.0,1.0,1.0,1.0,1.0
2015-05-01,128.95,3.799999999999983,-1.0,-1.0,-1.0,1.0,1.0,1.0,1.0
2015-05-04,128.7,-0.25,1.0,-1.0,-1.0,-1.0,1.0,1.0,-1.0
2015-05-05,125.8,-2.8999999999999915,-1.0,1.0,-1.0,-1.0,-1.0,1.0,1.0
2015-05-06,125.01,-0.789999999999992,-1.0,-1.0,1.0,-1.0,-1.0,-1.0,-1.0
2015-05-07,125.26,0.25,-1.0,-1.0,-1.0,1.0,-1.0,-1.0,1.0
2015-05-08,127.62,2.3599999999999994,1.0,-1.0,-1.0,-1.0,1.0,-1.0,-1.0
2015-05-11,126.32,-1.3000000000000114,1.0,1.0,-1.0,-1.0,-1.0,1.0,1.0
2015-05-12,125.865,-0.4549999999999983,-1.0,1.0,1.0,-1.0,-1.0,-1.0,-1.0
2015-05-13,126.01,0.14500000000001023,-1.0,-1.0,1.0,1.0,-1.0,-1.0,1.0
2015-05-14,128.95,2.9399999999999835,1.0,-1.0,-1.0,1.0,1.0,-1.0,1.0
2015-05-15,128.77,-0.1799999999999784,1.0,1.0,-1.0,-1.0,1.0,1.0,1.0
2015-05-18,130.19,1.4199999999999875,-1.0,1.0,1.0,-1.0,-1.0,1.0,-1.0
2015-05-19,130.07,-0.12000000000000455,1.0,-1.0,1.0,1.0,-1.0,-1.0,1.0
2015-05-20,130.06,-0.009999999999990905,-1.0,1.0,-1.0,1.0,1.0,-1.0,1.0
2015-05-21,131.39,1.329999999999984,-1.0,-1.0,1.0,-1.0,1.0,1.0,-1.0
2015-05-22,132.54,1.1500000000000057,1.0,-1.0,-1.0,1.0,-1.0,1.0,1.0
2015-05-27,132.045,2.424999999999983,1.0,1.0,-1.0,-1.0,1.0,-1.0,1.0
2015-05-28,131.78,-0.26499999999998636,1.0,1.0,1.0,-1.0,-1.0,1.0,-1.0
2015-05-29,130.28,-1.5,-1.0,1.0,1.0,1.0,-1.0,-1.0,-1.0
2015-06-01,130.535,0.25499999999999545,-1.0,-1.0,1.0,1.0,1.0,-1.0,1.0
2015-06-02,129.96,-0.5749999999999886,1.0,-1.0,-1.0,1.0,1.0,1.0,1.0
2015-06-03,130.12,0.1599999999999966,-1.0,1.0,-1.0,-1.0,1.0,1.0,1.0
2015-06-04,129.36,-0.7599999999999909,1.0,-1.0,1.0,-1.0,-1.0,1.0,1.0
2015-06-05,128.65,-0.710000000000008,-1.0,1.0,-1.0,1.0,-1.0,-1.0,-1.0
2015-06-08,127.8,-0.8500000000000085,-1.0,-1.0,1.0,-1.0,1.0,-1.0,-1.0
2015-06-09,127.42,-0.37999999999999545,-1.0,-1.0,-1.0,1.0,-1.0,1.0,1.0
2015-06-10,128.88,1.4599999999999937,-1.0,-1.0,-1.0,-1.0,1.0,-1.0,-1.0
2015-06-11,128.59,-0.28999999999999204,1.0,-1.0,-1.0,-1.0,-1.0,1.0,1.0
2015-06-12,127.17,-1.4200000000000017,-1.0,1.0,-1.0,-1.0,-1.0,-1.0,-1.0
2015-06-15,126.92,-0.25,-1.0,-1.0,1.0,-1.0,-1.0,-1.0,-1.0
2015-06-16,127.6,0.6799999999999926,-1.0,-1.0,-1.0,1.0,-1.0,-1.0,1.0
2015-06-17,127.3,-0.29999999999999716,1.0,-1.0,-1.0,-1.0,1.0,-1.0,-1.0
2015-06-18,127.88,0.5799999999999983,-1.0,1.0,-1.0,-1.0,-1.0,1.0,1.0
2015-06-19,126.6,-1.2800000000000011,1.0,-1.0,1.0,-1.0,-1.0,-1.0,-1.0
2015-06-22,127.61,1.0100000000000051,-1.0,1.0,-1.0,1.0,-1.0,-1.0,-1.0
2015-06-23,127.03,-0.5799999999999983,1.0,-1.0,1.0,-1.0,1.0,-1.0,-1.0
2015-06-24,128.11,1.0800000000000125,-1.0,1.0,-1.0,1.0,-1.0,1.0,1.0
2015-06-25,127.5,-0.6100000000000136,1.0,-1.0,1.0,-1.0,1.0,-1.0,-1.0
2015-06-26,126.75,-0.75,-1.0,1.0,-1.0,1.0,-1.0,1.0,1.0
2015-06-29,124.53,-2.219999999999999,-1.0,-1.0,1.0,-1.0,1.0,-1.0,-1.0
2015-06-30,125.425,0.894999999999996,-1.0,-1.0,-1.0,1.0,-1.0,1.0,1.0
2015-07-01,126.6,1.1749999999999972,1.0,-1.0,-1.0,-1.0,1.0,-1.0,-1.0
2015-07-02,126.44,-0.1599999999999966,1.0,1.0,-1.0,-1.0,-1.0,1.0,1.0
2015-07-07,125.69,-0.3100000000000023,-1.0,1.0,1.0,-1.0,-1.0,-1.0,-1.0
2015-07-08,122.57,-3.1200000000000045,-1.0,-1.0,1.0,1.0,-1.0,-1.0,1.0
2015-07-09,120.07,-2.5,-1.0,-1.0,-1.0,1.0,1.0,-1.0,1.0
2015-07-10,123.28,3.210000000000008,-1.0,-1.0,-1.0,-1.0,1.0,1.0,1.0
2015-07-13,125.66,2.3799999999999955,1.0,-1.0,-1.0,-1.0,-1.0,1.0,1.0
2015-07-14,125.61,-0.04999999999999716,1.0,1.0,-1.0,-1.0,-1.0,-1.0,1.0
2015-07-15,126.82,1.2099999999999937,-1.0,1.0,1.0,-1.0,-1.0,-1.0,-1.0
2015-07-16,128.51,1.6899999999999977,1.0,-1.0,1.0,1.0,-1.0,-1.0,1.0
2015-07-17,129.62,1.1100000000000136,1.0,1.0,-1.0,1.0,1.0,-1.0,1.0
2015-07-20,132.07,2.4499999999999886,1.0,1.0,1.0,-1.0,1.0,1.0,1.0
2015-07-21,130.75,-1.3199999999999932,1.0,1.0,1.0,1.0,-1.0,1.0,1.0
2015-07-22,125.22,-5.530000000000001,-1.0,1.0,1.0,1.0,1.0,-1.0,1.0
2015-07-23,125.16,-0.060000000000002274,-1.0,-1.0,1.0,1.0,1.0,1.0,1.0
2015-07-24,124.5,-0.6599999999999966,-1.0,-1.0,-1.0,1.0,1.0,1.0,1.0
2015-07-27,122.77,-1.730000000000004,-1.0,-1.0,-1.0,-1.0,1.0,1.0,1.0
2015-07-28,123.38,0.6099999999999994,-1.0,-1.0,-1.0,-1.0,-1.0,1.0,1.0
2015-07-29,122.99,-0.39000000000000057,1.0,-1.0,-1.0,-1.0,-1.0,-1.0,-1.0
2015-07-30,122.37,-0.6199999999999903,-1.0,1.0,-1.0,-1.0,-1.0,-1.0,-1.0
2015-07-31,121.3,-1.0700000000000074,-1.0,-1.0,1.0,-1.0,-1.0,-1.0,-1.0
2015-08-03,118.44,-2.8599999999999994,-1.0,-1.0,-1.0,1.0,-1.0,-1.0,1.0
2015-08-04,114.64,-3.799999999999997,-1.0,-1.0,-1.0,-1.0,1.0,-1.0,-1.0
2015-08-05,115.4,0.7600000000000051,-1.0,-1.0,-1.0,-1.0,-1.0,1.0,1.0
2015-08-06,115.13,-0.27000000000001023,1.0,-1.0,-1.0,-1.0,-1.0,-1.0,-1.0
2015-08-07,115.52,0.39000000000000057,-1.0,1.0,-1.0,-1.0,-1.0,-1.0,-1.0
2015-08-10,119.72,4.200000000000003,1.0,-1.0,1.0,-1.0,-1.0,-1.0,-1.0
2015-08-11,113.49,-6.230000000000004,1.0,1.0,-1.0,1.0,-1.0,-1.0,1.0
2015-08-12,115.24,1.75,-1.0,1.0,1.0,-1.0,1.0,-1.0,-1.0
2015-08-13,115.15,-0.0899999999999892,1.0,-1.0,1.0,1.0,-1.0,1.0,1.0
2015-08-14,115.96,0.8099999999999881,-1.0,1.0,-1.0,1.0,1.0,-1.0,1.0
2015-08-17,117.16,1.2000000000000028,1.0,-1.0,1.0,-1.0,1.0,1.0,-1.0
2015-08-18,116.5,-0.6599999999999966,1.0,1.0,-1.0,1.0,-1.0,1.0,1.0
2015-08-19,115.01,-1.4899999999999949,-1.0,1.0,1.0,-1.0,1.0,-1.0,-1.0
2015-08-20,112.65,-2.3599999999999994,-1.0,-1.0,1.0,1.0,-1.0,1.0,1.0
2015-08-21,105.76,-6.890000000000001,-1.0,-1.0,-1.0,1.0,1.0,-1.0,1.0
2015-08-24,103.12,-2.6400000000000006,-1.0,-1.0,-1.0,-1.0,1.0,1.0,1.0
2015-08-25,103.74,0.6199999999999903,-1.0,-1.0,-1.0,-1.0,-1.0,1.0,1.0
2015-08-26,109.69,5.950000000000003,1.0,-1.0,-1.0,-1.0,-1.0,-1.0,-1.0
2015-08-27,112.92,3.230000000000004,1.0,1.0,-1.0,-1.0,-1.0,-1.0,1.0
2015-08-28,113.29,0.37000000000000455,1.0,1.0,1.0,-1.0,-1.0,-1.0,-1.0
2015-08-31,112.76,-0.5300000000000011,1.0,1.0,1.0,1.0,-1.0,-1.0,1.0
2015-09-01,107.72,-5.040000000000006,-1.0,1.0,1.0,1.0,1.0,-1.0,1.0
2015-09-02,112.34,4.6200000000000045,-1.0,-1.0,1.0,1.0,1.0,1.0,1.0
2015-09-03,110.37,-1.9699999999999989,1.0,-1.0,-1.0,1.0,1.0,1.0,1.0
2015-09-04,109.27,-1.1000000000000085,-1.0,1.0,-1.0,-1.0,1.0,1.0,1.0
2015-09-09,110.15,-2.1599999999999966,-1.0,-1.0,1.0,-1.0,-1.0,1.0,1.0
2015-09-10,112.57,2.4199999999999875,-1.0,-1.0,-1.0,1.0,-1.0,-1.0,1.0
2015-09-11,114.21,1.6400000000000006,1.0,-1.0,-1.0,-1.0,1.0,-1.0,-1.0
2015-09-14,115.31,1.1000000000000085,1.0,1.0,-1.0,-1.0,-1.0,1.0,1.0
2015-09-15,116.28,0.9699999999999989,1.0,1.0,1.0,-1.0,-1.0,-1.0,-1.0
2015-09-16,116.41,0.12999999999999545,1.0,1.0,1.0,1.0,-1.0,-1.0,1.0
2015-09-17,113.92,-2.489999999999995,1.0,1.0,1.0,1.0,1.0,-1.0,1.0
2015-09-18,113.45,-0.46999999999999886,-1.0,1.0,1.0,1.0,1.0,1.0,1.0
2015-09-21,115.21,1.759999999999991,-1.0,-1.0,1.0,1.0,1.0,1.0,1.0
2015-09-22,113.4,-1.809999999999988,1.0,-1.0,-1.0,1.0,1.0,1.0,1.0
2015-09-23,114.32,0.9199999999999875,-1.0,1.0,-1.0,-1.0,1.0,1.0,1.0
2015-09-24,115.0,0.6800000000000068,1.0,-1.0,1.0,-1.0,-1.0,1.0,1.0
2015-09-25,114.71,-0.29000000000000625,1.0,1.0,-1.0,1.0,-1.0,-1.0,1.0
2015-09-28,112.44,-2.269999999999996,-1.0,1.0,1.0,-1.0,1.0,-1.0,-1.0
2015-09-29,109.06,-3.3799999999999955,-1.0,-1.0,1.0,1.0,-1.0,1.0,1.0
2015-09-30,110.3,1.2399999999999949,-1.0,-1.0,-1.0,1.0,1.0,-1.0,1.0
2015-10-01,109.58,-0.7199999999999989,1.0,-1.0,-1.0,-1.0,1.0,1.0,-1.0
2015-10-02,110.38,0.7999999999999972,-1.0,1.0,-1.0,-1.0,-1.0,1.0,1.0
2015-10-05,110.78,0.4000000000000057,1.0,-1.0,1.0,-1.0,-1.0,-1.0,-1.0
2015-10-06,111.31,0.5300000000000011,1.0,1.0,-1.0,1.0,-1.0,-1.0,1.0
2015-10-07,110.78,-0.5300000000000011,1.0,1.0,1.0,-1.0,1.0,-1.0,-1.0
2015-10-08,109.5,-1.2800000000000011,-1.0,1.0,1.0,1.0,-1.0,1.0,-1.0
2015-10-09,112.12,2.6200000000000045,-1.0,-1.0,1.0,1.0,1.0,-1.0,1.0
2015-10-12,111.6,-0.5200000000000102,1.0,-1.0,-1.0,1.0,1.0,1.0,1.0
2015-10-13,111.79,0.19000000000001194,-1.0,1.0,-1.0,-1.0,1.0,1.0,1.0
2015-10-14,110.21,-1.5800000000000125,1.0,-1.0,1.0,-1.0,-1.0,1.0,1.0
2015-10-15,111.86,1.6500000000000057,-1.0,1.0,-1.0,1.0,-1.0,-1.0,-1.0
2015-10-16,111.04,-0.8199999999999932,1.0,-1.0,1.0,-1.0,1.0,-1.0,-1.0
2015-10-19,111.73,0.6899999999999977,-1.0,1.0,-1.0,1.0,-1.0,1.0,1.0
2015-10-20,113.77,2.039999999999992,1.0,-1.0,1.0,-1.0,1.0,-1.0,-1.0
2015-10-21,113.76,-0.009999999999990905,1.0,1.0,-1.0,1.0,-1.0,1.0,1.0
2015-10-22,115.5,1.7399999999999949,-1.0,1.0,1.0,-1.0,1.0,-1.0,-1.0
2015-10-23,119.08,3.5799999999999983,1.0,-1.0,1.0,1.0,-1.0,1.0,1.0
2015-10-26,115.28,-3.799999999999997,1.0,1.0,-1.0,1.0,1.0,-1.0,1.0
2015-10-27,114.55,-0.730000000000004,-1.0,1.0,1.0,-1.0,1.0,1.0,1.0
2015-10-28,119.27,4.719999999999999,-1.0,-1.0,1.0,1.0,-1.0,1.0,1.0
2015-10-29,120.53,1.2600000000000051,1.0,-1.0,-1.0,1.0,1.0,-1.0,1.0
2015-10-30,119.5,-1.0300000000000011,1.0,1.0,-1.0,-1.0,1.0,1.0,1.0
2015-11-02,121.18,1.6800000000000068,-1.0,1.0,1.0,-1.0,-1.0,1.0,-1.0
2015-11-03,122.57,1.3899999999999864,1.0,-1.0,1.0,1.0,-1.0,-1.0,1.0
2015-11-04,122.0,-0.5699999999999932,1.0,1.0,-1.0,1.0,1.0,-1.0,1.0
2015-11-05,120.92,-1.0799999999999983,-1.0,1.0,1.0,-1.0,1.0,1.0,1.0
2015-11-06,121.06,0.14000000000000057,-1.0,-1.0,1.0,1.0,-1.0,1.0,1.0
2015-11-09,120.57,-0.4900000000000091,1.0,-1.0,-1.0,1.0,1.0,-1.0,1.0
2015-11-10,116.77,-3.799999999999997,-1.0,1.0,-1.0,-1.0,1.0,1.0,1.0
2015-11-11,116.11,-0.6599999999999966,-1.0,-1.0,1.0,-1.0,-1.0,1.0,1.0
2015-11-12,115.72,-0.39000000000000057,-1.0,-1.0,-1.0,1.0,-1.0,-1.0,1.0
2015-11-13,112.34,-3.3799999999999955,-1.0,-1.0,-1.0,-1.0,1.0,-1.0,-1.0
2015-11-16,114.175,1.8349999999999937,-1.0,-1.0,-1.0,-1.0,-1.0,1.0,1.0
2015-11-17,113.69,-0.48499999999999943,1.0,-1.0,-1.0,-1.0,-1.0,-1.0,-1.0
2015-11-18,117.29,3.6000000000000085,-1.0,1.0,-1.0,-1.0,-1.0,-1.0,-1.0
2015-11-19,118.78,1.4899999999999949,1.0,-1.0,1.0,-1.0,-1.0,-1.0,-1.0
2015-11-20,119.3,0.519999999999996,1.0,1.0,-1.0,1.0,-1.0,-1.0,1.0
2015-11-23,117.75,-1.5499999999999972,1.0,1.0,1.0,-1.0,1.0,-1.0,-1.0
2015-11-24,118.88,1.1299999999999955,-1.0,1.0,1.0,1.0,-1.0,1.0,-1.0
2015-11-25,118.03,-0.8499999999999943,1.0,-1.0,1.0,1.0,1.0,-1.0,1.0
2015-11-30,118.3,0.4899999999999949,-1.0,1.0,-1.0,1.0,1.0,1.0,-1.0
2015-12-01,117.34,-0.9599999999999937,1.0,-1.0,1.0,-1.0,1.0,1.0,-1.0
2015-12-02,116.28,-1.0600000000000023,-1.0,1.0,-1.0,1.0,-1.0,1.0,1.0
2015-12-03,115.2,-1.0799999999999983,-1.0,-1.0,1.0,-1.0,1.0,-1.0,-1.0
2015-12-04,119.03,3.8299999999999983,-1.0,-1.0,-1.0,1.0,-1.0,1.0,1.0
2015-12-07,118.28,-0.75,1.0,-1.0,-1.0,-1.0,1.0,-1.0,-1.0
2015-12-08,118.23,-0.04999999999999716,-1.0,1.0,-1.0,-1.0,-1.0,1.0,1.0
2015-12-09,115.62,-2.6099999999999994,-1.0,-1.0,1.0,-1.0,-1.0,-1.0,-1.0
2015-12-10,116.17,0.5499999999999972,-1.0,-1.0,-1.0,1.0,-1.0,-1.0,1.0
2015-12-11,113.18,-2.989999999999995,1.0,-1.0,-1.0,-1.0,1.0,-1.0,-1.0
2015-12-14,112.48,-0.7000000000000028,-1.0,1.0,-1.0,-1.0,-1.0,1.0,1.0
2015-12-15,110.49,-1.990000000000009,-1.0,-1.0,1.0,-1.0,-1.0,-1.0,-1.0
2015-12-16,111.34,0.8500000000000085,-1.0,-1.0,-1.0,1.0,-1.0,-1.0,1.0
2015-12-17,108.98,-2.3599999999999994,1.0,-1.0,-1.0,-1.0,1.0,-1.0,-1.0
2015-12-18,106.03,-2.950000000000003,-1.0,1.0,-1.0,-1.0,-1.0,1.0,1.0
2015-12-21,107.33,1.2999999999999972,-1.0,-1.0,1.0,-1.0,-1.0,-1.0,-1.0
2015-12-22,107.23,-0.09999999999999432,1.0,-1.0,-1.0,1.0,-1.0,-1.0,1.0
2015-12-23,108.61,1.3799999999999955,-1.0,1.0,-1.0,-1.0,1.0,-1.0,-1.0
2015-12-24,108.03,-0.5799999999999983,1.0,-1.0,1.0,-1.0,-1.0,1.0,1.0
2015-12-29,108.74,1.9200000000000017,-1.0,1.0,-1.0,1.0,-1.0,-1.0,-1.0
2015-12-30,107.32,-1.4200000000000017,1.0,-1.0,1.0,-1.0,1.0,-1.0,-1.0
2015-12-31,105.26,-2.059999999999988,-1.0,1.0,-1.0,1.0,-1.0,1.0,1.0
2016-01-05,102.71,-2.6400000000000006,-1.0,-1.0,1.0,-1.0,1.0,-1.0,-1.0
2016-01-06,100.7,-2.009999999999991,-1.0,-1.0,-1.0,1.0,-1.0,1.0,1.0
2016-01-07,96.45,-4.25,-1.0,-1.0,-1.0,-1.0,1.0,-1.0,-1.0
2016-01-08,96.96,0.5099999999999909,-1.0,-1.0,-1.0,-1.0,-1.0,1.0,1.0
2016-01-11,98.53,1.5700000000000074,1.0,-1.0,-1.0,-1.0,-1.0,-1.0,-1.0
2016-01-12,99.96,1.4299999999999926,1.0,1.0,-1.0,-1.0,-1.0,-1.0,1.0
2016-01-13,97.39,-2.569999999999993,1.0,1.0,1.0,-1.0,-1.0,-1.0,-1.0
2016-01-14,99.52,2.1299999999999955,-1.0,1.0,1.0,1.0,-1.0,-1.0,-1.0
2016-01-15,97.13,-2.3900000000000006,1.0,-1.0,1.0,1.0,1.0,-1.0,1.0
2016-01-20,96.79,0.13000000000000966,-1.0,1.0,-1.0,1.0,1.0,1.0,-1.0
2016-01-21,96.3,-0.4900000000000091,1.0,-1.0,1.0,-1.0,1.0,1.0,-1.0
2016-01-22,101.42,5.1200000000000045,-1.0,1.0,-1.0,1.0,-1.0,1.0,1.0
2016-01-25,99.44,-1.980000000000004,1.0,-1.0,1.0,-1.0,1.0,-1.0,-1.0
2016-01-26,99.99,0.5499999999999972,-1.0,1.0,-1.0,1.0,-1.0,1.0,1.0
2016-01-27,93.42,-6.569999999999993,1.0,-1.0,1.0,-1.0,1.0,-1.0,-1.0
2016-01-28,94.09,0.6700000000000017,-1.0,1.0,-1.0,1.0,-1.0,1.0,1.0
2016-01-29,97.34,3.25,1.0,-1.0,1.0,-1.0,1.0,-1.0,-1.0
2016-02-01,96.43,-0.9099999999999966,1.0,1.0,-1.0,1.0,-1.0,1.0,1.0
2016-02-02,94.48,-1.9500000000000028,-1.0,1.0,1.0,-1.0,1.0,-1.0,-1.0
2016-02-03,96.35,1.8699999999999903,-1.0,-1.0,1.0,1.0,-1.0,1.0,1.0
2016-02-04,96.6,0.25,1.0,-1.0,-1.0,1.0,1.0,-1.0,1.0
2016-02-05,94.02,-2.5799999999999983,1.0,1.0,-1.0,-1.0,1.0,1.0,1.0
2016-02-08,95.01,0.9900000000000091,-1.0,1.0,1.0,-1.0,-1.0,1.0,-1.0
2016-02-09,94.99,-0.020000000000010232,1.0,-1.0,1.0,1.0,-1.0,-1.0,1.0
2016-02-10,94.27,-0.7199999999999989,-1.0,1.0,-1.0,1.0,1.0,-1.0,1.0
2016-02-11,93.7,-0.5699999999999932,-1.0,-1.0,1.0,-1.0,1.0,1.0,-1.0
2016-02-12,93.99,0.28999999999999204,-1.0,-1.0,-1.0,1.0,-1.0,1.0,1.0
2016-02-17,98.12,1.480000000000004,1.0,-1.0,-1.0,-1.0,1.0,-1.0,-1.0
2016-02-18,96.26,-1.8599999999999994,1.0,1.0,-1.0,-1.0,-1.0,1.0,1.0
2016-02-19,96.04,-0.21999999999999886,-1.0,1.0,1.0,-1.0,-1.0,-1.0,-1.0
2016-02-22,96.88,0.8399999999999892,-1.0,-1.0,1.0,1.0,-1.0,-1.0,1.0
2016-02-23,94.69,-2.1899999999999977,1.0,-1.0,-1.0,1.0,1.0,-1.0,1.0
2016-02-24,96.1,1.4099999999999966,-1.0,1.0,-1.0,-1.0,1.0,1.0,1.0
2016-02-25,96.76,0.6600000000000108,1.0,-1.0,1.0,-1.0,-1.0,1.0,1.0
2016-02-26,96.91,0.14999999999999147,1.0,1.0,-1.0,1.0,-1.0,-1.0,1.0
2016-02-29,96.69,-0.21999999999999886,1.0,1.0,1.0,-1.0,1.0,-1.0,-1.0
2016-03-01,100.53,3.8400000000000034,-1.0,1.0,1.0,1.0,-1.0,1.0,-1.0
2016-03-02,100.75,0.21999999999999886,1.0,-1.0,1.0,1.0,1.0,-1.0,1.0
2016-03-03,101.5,0.75,1.0,1.0,-1.0,1.0,1.0,1.0,1.0
2016-03-04,103.01,1.5100000000000051,1.0,1.0,1.0,-1.0,1.0,1.0,1.0
2016-03-07,101.87,-1.1400000000000006,1.0,1.0,1.0,1.0,-1.0,1.0,1.0
2016-03-08,101.03,-0.8400000000000034,-1.0,1.0,1.0,1.0,1.0,-1.0,1.0
2016-03-09,101.12,0.09000000000000341,-1.0,-1.0,1.0,1.0,1.0,1.0,1.0
2016-03-10,101.17,0.04999999999999716,1.0,-1.0,-1.0,1.0,1.0,1.0,1.0
2016-03-11,102.26,1.0900000000000034,1.0,1.0,-1.0,-1.0,1.0,1.0,1.0
2016-03-14,102.52,0.2599999999999909,1.0,1.0,1.0,-1.0,-1.0,1.0,-1.0
2016-03-15,104.58,2.0600000000000023,1.0,1.0,1.0,1.0,-1.0,-1.0,1.0
2016-03-16,105.97,1.3900000000000006,1.0,1.0,1.0,1.0,1.0,-1.0,1.0
2016-03-17,105.8,-0.1700000000000017,1.0,1.0,1.0,1.0,1.0,1.0,1.0
2016-03-18,105.92,0.12000000000000455,-1.0,1.0,1.0,1.0,1.0,1.0,1.0
2016-03-21,105.91,-0.010000000000005116,1.0,-1.0,1.0,1.0,1.0,1.0,-1.0
2016-03-22,106.72,0.8100000000000023,-1.0,1.0,-1.0,1.0,1.0,1.0,-1.0
2016-03-23,106.13,-0.5900000000000034,1.0,-1.0,1.0,-1.0,1.0,1.0,-1.0
2016-03-24,105.67,-0.45999999999999375,-1.0,1.0,-1.0,1.0,-1.0,1.0,1.0
2016-03-29,107.68,2.490000000000009,-1.0,-1.0,1.0,-1.0,1.0,-1.0,-1.0
2016-03-30,109.56,1.8799999999999955,1.0,-1.0,-1.0,1.0,-1.0,1.0,1.0
2016-03-31,108.99,-0.5700000000000074,1.0,1.0,-1.0,-1.0,1.0,-1.0,1.0
2016-04-01,109.99,1.0,-1.0,1.0,1.0,-1.0,-1.0,1.0,-1.0
2016-04-04,111.12,1.1300000000000097,1.0,-1.0,1.0,1.0,-1.0,-1.0,1.0
2016-04-05,109.81,-1.3100000000000023,1.0,1.0,-1.0,1.0,1.0,-1.0,1.0
2016-04-06,110.96,1.1499999999999915,-1.0,1.0,1.0,-1.0,1.0,1.0,1.0
2016-04-07,108.54,-2.4199999999999875,1.0,-1.0,1.0,1.0,-1.0,1.0,1.0
2016-04-08,108.66,0.11999999999999034,-1.0,1.0,-1.0,1.0,1.0,-1.0,1.0
2016-04-11,109.02,0.35999999999999943,1.0,-1.0,1.0,-1.0,1.0,1.0,-1.0
2016-04-12,110.44,1.4200000000000017,1.0,1.0,-1.0,1.0,-1.0,1.0,1.0
2016-04-13,112.04,1.6000000000000085,1.0,1.0,1.0,-1.0,1.0,-1.0,-1.0
2016-04-14,112.1,0.05999999999998806,1.0,1.0,1.0,1.0,-1.0,1.0,1.0
2016-04-15,109.85,-2.25,1.0,1.0,1.0,1.0,1.0,-1.0,1.0
2016-04-18,107.48,-2.3699999999999903,-1.0,1.0,1.0,1.0,1.0,1.0,1.0
2016-04-19,106.91,-0.5700000000000074,-1.0,-1.0,1.0,1.0,1.0,1.0,1.0
2016-04-20,107.13,0.21999999999999886,-1.0,-1.0,-1.0,1.0,1.0,1.0,1.0
2016-04-21,105.97,-1.1599999999999966,1.0,-1.0,-1.0,-1.0,1.0,1.0,-1.0
2016-04-22,105.68,-0.28999999999999204,-1.0,1.0,-1.0,-1.0,-1.0,1.0,1.0
2016-04-25,105.08,-0.6000000000000085,-1.0,-1.0,1.0,-1.0,-1.0,-1.0,-1.0
2016-04-26,104.35,-0.730000000000004,-1.0,-1.0,-1.0,1.0,-1.0,-1.0,1.0
2016-04-27,97.82,-6.530000000000001,-1.0,-1.0,-1.0,-1.0,1.0,-1.0,-1.0
2016-04-28,94.83,-2.989999999999995,-1.0,-1.0,-1.0,-1.0,-1.0,1.0,1.0
2016-04-29,93.74,-1.0900000000000034,-1.0,-1.0,-1.0,-1.0,-1.0,-1.0,-1.0
2016-05-02,93.64,-0.09999999999999432,-1.0,-1.0,-1.0,-1.0,-1.0,-1.0,-1.0
2016-05-03,95.18,1.5400000000000063,-1.0,-1.0,-1.0,-1.0,-1.0,-1.0,-1.0
2016-05-04,94.19,-0.9900000000000091,1.0,-1.0,-1.0,-1.0,-1.0,-1.0,-1.0
2016-05-05,93.24,-0.9500000000000028,-1.0,1.0,-1.0,-1.0,-1.0,-1.0,-1.0
2016-05-06,92.72,-0.519999999999996,-1.0,-1.0,1.0,-1.0,-1.0,-1.0,-1.0
2016-05-09,92.79,0.07000000000000739,-1.0,-1.0,-1.0,1.0,-1.0,-1.0,1.0
2016-05-10,93.42,0.6299999999999955,1.0,-1.0,-1.0,-1.0,1.0,-1.0,-1.0
2016-05-11,92.51,-0.9099999999999966,1.0,1.0,-1.0,-1.0,-1.0,1.0,1.0
2016-05-12,90.34,-2.1700000000000017,-1.0,1.0,1.0,-1.0,-1.0,-1.0,-1.0
2016-05-13,90.52,0.1799999999999926,-1.0,-1.0,1.0,1.0,-1.0,-1.0,1.0
2016-05-16,93.88,3.3599999999999994,1.0,-1.0,-1.0,1.0,1.0,-1.0,1.0
2016-05-17,93.49,-0.39000000000000057,1.0,1.0,-1.0,-1.0,1.0,1.0,1.0
2016-05-18,94.56,1.0700000000000074,-1.0,1.0,1.0,-1.0,-1.0,1.0,-1.0
2016-05-19,94.2,-0.35999999999999943,1.0,-1.0,1.0,1.0,-1.0,-1.0,1.0
2016-05-20,95.22,1.019999999999996,-1.0,1.0,-1.0,1.0,1.0,-1.0,1.0
2016-05-23,96.43,1.210000000000008,1.0,-1.0,1.0,-1.0,1.0,1.0,-1.0
2016-05-24,97.9,1.4699999999999989,1.0,1.0,-1.0,1.0,-1.0,1.0,1.0
2016-05-25,99.62,1.7199999999999989,1.0,1.0,1.0,-1.0,1.0,-1.0,-1.0
2016-05-26,100.41,0.789999999999992,1.0,1.0,1.0,1.0,-1.0,1.0,1.0
2016-05-27,100.35,-0.060000000000002274,1.0,1.0,1.0,1.0,1.0,-1.0,1.0
2016-06-01,98.46,-1.4000000000000057,-1.0,1.0,1.0,1.0,1.0,1.0,1.0
2016-06-02,97.72,-0.7399999999999949,-1.0,-1.0,1.0,1.0,1.0,1.0,1.0
2016-06-03,97.92,0.20000000000000284,-1.0,-1.0,-1.0,1.0,1.0,1.0,1.0
2016-06-06,98.63,0.7099999999999937,1.0,-1.0,-1.0,-1.0,1.0,1.0,-1.0
2016-06-07,99.03,0.4000000000000057,1.0,1.0,-1.0,-1.0,-1.0,1.0,1.0
2016-06-08,98.94,-0.09000000000000341,1.0,1.0,1.0,-1.0,-1.0,-1.0,-1.0
2016-06-09,99.65,0.710000000000008,-1.0,1.0,1.0,1.0,-1.0,-1.0,-1.0
2016-06-10,98.83,-0.8200000000000074,1.0,-1.0,1.0,1.0,1.0,-1.0,1.0
2016-06-13,97.34,-1.4899999999999949,-1.0,1.0,-1.0,1.0,1.0,1.0,-1.0
2016-06-14,97.46,0.11999999999999034,-1.0,-1.0,1.0,-1.0,1.0,1.0,-1.0
2016-06-15,97.14,-0.3199999999999932,1.0,-1.0,-1.0,1.0,-1.0,1.0,1.0
2016-06-16,97.55,0.4099999999999966,-1.0,1.0,-1.0,-1.0,1.0,-1.0,-1.0
2016-06-17,95.33,-2.219999999999999,1.0,-1.0,1.0,-1.0,-1.0,1.0,1.0
2016-06-20,95.1,-0.23000000000000398,-1.0,1.0,-1.0,1.0,-1.0,-1.0,-1.0
2016-06-21,95.91,0.8100000000000023,-1.0,-1.0,1.0,-1.0,1.0,-1.0,-1.0
2016-06-22,95.55,-0.35999999999999943,1.0,-1.0,-1.0,1.0,-1.0,1.0,1.0
2016-06-23,96.1,0.5499999999999972,-1.0,1.0,-1.0,-1.0,1.0,-1.0,-1.0
2016-06-24,93.4,-2.6999999999999886,1.0,-1.0,1.0,-1.0,-1.0,1.0,1.0
2016-06-27,92.04,-1.3599999999999994,-1.0,1.0,-1.0,1.0,-1.0,-1.0,-1.0
2016-06-28,93.59,1.5499999999999972,-1.0,-1.0,1.0,-1.0,1.0,-1.0,-1.0
2016-06-29,94.4,0.8100000000000023,1.0,-1.0,-1.0,1.0,-1.0,1.0,1.0
2016-06-30,95.6,1.1999999999999886,1.0,1.0,-1.0,-1.0,1.0,-1.0,1.0
2016-07-01,95.89,0.29000000000000625,1.0,1.0,1.0,-1.0,-1.0,1.0,-1.0
2016-07-06,95.53,0.5400000000000063,1.0,1.0,1.0,1.0,-1.0,-1.0,1.0
2016-07-07,95.94,0.4099999999999966,1.0,1.0,1.0,1.0,1.0,-1.0,1.0
2016-07-08,96.68,0.7400000000000091,1.0,1.0,1.0,1.0,1.0,1.0,1.0
2016-07-11,96.98,0.29999999999999716,1.0,1.0,1.0,1.0,1.0,1.0,1.0
2016-07-12,97.42,0.4399999999999977,1.0,1.0,1.0,1.0,1.0,1.0,1.0
2016-07-13,96.87,-0.5499999999999972,1.0,1.0,1.0,1.0,1.0,1.0,1.0
2016-07-14,98.79,1.9200000000000017,-1.0,1.0,1.0,1.0,1.0,1.0,1.0
2016-07-15,98.78,-0.010000000000005116,1.0,-1.0,1.0,1.0,1.0,1.0,-1.0
2016-07-18,99.83,1.0499999999999972,-1.0,1.0,-1.0,1.0,1.0,1.0,-1.0
2016-07-19,99.87,0.04000000000000625,1.0,-1.0,1.0,-1.0,1.0,1.0,-1.0
2016-07-20,99.96,0.0899999999999892,1.0,1.0,-1.0,1.0,-1.0,1.0,1.0
2016-07-21,99.43,-0.5299999999999869,1.0,1.0,1.0,-1.0,1.0,-1.0,-1.0
2016-07-22,98.66,-0.7700000000000102,-1.0,1.0,1.0,1.0,-1.0,1.0,-1.0
2016-07-25,97.34,-1.3199999999999932,-1.0,-1.0,1.0,1.0,1.0,-1.0,1.0
2016-07-26,96.67,-0.6700000000000017,-1.0,-1.0,-1.0,1.0,1.0,1.0,1.0
2016-07-27,102.95,6.280000000000001,-1.0,-1.0,-1.0,-1.0,1.0,1.0,1.0
2016-07-28,104.34,1.3900000000000006,1.0,-1.0,-1.0,-1.0,-1.0,1.0,1.0
2016-07-29,104.21,-0.13000000000000966,1.0,1.0,-1.0,-1.0,-1.0,-1.0,1.0
2016-08-01,106.05,1.8400000000000034,-1.0,1.0,1.0,-1.0,-1.0,-1.0,-1.0
2016-08-02,104.48,-1.5699999999999932,1.0,-1.0,1.0,1.0,-1.0,-1.0,1.0
2016-08-03,105.79,1.3100000000000023,-1.0,1.0,-1.0,1.0,1.0,-1.0,1.0
2016-08-04,105.87,0.0799999999999983,1.0,-1.0,1.0,-1.0,1.0,1.0,-1.0
2016-08-05,107.48,1.6099999999999994,1.0,1.0,-1.0,1.0,-1.0,1.0,1.0
2016-08-08,108.37,0.8900000000000006,1.0,1.0,1.0,-1.0,1.0,-1.0,-1.0
2016-08-09,108.81,0.4399999999999977,1.0,1.0,1.0,1.0,-1.0,1.0,1.0
2016-08-10,108.0,-0.8100000000000023,1.0,1.0,1.0,1.0,1.0,-1.0,1.0
2016-08-11,107.93,-0.06999999999999318,-1.0,1.0,1.0,1.0,1.0,1.0,1.0
2016-08-12,108.18,0.25,-1.0,-1.0,1.0,1.0,1.0,1.0,1.0
2016-08-15,109.48,1.2999999999999972,1.0,-1.0,-1.0,1.0,1.0,1.0,1.0
2016-08-16,109.38,-0.10000000000000853,1.0,1.0,-1.0,-1.0,1.0,1.0,1.0
2016-08-17,109.22,-0.1599999999999966,-1.0,1.0,1.0,-1.0,-1.0,1.0,-1.0
2016-08-18,109.08,-0.14000000000000057,-1.0,-1.0,1.0,1.0,-1.0,-1.0,1.0
2016-08-19,109.36,0.28000000000000114,-1.0,-1.0,-1.0,1.0,1.0,-1.0,1.0
2016-08-22,108.51,-0.8499999999999943,1.0,-1.0,-1.0,-1.0,1.0,1.0,-1.0
2016-08-23,108.85,0.3399999999999892,-1.0,1.0,-1.0,-1.0,-1.0,1.0,1.0
2016-08-24,108.03,-0.8199999999999932,1.0,-1.0,1.0,-1.0,-1.0,-1.0,-1.0
2016-08-25,107.57,-0.46000000000000796,-1.0,1.0,-1.0,1.0,-1.0,-1.0,-1.0
2016-08-26,106.94,-0.6299999999999955,-1.0,-1.0,1.0,-1.0,1.0,-1.0,-1.0
2016-08-29,106.82,-0.12000000000000455,-1.0,-1.0,-1.0,1.0,-1.0,1.0,1.0
2016-08-30,106.0,-0.8199999999999932,-1.0,-1.0,-1.0,-1.0,1.0,-1.0,-1.0
2016-08-31,106.1,0.09999999999999432,-1.0,-1.0,-1.0,-1.0,-1.0,1.0,1.0
2016-09-01,106.73,0.6300000000000097,1.0,-1.0,-1.0,-1.0,-1.0,-1.0,-1.0
2016-09-02,107.73,1.0,1.0,1.0,-1.0,-1.0,-1.0,-1.0,1.0
2016-09-07,108.36,0.6599999999999966,1.0,1.0,1.0,-1.0,-1.0,-1.0,-1.0
2016-09-08,105.52,-2.8400000000000034,1.0,1.0,1.0,1.0,-1.0,-1.0,1.0
2016-09-09,103.13,-2.3900000000000006,-1.0,1.0,1.0,1.0,1.0,-1.0,1.0
2016-09-12,105.44,2.3100000000000023,-1.0,-1.0,1.0,1.0,1.0,1.0,1.0
2016-09-13,107.95,2.510000000000005,1.0,-1.0,-1.0,1.0,1.0,1.0,1.0
2016-09-14,111.77,3.819999999999993,1.0,1.0,-1.0,-1.0,1.0,1.0,1.0
2016-09-15,115.57,3.799999999999997,1.0,1.0,1.0,-1.0,-1.0,1.0,-1.0
2016-09-16,114.92,-0.6499999999999915,1.0,1.0,1.0,1.0,-1.0,-1.0,1.0
2016-09-19,113.58,-1.3400000000000034,-1.0,1.0,1.0,1.0,1.0,-1.0,1.0
2016-09-20,113.57,-0.010000000000005116,-1.0,-1.0,1.0,1.0,1.0,1.0,1.0
2016-09-21,113.55,-0.01999999999999602,-1.0,-1.0,-1.0,1.0,1.0,1.0,1.0
2016-09-22,114.62,1.0700000000000074,-1.0,-1.0,-1.0,-1.0,1.0,1.0,1.0
2016-09-23,112.71,-1.9100000000000108,1.0,-1.0,-1.0,-1.0,-1.0,1.0,1.0
2016-09-26,112.88,0.1700000000000017,-1.0,1.0,-1.0,-1.0,-1.0,-1.0,-1.0
2016-09-27,113.09,0.21000000000000796,1.0,-1.0,1.0,-1.0,-1.0,-1.0,-1.0
2016-09-28,113.95,0.8599999999999994,1.0,1.0,-1.0,1.0,-1.0,-1.0,1.0
2016-09-29,112.18,-1.769999999999996,1.0,1.0,1.0,-1.0,1.0,-1.0,-1.0
2016-09-30,113.05,0.8699999999999903,-1.0,1.0,1.0,1.0,-1.0,1.0,-1.0
2016-10-03,112.52,-0.5300000000000011,1.0,-1.0,1.0,1.0,1.0,-1.0,1.0
2016-10-04,113.0,0.480000000000004,-1.0,1.0,-1.0,1.0,1.0,1.0,-1.0
2016-10-05,113.05,0.04999999999999716,1.0,-1.0,1.0,-1.0,1.0,1.0,-1.0
2016-10-06,113.89,0.8400000000000034,1.0,1.0,-1.0,1.0,-1.0,1.0,1.0
2016-10-07,114.06,0.1700000000000017,1.0,1.0,1.0,-1.0,1.0,-1.0,-1.0
2016-10-10,116.05,1.9899999999999949,1.0,1.0,1.0,1.0,-1.0,1.0,1.0
2016-10-11,116.3,0.25,1.0,1.0,1.0,1.0,1.0,-1.0,1.0
2016-10-12,117.34,1.0400000000000063,1.0,1.0,1.0,1.0,1.0,1.0,1.0
2016-10-13,116.98,-0.35999999999999943,1.0,1.0,1.0,1.0,1.0,1.0,1.0
2016-10-14,117.63,0.6499999999999915,-1.0,1.0,1.0,1.0,1.0,1.0,1.0
2016-10-17,117.55,-0.0799999999999983,1.0,-1.0,1.0,1.0,1.0,1.0,-1.0
2016-10-18,117.47,-0.0799999999999983,-1.0,1.0,-1.0,1.0,1.0,1.0,-1.0
2016-10-19,117.12,-0.3499999999999943,-1.0,-1.0,1.0,-1.0,1.0,1.0,-1.0
2016-10-20,117.06,-0.060000000000002274,-1.0,-1.0,-1.0,1.0,-1.0,1.0,1.0
2016-10-21,116.6,-0.46000000000000796,-1.0,-1.0,-1.0,-1.0,1.0,-1.0,-1.0
2016-10-24,117.65,1.0500000000000114,-1.0,-1.0,-1.0,-1.0,-1.0,1.0,1.0
2016-10-25,118.25,0.5999999999999943,1.0,-1.0,-1.0,-1.0,-1.0,-1.0,-1.0
2016-10-26,115.59,-2.6599999999999966,1.0,1.0,-1.0,-1.0,-1.0,-1.0,1.0
2016-10-27,114.48,-1.1099999999999994,-1.0,1.0,1.0,-1.0,-1.0,-1.0,-1.0
2016-10-28,113.72,-0.7600000000000051,-1.0,-1.0,1.0,1.0,-1.0,-1.0,1.0
2016-10-31,113.54,-0.1799999999999926,-1.0,-1.0,-1.0,1.0,1.0,-1.0,1.0
2016-11-01,111.49,-2.0500000000000114,-1.0,-1.0,-1.0,-1.0,1.0,1.0,1.0
2016-11-02,111.59,0.10000000000000853,-1.0,-1.0,-1.0,-1.0,-1.0,1.0,1.0
2016-11-03,109.83,-1.7600000000000051,1.0,-1.0,-1.0,-1.0,-1.0,-1.0,-1.0
2016-11-04,108.84,-0.9899999999999949,-1.0,1.0,-1.0,-1.0,-1.0,-1.0,-1.0
2016-11-07,110.41,1.5699999999999932,-1.0,-1.0,1.0,-1.0,-1.0,-1.0,-1.0
2016-11-08,111.06,0.6500000000000057,1.0,-1.0,-1.0,1.0,-1.0,-1.0,1.0
2016-11-09,110.88,-0.18000000000000682,1.0,1.0,-1.0,-1.0,1.0,-1.0,1.0
2016-11-10,107.79,-3.089999999999989,-1.0,1.0,1.0,-1.0,-1.0,1.0,-1.0
2016-11-11,108.43,0.6400000000000006,-1.0,-1.0,1.0,1.0,-1.0,-1.0,1.0
2016-11-14,105.71,-2.720000000000013,1.0,-1.0,-1.0,1.0,1.0,-1.0,1.0
2016-11-15,107.11,1.4000000000000057,-1.0,1.0,-1.0,-1.0,1.0,1.0,1.0
2016-11-16,109.99,2.8799999999999955,1.0,-1.0,1.0,-1.0,-1.0,1.0,1.0
2016-11-17,109.95,-0.03999999999999204,1.0,1.0,-1.0,1.0,-1.0,-1.0,1.0
2016-11-18,110.06,0.10999999999999943,-1.0,1.0,1.0,-1.0,1.0,-1.0,-1.0
2016-11-21,111.73,1.6700000000000017,1.0,-1.0,1.0,1.0,-1.0,1.0,1.0
2016-11-22,111.8,0.06999999999999318,1.0,1.0,-1.0,1.0,1.0,-1.0,1.0
2016-11-23,111.23,-0.5699999999999932,1.0,1.0,1.0,-1.0,1.0,1.0,1.0
2016-11-28,111.57,-0.22000000000001307,-1.0,1.0,1.0,1.0,-1.0,1.0,-1.0
2016-11-29,111.46,-0.10999999999999943,-1.0,-1.0,1.0,1.0,1.0,-1.0,1.0
2016-11-30,110.52,-0.9399999999999977,-1.0,-1.0,-1.0,1.0,1.0,1.0,1.0
2016-12-01,109.49,-1.0300000000000011,-1.0,-1.0,-1.0,-1.0,1.0,1.0,1.0
2016-12-02,109.9,0.4100000000000108,-1.0,-1.0,-1.0,-1.0,-1.0,1.0,1.0
2016-12-05,109.11,-0.7900000000000063,1.0,-1.0,-1.0,-1.0,-1.0,-1.0,-1.0
2016-12-06,109.95,0.8400000000000034,-1.0,1.0,-1.0,-1.0,-1.0,-1.0,-1.0
2016-12-07,111.03,1.0799999999999983,1.0,-1.0,1.0,-1.0,-1.0,-1.0,-1.0
2016-12-08,112.12,1.0900000000000034,1.0,1.0,-1.0,1.0,-1.0,-1.0,1.0
2016-12-09,113.95,1.8299999999999983,1.0,1.0,1.0,-1.0,1.0,-1.0,-1.0
2016-12-12,113.3,-0.6500000000000057,1.0,1.0,1.0,1.0,-1.0,1.0,1.0
2016-12-13,115.19,1.8900000000000006,-1.0,1.0,1.0,1.0,1.0,-1.0,1.0
2016-12-14,115.19,0.0,1.0,-1.0,1.0,1.0,1.0,1.0,-1.0
2016-12-15,115.82,0.6299999999999955,0.0,1.0,-1.0,1.0,1.0,1.0,1.0
2016-12-16,115.97,0.15000000000000568,1.0,0.0,1.0,-1.0,1.0,1.0,-1.0
2016-12-19,116.64,0.6700000000000017,1.0,1.0,0.0,1.0,-1.0,1.0,1.0
2016-12-20,116.95,0.3100000000000023,1.0,1.0,1.0,0.0,1.0,-1.0,-1.0
2016-12-21,117.06,0.10999999999999943,1.0,1.0,1.0,1.0,0.0,1.0,1.0
2016-12-22,116.29,-0.769999999999996,1.0,1.0,1.0,1.0,1.0,0.0,1.0
2016-12-23,116.52,0.22999999999998977,-1.0,1.0,1.0,1.0,1.0,1.0,1.0
2016-12-28,116.76,-0.5,1.0,-1.0,1.0,1.0,1.0,1.0,-1.0
2016-12-29,116.73,-0.030000000000001137,-1.0,1.0,-1.0,1.0,1.0,1.0,-1.0
2016-12-30,115.82,-0.9100000000000108,-1.0,-1.0,1.0,-1.0,1.0,1.0,-1.0
2017-01-04,116.02,-0.13000000000000966,-1.0,-1.0,-1.0,1.0,-1.0,1.0,1.0
2017-01-05,116.61,0.5900000000000034,-1.0,-1.0,-1.0,-1.0,1.0,-1.0,-1.0
2017-01-06,117.91,1.2999999999999972,1.0,-1.0,-1.0,-1.0,-1.0,1.0,1.0
2017-01-09,118.99,1.0799999999999983,1.0,1.0,-1.0,-1.0,-1.0,-1.0,1.0
2017-01-10,119.11,0.12000000000000455,1.0,1.0,1.0,-1.0,-1.0,-1.0,-1.0
2017-01-11,119.75,0.6400000000000006,1.0,1.0,1.0,1.0,-1.0,-1.0,1.0
2017-01-12,119.25,-0.5,1.0,1.0,1.0,1.0,1.0,-1.0,1.0
2017-01-13,119.04,-0.20999999999999375,-1.0,1.0,1.0,1.0,1.0,1.0,1.0
2017-01-18,119.99,-0.010000000000005116,-1.0,-1.0,1.0,1.0,1.0,1.0,1.0
2017-01-19,119.78,-0.20999999999999375,-1.0,-1.0,-1.0,1.0,1.0,1.0,1.0
2017-01-20,120.0,0.21999999999999886,-1.0,-1.0,-1.0,-1.0,1.0,1.0,1.0
2017-01-23,120.08,0.0799999999999983,1.0,-1.0,-1.0,-1.0,-1.0,1.0,1.0
2017-01-24,119.97,-0.10999999999999943,1.0,1.0,-1.0,-1.0,-1.0,-1.0,1.0
2017-01-25,121.88,1.9099999999999966,-1.0,1.0,1.0,-1.0,-1.0,-1.0,-1.0
2017-01-26,121.94,0.060000000000002274,1.0,-1.0,1.0,1.0,-1.0,-1.0,1.0
2017-01-27,121.95,0.010000000000005116,1.0,1.0,-1.0,1.0,1.0,-1.0,1.0
2017-01-30,121.63,-0.3200000000000074,1.0,1.0,1.0,-1.0,1.0,1.0,1.0
2017-01-31,121.35,-0.28000000000000114,-1.0,1.0,1.0,1.0,-1.0,1.0,-1.0
2017-02-01,128.75,7.400000000000006,-1.0,-1.0,1.0,1.0,1.0,-1.0,1.0
2017-02-02,128.53,-0.21999999999999886,1.0,-1.0,-1.0,1.0,1.0,1.0,1.0
2017-02-03,129.08,0.5500000000000114,-1.0,1.0,-1.0,-1.0,1.0,1.0,1.0
2017-02-06,130.29,1.2099999999999795,1.0,-1.0,1.0,-1.0,-1.0,1.0,1.0
2017-02-07,131.53,1.240000000000009,1.0,1.0,-1.0,1.0,-1.0,-1.0,1.0
2017-02-08,132.04,0.5099999999999909,1.0,1.0,1.0,-1.0,1.0,-1.0,-1.0
2017-02-09,132.42,0.37999999999999545,1.0,1.0,1.0,1.0,-1.0,1.0,1.0
2017-02-10,132.12,-0.29999999999998295,1.0,1.0,1.0,1.0,1.0,-1.0,1.0
2017-02-13,133.29,1.1699999999999875,-1.0,1.0,1.0,1.0,1.0,1.0,1.0
2017-02-14,135.02,1.7300000000000182,1.0,-1.0,1.0,1.0,1.0,1.0,-1.0
2017-02-15,135.51,0.4899999999999807,1.0,1.0,-1.0,1.0,1.0,1.0,1.0
2017-02-16,135.345,-0.16499999999999204,1.0,1.0,1.0,-1.0,1.0,1.0,1.0
2017-02-17,135.72,0.375,-1.0,1.0,1.0,1.0,-1.0,1.0,-1.0
2017-02-22,137.11,0.410000000000025,1.0,-1.0,1.0,1.0,1.0,-1.0,1.0
2017-02-23,136.53,-0.5800000000000125,1.0,1.0,-1.0,1.0,1.0,1.0,1.0
2017-02-24,136.66,0.12999999999999545,-1.0,1.0,1.0,-1.0,1.0,1.0,1.0
2017-02-27,136.93,0.27000000000001023,1.0,-1.0,1.0,1.0,-1.0,1.0,1.0
2017-02-28,136.99,0.060000000000002274,1.0,1.0,-1.0,1.0,1.0,-1.0,1.0
2017-03-01,139.79,2.799999999999983,1.0,1.0,1.0,-1.0,1.0,1.0,1.0
2017-03-02,138.96,-0.8299999999999841,1.0,1.0,1.0,1.0,-1.0,1.0,1.0
2017-03-03,139.78,0.8199999999999932,-1.0,1.0,1.0,1.0,1.0,-1.0,1.0
2017-03-06,139.34,-0.4399999999999977,1.0,-1.0,1.0,1.0,1.0,1.0,-1.0
2017-03-07,139.52,0.18000000000000682,-1.0,1.0,-1.0,1.0,1.0,1.0,-1.0
2017-03-08,139.0,-0.5200000000000102,1.0,-1.0,1.0,-1.0,1.0,1.0,-1.0
2017-03-09,138.68,-0.3199999999999932,-1.0,1.0,-1.0,1.0,-1.0,1.0,1.0
2017-03-10,139.14,0.45999999999997954,-1.0,-1.0,1.0,-1.0,1.0,-1.0,-1.0
2017-03-13,139.2,0.060000000000002274,1.0,-1.0,-1.0,1.0,-1.0,1.0,1.0
2017-03-14,138.99,-0.20999999999997954,1.0,1.0,-1.0,-1.0,1.0,-1.0,1.0
2017-03-15,140.46,1.4699999999999989,-1.0,1.0,1.0,-1.0,-1.0,1.0,-1.0
2017-03-16,140.69,0.22999999999998977,1.0,-1.0,1.0,1.0,-1.0,-1.0,1.0
2017-03-17,139.99,-0.6999999999999886,1.0,1.0,-1.0,1.0,1.0,-1.0,1.0
2017-03-20,141.46,1.4699999999999989,-1.0,1.0,1.0,-1.0,1.0,1.0,1.0
2017-03-21,139.84,-1.6200000000000045,1.0,-1.0,1.0,1.0,-1.0,1.0,1.0
2017-03-22,141.42,1.579999999999984,-1.0,1.0,-1.0,1.0,1.0,-1.0,1.0
2017-03-23,140.92,-0.5,1.0,-1.0,1.0,-1.0,1.0,1.0,-1.0
2017-03-24,140.64,-0.28000000000000114,-1.0,1.0,-1.0,1.0,-1.0,1.0,1.0
2017-03-27,140.88,0.2400000000000091,-1.0,-1.0,1.0,-1.0,1.0,-1.0,-1.0
2017-03-28,143.8,2.920000000000016,1.0,-1.0,-1.0,1.0,-1.0,1.0,1.0
2017-03-29,144.12,0.3199999999999932,1.0,1.0,-1.0,-1.0,1.0,-1.0,1.0
2017-03-30,143.93,-0.18999999999999773,1.0,1.0,1.0,-1.0,-1.0,1.0,-1.0
2017-03-31,143.66,-0.27000000000001023,-1.0,1.0,1.0,1.0,-1.0,-1.0,-1.0
2017-04-03,143.7,0.03999999999999204,-1.0,-1.0,1.0,1.0,1.0,-1.0,1.0
2017-04-04,144.77,1.0700000000000216,1.0,-1.0,-1.0,1.0,1.0,1.0,1.0
2017-04-05,144.02,-0.75,1.0,1.0,-1.0,-1.0,1.0,1.0,1.0
2017-04-06,143.66,-0.36000000000001364,-1.0,1.0,1.0,-1.0,-1.0,1.0,-1.0
2017-04-07,143.34,-0.3199999999999932,-1.0,-1.0,1.0,1.0,-1.0,-1.0,1.0
2017-04-10,143.17,-0.17000000000001592,-1.0,-1.0,-1.0,1.0,1.0,-1.0,1.0
2017-04-11,141.63,-1.539999999999992,-1.0,-1.0,-1.0,-1.0,1.0,1.0,1.0
2017-04-12,141.8,0.17000000000001592,-1.0,-1.0,-1.0,-1.0,-1.0,1.0,1.0
2017-04-13,141.05,-0.75,1.0,-1.0,-1.0,-1.0,-1.0,-1.0,-1.0
2017-04-18,141.2,-0.6300000000000239,-1.0,1.0,-1.0,-1.0,-1.0,-1.0,-1.0
2017-04-19,140.68,-0.5199999999999818,-1.0,-1.0,1.0,-1.0,-1.0,-1.0,-1.0
2017-04-20,142.44,1.759999999999991,-1.0,-1.0,-1.0,1.0,-1.0,-1.0,1.0
2017-04-21,142.27,-0.1699999999999875,1.0,-1.0,-1.0,-1.0,1.0,-1.0,-1.0
2017-04-24,143.64,1.3699999999999761,-1.0,1.0,-1.0,-1.0,-1.0,1.0,1.0
2017-04-25,144.53,0.8900000000000148,1.0,-1.0,1.0,-1.0,-1.0,-1.0,-1.0
2017-04-26,143.68,-0.8499999999999943,1.0,1.0,-1.0,1.0,-1.0,-1.0,1.0
2017-04-27,143.79,0.10999999999998522,-1.0,1.0,1.0,-1.0,1.0,-1.0,-1.0
2017-04-28,143.65,-0.13999999999998636,1.0,-1.0,1.0,1.0,-1.0,1.0,1.0
2017-05-01,146.58,2.930000000000007,-1.0,1.0,-1.0,1.0,1.0,-1.0,1.0
2017-05-02,147.51,0.9299999999999784,1.0,-1.0,1.0,-1.0,1.0,1.0,-1.0
2017-05-03,147.06,-0.44999999999998863,1.0,1.0,-1.0,1.0,-1.0,1.0,1.0
2017-05-04,146.53,-0.5300000000000011,-1.0,1.0,1.0,-1.0,1.0,-1.0,-1.0
2017-05-05,148.96,2.430000000000007,-1.0,-1.0,1.0,1.0,-1.0,1.0,1.0
2017-05-08,153.01,4.049999999999983,1.0,-1.0,-1.0,1.0,1.0,-1.0,1.0
2017-05-09,153.99,0.9800000000000182,1.0,1.0,-1.0,-1.0,1.0,1.0,1.0
2017-05-10,153.26,-0.7300000000000182,1.0,1.0,1.0,-1.0,-1.0,1.0,-1.0
2017-05-11,153.95,0.6899999999999977,-1.0,1.0,1.0,1.0,-1.0,-1.0,-1.0
2017-05-12,156.1,2.1500000000000057,1.0,-1.0,1.0,1.0,1.0,-1.0,1.0
2017-05-15,155.7,-0.4000000000000057,1.0,1.0,-1.0,1.0,1.0,1.0,1.0
2017-05-16,155.47,-0.22999999999998977,-1.0,1.0,1.0,-1.0,1.0,1.0,1.0
2017-05-17,150.25,-5.219999999999999,-1.0,-1.0,1.0,1.0,-1.0,1.0,1.0
2017-05-18,152.54,2.289999999999992,-1.0,-1.0,-1.0,1.0,1.0,-1.0,1.0
2017-05-19,153.06,0.5200000000000102,1.0,-1.0,-1.0,-1.0,1.0,1.0,-1.0
2017-05-22,153.99,0.9300000000000068,1.0,1.0,-1.0,-1.0,-1.0,1.0,1.0
2017-05-23,153.8,-0.18999999999999773,1.0,1.0,1.0,-1.0,-1.0,-1.0,-1.0
2017-05-24,153.34,-0.46000000000000796,-1.0,1.0,1.0,1.0,-1.0,-1.0,-1.0
2017-05-25,153.87,0.5300000000000011,-1.0,-1.0,1.0,1.0,1.0,-1.0,1.0
2017-05-26,153.61,-0.2599999999999909,1.0,-1.0,-1.0,1.0,1.0,1.0,1.0
2017-05-31,152.76,-0.9099999999999966,-1.0,1.0,-1.0,-1.0,1.0,1.0,1.0
2017-06-01,153.18,0.4200000000000159,-1.0,-1.0,1.0,-1.0,-1.0,1.0,1.0
2017-06-02,155.45,2.269999999999982,1.0,-1.0,-1.0,1.0,-1.0,-1.0,1.0
2017-06-05,153.93,-1.5199999999999818,1.0,1.0,-1.0,-1.0,1.0,-1.0,1.0
2017-06-06,154.45,0.5199999999999818,-1.0,1.0,1.0,-1.0,-1.0,1.0,-1.0
2017-06-07,155.37,0.9200000000000159,1.0,-1.0,1.0,1.0,-1.0,-1.0,1.0
2017-06-08,154.99,-0.37999999999999545,1.0,1.0,-1.0,1.0,1.0,-1.0,1.0
2017-06-09,148.98,-6.010000000000019,-1.0,1.0,1.0,-1.0,1.0,1.0,1.0
2017-06-12,145.42,-3.5600000000000023,-1.0,-1.0,1.0,1.0,-1.0,1.0,1.0
2017-06-13,146.59,1.170000000000016,-1.0,-1.0,-1.0,1.0,1.0,-1.0,1.0
2017-06-14,145.16,-1.4300000000000068,1.0,-1.0,-1.0,-1.0,1.0,1.0,-1.0
2017-06-15,144.29,-0.8700000000000045,-1.0,1.0,-1.0,-1.0,-1.0,1.0,1.0
2017-06-16,142.27,-2.019999999999982,-1.0,-1.0,1.0,-1.0,-1.0,-1.0,-1.0
2017-06-19,146.34,4.069999999999993,-1.0,-1.0,-1.0,1.0,-1.0,-1.0,1.0
2017-06-20,145.01,-1.3300000000000125,1.0,-1.0,-1.0,-1.0,1.0,-1.0,-1.0
2017-06-21,145.87,0.8600000000000136,-1.0,1.0,-1.0,-1.0,-1.0,1.0,1.0
2017-06-22,145.63,-0.2400000000000091,1.0,-1.0,1.0,-1.0,-1.0,-1.0,-1.0
2017-06-23,146.28,0.6500000000000057,-1.0,1.0,-1.0,1.0,-1.0,-1.0,-1.0
2017-06-26,145.82,-0.46000000000000796,1.0,-1.0,1.0,-1.0,1.0,-1.0,-1.0
2017-06-27,143.73,-2.0900000000000034,-1.0,1.0,-1.0,1.0,-1.0,1.0,1.0
2017-06-28,145.83,2.1000000000000227,-1.0,-1.0,1.0,-1.0,1.0,-1.0,-1.0
2017-06-29,143.68,-2.1500000000000057,1.0,-1.0,-1.0,1.0,-1.0,1.0,1.0
2017-06-30,144.02,0.3400000000000034,-1.0,1.0,-1.0,-1.0,1.0,-1.0,-1.0
2017-07-03,143.5,-0.5200000000000102,1.0,-1.0,1.0,-1.0,-1.0,1.0,1.0
2017-07-06,142.73,-1.3600000000000136,-1.0,1.0,-1.0,1.0,-1.0,-1.0,-1.0
2017-07-07,144.18,1.450000000000017,-1.0,-1.0,1.0,-1.0,1.0,-1.0,-1.0
2017-07-10,145.06,0.8799999999999955,1.0,-1.0,-1.0,1.0,-1.0,1.0,1.0
2017-07-11,145.53,0.46999999999999886,1.0,1.0,-1.0,-1.0,1.0,-1.0,1.0
2017-07-12,145.74,0.21000000000000796,1.0,1.0,1.0,-1.0,-1.0,1.0,-1.0
2017-07-13,147.77,2.030000000000001,1.0,1.0,1.0,1.0,-1.0,-1.0,1.0
2017-07-14,149.04,1.2699999999999818,1.0,1.0,1.0,1.0,1.0,-1.0,1.0
2017-07-17,149.56,0.5200000000000102,1.0,1.0,1.0,1.0,1.0,1.0,1.0
2017-07-18,150.08,0.5200000000000102,1.0,1.0,1.0,1.0,1.0,1.0,1.0
2017-07-19,151.02,0.9399999999999977,1.0,1.0,1.0,1.0,1.0,1.0,1.0
2017-07-20,150.34,-0.6800000000000068,1.0,1.0,1.0,1.0,1.0,1.0,1.0
2017-07-21,150.27,-0.06999999999999318,-1.0,1.0,1.0,1.0,1.0,1.0,1.0
2017-07-24,152.09,1.8199999999999932,-1.0,-1.0,1.0,1.0,1.0,1.0,1.0
2017-07-25,152.74,0.6500000000000057,1.0,-1.0,-1.0,1.0,1.0,1.0,1.0
2017-07-26,153.46,0.7199999999999989,1.0,1.0,-1.0,-1.0,1.0,1.0,1.0
2017-07-27,150.56,-2.9000000000000057,1.0,1.0,1.0,-1.0,-1.0,1.0,-1.0
2017-07-28,149.5,-1.0600000000000023,-1.0,1.0,1.0,1.0,-1.0,-1.0,-1.0
2017-07-31,148.73,-0.7700000000000102,-1.0,-1.0,1.0,1.0,1.0,-1.0,1.0
2017-08-01,150.05,1.3200000000000216,-1.0,-1.0,-1.0,1.0,1.0,1.0,1.0
2017-08-02,157.14,7.089999999999975,1.0,-1.0,-1.0,-1.0,1.0,1.0,-1.0
2017-08-03,155.57,-1.5699999999999932,1.0,1.0,-1.0,-1.0,-1.0,1.0,1.0
2017-08-04,156.39,0.8199999999999932,-1.0,1.0,1.0,-1.0,-1.0,-1.0,-1.0
2017-08-07,158.81,2.420000000000016,1.0,-1.0,1.0,1.0,-1.0,-1.0,1.0
2017-08-08,160.08,1.2700000000000102,1.0,1.0,-1.0,1.0,1.0,-1.0,1.0
2017-08-09,161.06,0.9799999999999898,1.0,1.0,1.0,-1.0,1.0,1.0,1.0
2017-08-10,155.32,-5.740000000000009,1.0,1.0,1.0,1.0,-1.0,1.0,1.0
2017-08-11,157.48,2.1599999999999966,-1.0,1.0,1.0,1.0,1.0,-1.0,1.0
2017-08-14,159.85,2.3700000000000045,1.0,-1.0,1.0,1.0,1.0,1.0,-1.0
2017-08-15,161.6,1.75,1.0,1.0,-1.0,1.0,1.0,1.0,1.0
2017-08-16,160.95,-0.6500000000000057,1.0,1.0,1.0,-1.0,1.0,1.0,1.0
2017-08-17,157.86,-3.089999999999975,-1.0,1.0,1.0,1.0,-1.0,1.0,-1.0
2017-08-18,157.5,-0.36000000000001364,-1.0,-1.0,1.0,1.0,1.0,-1.0,1.0
2017-08-21,157.21,-0.28999999999999204,-1.0,-1.0,-1.0,1.0,1.0,1.0,1.0
2017-08-22,159.78,2.569999999999993,-1.0,-1.0,-1.0,-1.0,1.0,1.0,1.0
2017-08-23,159.98,0.19999999999998863,1.0,-1.0,-1.0,-1.0,-1.0,1.0,1.0
2017-08-24,159.27,-0.7099999999999795,1.0,1.0,-1.0,-1.0,-1.0,-1.0,1.0
2017-08-25,159.86,0.5900000000000034,-1.0,1.0,1.0,-1.0,-1.0,-1.0,-1.0
2017-08-28,161.47,1.6099999999999852,1.0,-1.0,1.0,1.0,-1.0,-1.0,1.0
2017-08-29,162.91,1.4399999999999977,1.0,1.0,-1.0,1.0,1.0,-1.0,1.0
2017-08-30,163.35,0.4399999999999977,1.0,1.0,1.0,-1.0,1.0,1.0,1.0
2017-08-31,164.0,0.6500000000000057,1.0,1.0,1.0,1.0,-1.0,1.0,1.0
2017-09-01,164.05,0.05000000000001137,1.0,1.0,1.0,1.0,1.0,-1.0,1.0
2017-09-06,161.91,-0.17000000000001592,1.0,1.0,1.0,1.0,1.0,1.0,1.0
2017-09-07,161.26,-0.6500000000000057,-1.0,1.0,1.0,1.0,1.0,1.0,1.0
2017-09-08,158.63,-2.6299999999999955,-1.0,-1.0,1.0,1.0,1.0,1.0,1.0
2017-09-11,161.5,2.8700000000000045,-1.0,-1.0,-1.0,1.0,1.0,1.0,1.0
2017-09-12,160.86,-0.6399999999999864,1.0,-1.0,-1.0,-1.0,1.0,1.0,-1.0
2017-09-13,159.65,-1.210000000000008,-1.0,1.0,-1.0,-1.0,-1.0,1.0,1.0
2017-09-14,158.28,-1.3700000000000045,-1.0,-1.0,1.0,-1.0,-1.0,-1.0,-1.0
2017-09-15,159.88,1.5999999999999943,-1.0,-1.0,-1.0,1.0,-1.0,-1.0,1.0
2017-09-18,158.67,-1.210000000000008,1.0,-1.0,-1.0,-1.0,1.0,-1.0,-1.0
2017-09-19,158.73,0.060000000000002274,-1.0,1.0,-1.0,-1.0,-1.0,1.0,1.0
2017-09-20,156.07,-2.6599999999999966,1.0,-1.0,1.0,-1.0,-1.0,-1.0,-1.0
2017-09-21,153.39,-2.680000000000007,-1.0,1.0,-1.0,1.0,-1.0,-1.0,-1.0
2017-09-22,151.89,-1.5,-1.0,-1.0,1.0,-1.0,1.0,-1.0,-1.0
2017-09-25,150.55,-1.339999999999975,-1.0,-1.0,-1.0,1.0,-1.0,1.0,1.0
2017-09-26,153.14,2.589999999999975,-1.0,-1.0,-1.0,-1.0,1.0,-1.0,-1.0
2017-09-27,154.23,1.0900000000000034,1.0,-1.0,-1.0,-1.0,-1.0,1.0,1.0
2017-09-28,153.28,-0.9499999999999886,1.0,1.0,-1.0,-1.0,-1.0,-1.0,1.0
2017-09-29,154.12,0.8400000000000034,-1.0,1.0,1.0,-1.0,-1.0,-1.0,-1.0
2017-10-02,153.81,-0.3100000000000023,1.0,-1.0,1.0,1.0,-1.0,-1.0,1.0
2017-10-03,154.48,0.6699999999999875,-1.0,1.0,-1.0,1.0,1.0,-1.0,1.0
2017-10-04,153.48,-1.0,1.0,-1.0,1.0,-1.0,1.0,1.0,-1.0
2017-10-05,155.39,1.9099999999999966,-1.0,1.0,-1.0,1.0,-1.0,1.0,1.0
2017-10-06,155.3,-0.08999999999997499,1.0,-1.0,1.0,-1.0,1.0,-1.0,-1.0
2017-10-09,155.84,0.539999999999992,-1.0,1.0,-1.0,1.0,-1.0,1.0,1.0
2017-10-10,155.9,0.060000000000002274,1.0,-1.0,1.0,-1.0,1.0,-1.0,-1.0
2017-10-11,156.55,0.6500000000000057,1.0,1.0,-1.0,1.0,-1.0,1.0,1.0
2017-10-12,156.0,-0.5500000000000114,1.0,1.0,1.0,-1.0,1.0,-1.0,-1.0
2017-10-13,156.99,0.9900000000000091,-1.0,1.0,1.0,1.0,-1.0,1.0,-1.0
2017-10-16,159.88,2.8899999999999864,1.0,-1.0,1.0,1.0,1.0,-1.0,1.0
2017-10-17,160.47,0.5900000000000034,1.0,1.0,-1.0,1.0,1.0,1.0,1.0
2017-10-18,159.76,-0.710000000000008,1.0,1.0,1.0,-1.0,1.0,1.0,1.0
2017-10-19,155.98,-3.780000000000001,-1.0,1.0,1.0,1.0,-1.0,1.0,-1.0
2017-10-20,156.25,0.27000000000001023,-1.0,-1.0,1.0,1.0,1.0,-1.0,1.0
2017-10-23,156.17,-0.0800000000000125,1.0,-1.0,-1.0,1.0,1.0,1.0,1.0
2017-10-24,157.1,0.9300000000000068,-1.0,1.0,-1.0,-1.0,1.0,1.0,1.0
2017-10-25,156.41,-0.6899999999999977,1.0,-1.0,1.0,-1.0,-1.0,1.0,1.0
2017-10-26,157.41,1.0,-1.0,1.0,-1.0,1.0,-1.0,-1.0,-1.0
2017-10-27,163.05,5.640000000000015,1.0,-1.0,1.0,-1.0,1.0,-1.0,-1.0
2017-10-30,166.72,3.6699999999999875,1.0,1.0,-1.0,1.0,-1.0,1.0,1.0
2017-10-31,169.04,2.319999999999993,1.0,1.0,1.0,-1.0,1.0,-1.0,-1.0
2017-11-01,166.89,-2.1500000000000057,1.0,1.0,1.0,1.0,-1.0,1.0,1.0
2017-11-02,168.11,1.2200000000000273,-1.0,1.0,1.0,1.0,1.0,-1.0,1.0
2017-11-03,172.5,4.389999999999986,1.0,-1.0,1.0,1.0,1.0,1.0,-1.0
2017-11-06,174.25,1.75,1.0,1.0,-1.0,1.0,1.0,1.0,1.0
2017-11-07,174.81,0.5600000000000023,1.0,1.0,1.0,-1.0,1.0,1.0,1.0
2017-11-08,176.24,1.4300000000000068,1.0,1.0,1.0,1.0,-1.0,1.0,1.0
2017-11-09,175.88,-0.36000000000001364,1.0,1.0,1.0,1.0,1.0,-1.0,1.0
2017-11-10,174.67,-1.210000000000008,-1.0,1.0,1.0,1.0,1.0,1.0,1.0
2017-11-13,173.97,-0.6999999999999886,-1.0,-1.0,1.0,1.0,1.0,1.0,1.0
2017-11-14,171.34,-2.6299999999999955,-1.0,-1.0,-1.0,1.0,1.0,1.0,1.0
2017-11-15,169.08,-2.259999999999991,-1.0,-1.0,-1.0,-1.0,1.0,1.0,1.0
2017-11-16,171.1,2.019999999999982,-1.0,-1.0,-1.0,-1.0,-1.0,1.0,1.0
2017-11-17,170.15,-0.9499999999999886,1.0,-1.0,-1.0,-1.0,-1.0,-1.0,-1.0
2017-11-20,169.98,-0.17000000000001592,-1.0,1.0,-1.0,-1.0,-1.0,-1.0,-1.0
2017-11-21,173.14,3.1599999999999966,-1.0,-1.0,1.0,-1.0,-1.0,-1.0,-1.0
2017-11-22,174.96,1.8200000000000216,1.0,-1.0,-1.0,1.0,-1.0,-1.0,1.0
2017-11-27,174.09,-0.8799999999999955,1.0,1.0,-1.0,-1.0,1.0,-1.0,1.0
2017-11-28,173.07,-1.0200000000000102,-1.0,1.0,1.0,-1.0,-1.0,1.0,-1.0
2017-11-29,169.48,-3.5900000000000034,-1.0,-1.0,1.0,1.0,-1.0,-1.0,1.0
2017-11-30,171.85,2.3700000000000045,-1.0,-1.0,-1.0,1.0,1.0,-1.0,1.0
2017-12-01,171.05,-0.799999999999983,1.0,-1.0,-1.0,-1.0,1.0,1.0,-1.0
2017-12-04,169.8,-1.25,-1.0,1.0,-1.0,-1.0,-1.0,1.0,1.0
2017-12-05,169.64,-0.160000000000025,-1.0,-1.0,1.0,-1.0,-1.0,-1.0,-1.0
2017-12-06,169.01,-0.6299999999999955,-1.0,-1.0,-1.0,1.0,-1.0,-1.0,1.0
2017-12-07,169.32,0.3100000000000023,-1.0,-1.0,-1.0,-1.0,1.0,-1.0,-1.0
2017-12-08,169.37,0.05000000000001137,1.0,-1.0,-1.0,-1.0,-1.0,1.0,1.0
2017-12-11,172.67,3.299999999999983,1.0,1.0,-1.0,-1.0,-1.0,-1.0,1.0
2017-12-12,171.7,-0.9699999999999989,1.0,1.0,1.0,-1.0,-1.0,-1.0,-1.0
2017-12-13,172.27,0.5700000000000216,-1.0,1.0,1.0,1.0,-1.0,-1.0,-1.0
2017-12-14,172.22,-0.05000000000001137,1.0,-1.0,1.0,1.0,1.0,-1.0,1.0
2017-12-15,173.97,1.75,-1.0,1.0,-1.0,1.0,1.0,1.0,-1.0
2017-12-18,176.42,2.4499999999999886,1.0,-1.0,1.0,-1.0,1.0,1.0,-1.0
2017-12-19,174.54,-1.8799999999999955,1.0,1.0,-1.0,1.0,-1.0,1.0,1.0
2017-12-20,174.35,-0.18999999999999773,-1.0,1.0,1.0,-1.0,1.0,-1.0,-1.0
2017-12-21,175.01,0.6599999999999966,-1.0,-1.0,1.0,1.0,-1.0,1.0,1.0
2017-12-22,175.01,0.0,1.0,-1.0,-1.0,1.0,1.0,-1.0,1.0
2017-12-27,170.6,0.030000000000001137,0.0,1.0,-1.0,-1.0,1.0,1.0,1.0
2017-12-28,171.08,0.4800000000000182,1.0,0.0,1.0,-1.0,-1.0,1.0,-1.0
2017-12-29,169.23,-1.8500000000000227,1.0,1.0,0.0,1.0,-1.0,-1.0,1.0
2018-01-03,172.23,-0.030000000000001137,-1.0,1.0,1.0,0.0,1.0,-1.0,1.0
2018-01-04,173.03,0.8000000000000114,-1.0,-1.0,1.0,1.0,0.0,1.0,1.0
2018-01-05,175.0,1.9699999999999989,1.0,-1.0,-1.0,1.0,1.0,0.0,1.0
2018-01-08,174.35,-0.6500000000000057,1.0,1.0,-1.0,-1.0,1.0,1.0,1.0
2018-01-09,174.33,-0.01999999999998181,-1.0,1.0,1.0,-1.0,-1.0,1.0,-1.0
2018-01-10,174.29,-0.040000000000020464,-1.0,-1.0,1.0,1.0,-1.0,-1.0,1.0
2018-01-11,175.28,0.9900000000000091,-1.0,-1.0,-1.0,1.0,1.0,-1.0,1.0
2018-01-12,177.09,1.8100000000000023,1.0,-1.0,-1.0,-1.0,1.0,1.0,-1.0
2018-01-17,179.1,2.9099999999999966,1.0,1.0,-1.0,-1.0,-1.0,1.0,1.0
2018-01-18,179.26,0.1599999999999966,1.0,1.0,1.0,-1.0,-1.0,-1.0,-1.0
2018-01-19,178.46,-0.799999999999983,1.0,1.0,1.0,1.0,-1.0,-1.0,1.0
2018-01-22,177.0,-1.460000000000008,-1.0,1.0,1.0,1.0,1.0,-1.0,1.0
2018-01-23,177.04,0.03999999999999204,-1.0,-1.0,1.0,1.0,1.0,1.0,1.0
2018-01-24,174.22,-2.819999999999993,1.0,-1.0,-1.0,1.0,1.0,1.0,1.0
2018-01-25,171.11,-3.109999999999985,-1.0,1.0,-1.0,-1.0,1.0,1.0,1.0
2018-01-26,171.51,0.39999999999997726,-1.0,-1.0,1.0,-1.0,-1.0,1.0,1.0
2018-01-29,167.96,-3.549999999999983,1.0,-1.0,-1.0,1.0,-1.0,-1.0,1.0
2018-01-30,166.97,-0.9900000000000091,-1.0,1.0,-1.0,-1.0,1.0,-1.0,-1.0
2018-01-31,167.43,0.46000000000000796,-1.0,-1.0,1.0,-1.0,-1.0,1.0,1.0
2018-02-01,167.78,0.3499999999999943,1.0,-1.0,-1.0,1.0,-1.0,-1.0,1.0
2018-02-02,160.5,-7.280000000000001,1.0,1.0,-1.0,-1.0,1.0,-1.0,1.0
2018-02-05,156.49,-4.009999999999991,-1.0,1.0,1.0,-1.0,-1.0,1.0,-1.0
2018-02-06,163.03,6.539999999999992,-1.0,-1.0,1.0,1.0,-1.0,-1.0,1.0
2018-02-07,159.54,-3.490000000000009,1.0,-1.0,-1.0,1.0,1.0,-1.0,1.0
2018-02-08,155.15,-4.389999999999986,-1.0,1.0,-1.0,-1.0,1.0,1.0,1.0
2018-02-09,156.41,1.259999999999991,-1.0,-1.0,1.0,-1.0,-1.0,1.0,1.0
2018-02-12,162.71,6.300000000000011,1.0,-1.0,-1.0,1.0,-1.0,-1.0,1.0
2018-02-13,164.34,1.6299999999999955,1.0,1.0,-1.0,-1.0,1.0,-1.0,1.0
2018-02-14,167.37,3.030000000000001,1.0,1.0,1.0,-1.0,-1.0,1.0,-1.0
2018-02-15,172.99,5.6200000000000045,1.0,1.0,1.0,1.0,-1.0,-1.0,1.0
2018-02-16,172.43,-0.5600000000000023,1.0,1.0,1.0,1.0,1.0,-1.0,1.0
2018-02-21,171.07,-0.7800000000000011,-1.0,1.0,1.0,1.0,1.0,1.0,1.0
2018-02-22,172.5,1.4300000000000068,-1.0,-1.0,1.0,1.0,1.0,1.0,1.0
2018-02-23,175.5,3.0,1.0,-1.0,-1.0,1.0,1.0,1.0,1.0
2018-02-26,178.97,3.469999999999999,1.0,1.0,-1.0,-1.0,1.0,1.0,1.0
2018-02-27,178.39,-0.5800000000000125,1.0,1.0,1.0,-1.0,-1.0,1.0,-1.0
2018-02-28,178.12,-0.2699999999999818,-1.0,1.0,1.0,1.0,-1.0,-1.0,-1.0
2018-03-01,175.0,-3.1200000000000045,-1.0,-1.0,1.0,1.0,1.0,-1.0,1.0
2018-03-02,176.21,1.210000000000008,-1.0,-1.0,-1.0,1.0,1.0,1.0,1.0
2018-03-05,176.82,0.6099999999999852,1.0,-1.0,-1.0,-1.0,1.0,1.0,-1.0
2018-03-06,176.67,-0.15000000000000568,1.0,1.0,-1.0,-1.0,-1.0,1.0,1.0
2018-03-07,175.03,-1.6399999999999864,-1.0,1.0,1.0,-1.0,-1.0,-1.0,-1.0
2018-03-08,176.94,1.9099999999999966,-1.0,-1.0,1.0,1.0,-1.0,-1.0,1.0
2018-03-09,179.98,3.039999999999992,1.0,-1.0,-1.0,1.0,1.0,-1.0,1.0
2018-03-12,181.72,1.740000000000009,1.0,1.0,-1.0,-1.0,1.0,1.0,1.0
2018-03-13,179.97,-1.75,1.0,1.0,1.0,-1.0,-1.0,1.0,-1.0
2018-03-14,178.44,-1.5300000000000011,-1.0,1.0,1.0,1.0,-1.0,-1.0,-1.0
2018-03-15,178.65,0.21000000000000796,-1.0,-1.0,1.0,1.0,1.0,-1.0,1.0
2018-03-16,178.02,-0.6299999999999955,1.0,-1.0,-1.0,1.0,1.0,1.0,1.0
2018-03-19,175.3,-2.719999999999999,-1.0,1.0,-1.0,-1.0,1.0,1.0,1.0
2018-03-20,175.24,-0.060000000000002274,-1.0,-1.0,1.0,-1.0,-1.0,1.0,1.0
2018-03-21,171.27,-3.969999999999999,-1.0,-1.0,-1.0,1.0,-1.0,-1.0,1.0
2018-03-22,168.85,-2.420000000000016,-1.0,-1.0,-1.0,-1.0,1.0,-1.0,-1.0
2018-03-23,164.94,-3.9099999999999966,-1.0,-1.0,-1.0,-1.0,-1.0,1.0,1.0
2018-03-26,172.77,7.8300000000000125,-1.0,-1.0,-1.0,-1.0,-1.0,-1.0,-1.0
2018-03-27,168.34,-4.430000000000007,1.0,-1.0,-1.0,-1.0,-1.0,-1.0,-1.0
2018-03-28,166.48,-1.8600000000000136,-1.0,1.0,-1.0,-1.0,-1.0,-1.0,-1.0
2018-03-29,167.78,1.3000000000000114,-1.0,-1.0,1.0,-1.0,-1.0,-1.0,-1.0
2018-04-03,168.39,1.7099999999999795,1.0,-1.0,-1.0,1.0,-1.0,-1.0,1.0
2018-04-04,171.61,3.2200000000000273,1.0,1.0,-1.0,-1.0,1.0,-1.0,1.0
2018-04-05,172.8,1.1899999999999977,1.0,1.0,1.0,-1.0,-1.0,1.0,-1.0
2018-04-06,168.38,-4.420000000000016,1.0,1.0,1.0,1.0,-1.0,-1.0,1.0
2018-04-09,170.05,1.670000000000016,-1.0,1.0,1.0,1.0,1.0,-1.0,1.0
2018-04-10,173.25,3.1999999999999886,1.0,-1.0,1.0,1.0,1.0,1.0,-1.0
2018-04-11,172.44,-0.8100000000000023,1.0,1.0,-1.0,1.0,1.0,1.0,1.0
2018-04-12,174.14,1.6999999999999886,-1.0,1.0,1.0,-1.0,1.0,1.0,1.0
2018-04-13,174.73,0.5900000000000034,1.0,-1.0,1.0,1.0,-1.0,1.0,1.0
2018-04-16,175.82,1.0900000000000034,1.0,1.0,-1.0,1.0,1.0,-1.0,1.0
2018-04-17,178.24,2.420000000000016,1.0,1.0,1.0,-1.0,1.0,1.0,1.0
2018-04-18,177.84,-0.4000000000000057,1.0,1.0,1.0,1.0,-1.0,1.0,1.0
2018-04-19,172.8,-5.039999999999992,-1.0,1.0,1.0,1.0,1.0,-1.0,1.0
2018-04-20,165.72,-7.0800000000000125,-1.0,-1.0,1.0,1.0,1.0,1.0,1.0
2018-04-23,165.24,-0.47999999999998977,-1.0,-1.0,-1.0,1.0,1.0,1.0,1.0
2018-04-24,162.94,-2.3000000000000114,-1.0,-1.0,-1.0,-1.0,1.0,1.0,1.0
2018-04-25,163.65,0.710000000000008,-1.0,-1.0,-1.0,-1.0,-1.0,1.0,1.0
2018-04-26,164.22,0.5699999999999932,1.0,-1.0,-1.0,-1.0,-1.0,-1.0,-1.0
2018-04-27,162.32,-1.9000000000000057,1.0,1.0,-1.0,-1.0,-1.0,-1.0,1.0
2018-04-30,165.26,2.9399999999999977,-1.0,1.0,1.0,-1.0,-1.0,-1.0,-1.0
2018-05-01,169.1,3.8400000000000034,1.0,-1.0,1.0,1.0,-1.0,-1.0,1.0
2018-05-02,176.57,7.469999999999999,1.0,1.0,-1.0,1.0,1.0,-1.0,1.0
2018-05-03,176.89,0.3199999999999932,1.0,1.0,1.0,-1.0,1.0,1.0,1.0
2018-05-04,183.83,6.940000000000026,1.0,1.0,1.0,1.0,-1.0,1.0,1.0
2018-05-07,185.16,1.329999999999984,1.0,1.0,1.0,1.0,1.0,-1.0,1.0
2018-05-08,186.05,0.8900000000000148,1.0,1.0,1.0,1.0,1.0,1.0,1.0
2018-05-09,187.36,1.3100000000000023,1.0,1.0,1.0,1.0,1.0,1.0,1.0
2018-05-10,190.04,2.6799999999999784,1.0,1.0,1.0,1.0,1.0,1.0,1.0
2018-05-11,188.59,-1.4499999999999886,1.0,1.0,1.0,1.0,1.0,1.0,1.0
2018-05-14,188.15,-0.4399999999999977,-1.0,1.0,1.0,1.0,1.0,1.0,1.0
2018-05-15,186.44,-1.710000000000008,-1.0,-1.0,1.0,1.0,1.0,1.0,1.0
2018-05-16,188.18,1.740000000000009,-1.0,-1.0,-1.0,1.0,1.0,1.0,1.0
2018-05-17,186.99,-1.1899999999999977,1.0,-1.0,-1.0,-1.0,1.0,1.0,-1.0
2018-05-18,186.31,-0.6800000000000068,-1.0,1.0,-1.0,-1.0,-1.0,1.0,1.0
2018-05-21,187.63,1.3199999999999932,-1.0,-1.0,1.0,-1.0,-1.0,-1.0,-1.0
2018-05-22,187.16,-0.46999999999999886,1.0,-1.0,-1.0,1.0,-1.0,-1.0,1.0
2018-05-23,188.36,1.200000000000017,-1.0,1.0,-1.0,-1.0,1.0,-1.0,-1.0
2018-05-24,188.15,-0.21000000000000796,1.0,-1.0,1.0,-1.0,-1.0,1.0,1.0
2018-05-25,188.58,0.4300000000000068,-1.0,1.0,-1.0,1.0,-1.0,-1.0,-1.0
2018-05-30,187.5,-0.4000000000000057,1.0,-1.0,1.0,-1.0,1.0,-1.0,-1.0
2018-05-31,186.87,-0.6299999999999955,-1.0,1.0,-1.0,1.0,-1.0,1.0,1.0
2018-06-01,190.24,3.3700000000000045,-1.0,-1.0,1.0,-1.0,1.0,-1.0,-1.0
2018-06-04,191.83,1.5900000000000034,1.0,-1.0,-1.0,1.0,-1.0,1.0,1.0
2018-06-05,193.31,1.4799999999999898,1.0,1.0,-1.0,-1.0,1.0,-1.0,1.0
2018-06-06,193.98,0.6699999999999875,1.0,1.0,1.0,-1.0,-1.0,1.0,-1.0
2018-06-07,193.46,-0.5199999999999818,1.0,1.0,1.0,1.0,-1.0,-1.0,1.0
2018-06-08,191.7,-1.7600000000000193,-1.0,1.0,1.0,1.0,1.0,-1.0,1.0
2018-06-11,191.23,-0.46999999999999886,-1.0,-1.0,1.0,1.0,1.0,1.0,1.0
2018-06-12,192.28,1.0500000000000114,-1.0,-1.0,-1.0,1.0,1.0,1.0,1.0
2018-06-13,190.7,-1.5800000000000125,1.0,-1.0,-1.0,-1.0,1.0,1.0,-1.0
2018-06-14,190.8,0.10000000000002274,-1.0,1.0,-1.0,-1.0,-1.0,1.0,1.0
2018-06-15,188.84,-1.960000000000008,1.0,-1.0,1.0,-1.0,-1.0,-1.0,-1.0
2018-06-18,188.74,-0.09999999999999432,-1.0,1.0,-1.0,1.0,-1.0,-1.0,-1.0
2018-06-19,185.69,-3.0500000000000114,-1.0,-1.0,1.0,-1.0,1.0,-1.0,-1.0
2018-06-20,186.5,0.8100000000000023,-1.0,-1.0,-1.0,1.0,-1.0,1.0,1.0
2018-06-21,185.46,-1.039999999999992,1.0,-1.0,-1.0,-1.0,1.0,-1.0,-1.0
2018-06-22,184.92,-0.5400000000000205,-1.0,1.0,-1.0,-1.0,-1.0,1.0,1.0
2018-06-25,182.17,-2.75,-1.0,-1.0,1.0,-1.0,-1.0,-1.0,-1.0
2018-06-26,184.43,2.2600000000000193,-1.0,-1.0,-1.0,1.0,-1.0,-1.0,1.0
2018-06-27,184.16,-0.27000000000001023,1.0,-1.0,-1.0,-1.0,1.0,-1.0,-1.0
2018-06-28,185.5,1.3400000000000034,-1.0,1.0,-1.0,-1.0,-1.0,1.0,1.0
2018-06-29,185.11,-0.38999999999998636,1.0,-1.0,1.0,-1.0,-1.0,-1.0,-1.0
