date,HH,TTF,PSV,JKM,Brent
,,,,,
04-Nov-2025,4.266,31.735,32.723,11.19,64.44
03-Nov-2025,4.266,31.735,32.723,11.15,64.89
31-Oct-2025,4.124,31.14,32.149,11,65.07
30-Oct-2025,3.956,31.064,31.683,11.13,65
29-Oct-2025,3.376,31.867,32.381,11.215,64.92
28-Oct-2025,3.345,31.493,31.91,11.15,64.4
27-Oct-2025,3.442,31.404,31.77,11.12,65.62
24-Oct-2025,3.304,32.006,32.676,11.205,65.94
23-Oct-2025,3.344,32.444,33.095,11.265,65.99
22-Oct-2025,3.45,31.762,32.497,11.155,62.59
21-Oct-2025,3.474,32.196,33.013,11.215,61.32
20-Oct-2025,3.397,31.754,32.467,11.05,61.01
17-Oct-2025,3.008,31.837,32.599,11.145,61.29
16-Oct-2025,2.938,32.393,33.063,11.2,61.06
15-Oct-2025,3.016,31.844,32.465,11.016,61.91
14-Oct-2025,3.028,31.806,32.331,11.03,62.39
13-Oct-2025,3.118,31.503,31.99,11.04,63.32
10-Oct-2025,3.106,32.175,32.665,11.06,62.73
09-Oct-2025,3.269,32.425,32.958,11.08,65.22
08-Oct-2025,3.333,32.717,33.193,11.115,66.25
07-Oct-2025,3.498,33.236,33.724,11.135,65.45
06-Oct-2025,3.357,33.108,33.46,11.13,65.47
03-Oct-2025,3.324,31.44,31.905,11.04,64.53
02-Oct-2025,3.442,31.476,31.991,11.025,64.11
01-Oct-2025,3.476,31.346,32.002,11.045,65.35
30-Sep-2025,3.303,31.454,31.955,11.05,67.02
29-Sep-2025,3.267,32.102,32.733,11.2,67.97
26-Sep-2025,2.835,32.714,33.376,11.295,70.13
25-Sep-2025,2.904,32.504,33.243,11.28,69.42
24-Sep-2025,2.858,31.961,32.629,11.22,69.31
23-Sep-2025,2.853,32.285,32.98,11.355,67.63
22-Sep-2025,2.806,31.837,32.712,11.27,66.57
19-Sep-2025,2.888,32.29,33.02,11.365,66.68
18-Sep-2025,2.939,32.858,33.586,11.525,67.44
17-Sep-2025,3.1,32.402,33.124,11.48,67.95
16-Sep-2025,3.103,32.307,32.995,11.45,68.47
15-Sep-2025,3.043,32.223,32.911,11.36,67.44
12-Sep-2025,2.941,32.687,33.233,11.355,66.99
11-Sep-2025,2.934,32.371,32.981,11.345,66.37
10-Sep-2025,3.029,33.049,33.907,11.335,67.49
09-Sep-2025,3.117,32.91,33.543,11.33,66.39
08-Sep-2025,3.09,33.104,33.861,11.345,66.02
05-Sep-2025,3.048,31.951,32.783,11.3,65.5
04-Sep-2025,3.074,32.416,33.23,11.245,66.99
03-Sep-2025,3.064,32.103,32.912,11.225,67.6
02-Sep-2025,3.009,31.769,32.35,11.245,69.14
01-Sep-2025,2.997,32.066,33.09,11.215,68.15
29-Aug-2025,2.997,31.644,32.971,11.215,68.12
28-Aug-2025,2.944,31.58,35.204,11.205,68.62
27-Aug-2025,2.867,32.513,36.129,11.31,68.05
26-Aug-2025,2.717,33.519,36.856,11.49,67.22
25-Aug-2025,2.696,33.773,37.25,11.55,68.8
22-Aug-2025,2.698,33.555,36.99,11.55,67.73
21-Aug-2025,2.826,33.115,36.603,11.44,67.67
20-Aug-2025,2.752,31.873,35.312,11.11,66.84
19-Aug-2025,2.766,31.208,34.615,10.915,65.79
18-Aug-2025,2.89,31.256,34.88,10.93,66.6
15-Aug-2025,2.916,31.008,34.423,11.893,65.85
14-Aug-2025,2.841,32.177,35.602,11.91,66.84
13-Aug-2025,2.828,32.6,36.004,11.93,65.63
12-Aug-2025,2.808,32.411,35.819,11.925,66.12
11-Aug-2025,2.954,32.993,36.392,11.935,66.63
08-Aug-2025,2.99,32.48,35.952,11.93,66.59
07-Aug-2025,3.067,32.95,36.409,11.94,66.43
06-Aug-2025,3.077,33.28,36.824,11.93,66.89
05-Aug-2025,3.01,34.412,37.79,11.99,67.64
04-Aug-2025,2.932,34.267,37.63,12.005,68.76
01-Aug-2025,3.083,33.972,37.504,12,69.67
31-Jul-2025,3.106,35.31,38.796,12.04,72.53
30-Jul-2025,3.045,34.513,37.788,12.04,73.24
29-Jul-2025,3.081,34.138,37.229,12,72.51
28-Jul-2025,2.988,32.889,36.031,11.925,70.04
25-Jul-2025,3.11,32.505,35.397,11.875,68.44
24-Jul-2025,3.094,32.378,35.442,11.88,69.18
23-Jul-2025,3.077,32.713,35.939,11.93,68.51
22-Jul-2025,3.252,33.063,36.309,12.07,68.59
21-Jul-2025,3.325,33.163,36.324,11.98,69.21
18-Jul-2025,3.565,33.631,36.883,12,69.28
17-Jul-2025,3.542,34.468,37.586,12.18,69.52
16-Jul-2025,3.551,34.865,37.918,12.405,68.52
15-Jul-2025,3.523,34.456,37.596,13.105,68.71
14-Jul-2025,3.466,35.495,38.703,13.115,69.21
11-Jul-2025,3.314,35.527,38.816,13.115,70.36
10-Jul-2025,3.337,35.155,38.342,13.125,68.64
09-Jul-2025,3.214,34.331,37.657,13.115,70.19
08-Jul-2025,3.34,34.207,37.399,13.115,70.15
07-Jul-2025,3.412,33.656,36.888,13.095,69.58
04-Jul-2025,3.409,33.519,36.969,13.16,68.3
03-Jul-2025,3.409,33.677,37.136,13.16,68.8
02-Jul-2025,3.488,33.615,37.138,13.165,69.11
01-Jul-2025,3.415,33.635,36.938,13.105,67.11
30-Jun-2025,3.456,32.876,36.314,13.125,67.61
27-Jun-2025,3.739,33.084,36.686,13.195,67.77
26-Jun-2025,3.261,34.028,37.446,13.325,67.73
25-Jun-2025,3.406,35.371,38.849,13.54,67.68
24-Jun-2025,3.537,35.506,38.964,13.52,67.14
23-Jun-2025,3.698,40.513,43.834,14.46,71.48
20-Jun-2025,3.847,41.025,44.258,14.255,77.01
19-Jun-2025,3.989,41.599,44.902,13.88,78.85
18-Jun-2025,3.989,38.748,42.082,13.88,76.7
17-Jun-2025,3.851,39.31,42.515,14.005,76.45
16-Jun-2025,3.748,37.828,41.17,13.585,73.23
13-Jun-2025,3.581,37.888,41.061,12.504,74.23
12-Jun-2025,3.492,36.213,39.44,12.46,69.36
11-Jun-2025,3.507,35.893,39.078,12.445,69.77
10-Jun-2025,3.533,34.63,38.003,12.41,66.87
09-Jun-2025,3.635,35.547,38.747,12.44,67.04
06-Jun-2025,3.784,36.256,39.499,12.445,66.47
05-Jun-2025,3.677,36.408,39.709,12.415,65.34
04-Jun-2025,3.716,35.643,38.825,12.37,64.86
03-Jun-2025,3.722,35.794,38.769,12.33,65.63
02-Jun-2025,3.694,35.034,38.012,12.3,64.63
30-May-2025,3.447,34.316,37.283,12.155,63.9
29-May-2025,3.522,35.255,38.279,12.295,64.15
28-May-2025,3.204,36.662,39.56,12.465,64.9
27-May-2025,3.398,37.009,39.983,12.495,64.09
26-May-2025,3.334,37.207,40.048,12.485,64.74
23-May-2025,3.334,36.46,39.207,12.485,64.78
22-May-2025,3.253,36.38,39.13,12.35,64.44
21-May-2025,3.368,36.699,39.461,12.48,64.91
20-May-2025,3.427,36.929,39.804,12.515,65.38
19-May-2025,3.113,35.208,38.074,11.965,65.54
16-May-2025,3.334,35.216,38.01,11.895,65.41
15-May-2025,3.362,35.346,38.109,11.498,64.53
14-May-2025,3.492,35.07,37.915,11.475,66.09
13-May-2025,3.647,35.688,38.428,11.46,66.63
12-May-2025,3.646,35.445,38.102,11.44,64.96
09-May-2025,3.795,34.64,37.233,11.465,63.91
08-May-2025,3.592,35.335,37.883,11.45,62.84
07-May-2025,3.621,34.483,37.011,11.41,61.12
06-May-2025,3.463,34.695,37.307,11.315,62.15
05-May-2025,3.55,32.957,35.401,11.26,60.23
02-May-2025,3.63,33.122,35.453,11.26,61.29
01-May-2025,3.479,32.336,34.769,11.26,62.13
30-Apr-2025,3.326,32.336,34.769,11.215,63.12
29-Apr-2025,3.386,31.946,34.017,11.215,64.25
28-Apr-2025,3.17,32.379,34.67,11.28,65.86
25-Apr-2025,2.937,32.479,34.753,11.27,66.87
24-Apr-2025,2.93,33.506,35.651,11.505,66.55
23-Apr-2025,3.022,34.169,36.614,11.66,66.12
22-Apr-2025,3.007,34.214,36.865,11.77,67.44
21-Apr-2025,3.016,35.621,38.398,12.085,66.26
18-Apr-2025,3.245,35.621,38.398,12.085,67.96
17-Apr-2025,3.245,35.621,38.398,12.085,67.96
16-Apr-2025,3.247,35.279,37.783,11.86,65.85
15-Apr-2025,3.329,34.407,37.181,12.462,64.67
14-Apr-2025,3.325,34.539,37.297,12.52,64.88
11-Apr-2025,3.527,33.594,36.094,12.545,64.76
10-Apr-2025,3.557,33.32,35.843,12.605,63.33
09-Apr-2025,3.816,33.632,36.437,12.685,65.48
08-Apr-2025,3.465,36.34,39.086,12.77,62.82
07-Apr-2025,3.655,37.053,39.598,12.775,64.21
04-Apr-2025,3.837,36.317,38.365,12.915,65.58
03-Apr-2025,4.138,39.261,41.066,13.08,70.14
02-Apr-2025,4.055,41.238,42.878,13.185,74.95
01-Apr-2025,3.951,42.493,44.104,13.225,74.49
31-Mar-2025,4.119,40.652,42.362,13.075,74.74
28-Mar-2025,4.065,40.569,41.65,13.085,73.63
27-Mar-2025,3.95,41.135,42.117,13.175,74.03
26-Mar-2025,3.861,40.871,41.803,13.2,73.79
25-Mar-2025,3.84,41.711,42.46,13.15,73.02
24-Mar-2025,3.914,42.736,43.461,13.385,73
21-Mar-2025,3.98,42.573,43.304,13.385,72.16
20-Mar-2025,3.975,42.994,43.543,13.53,72
19-Mar-2025,4.247,43.393,44.102,13.755,70.78
18-Mar-2025,4.052,40.778,41.34,13.105,70.56
17-Mar-2025,4.018,41.087,41.731,13.18,71.07
14-Mar-2025,4.104,42.266,42.808,13.644,70.58
13-Mar-2025,4.111,42.116,42.611,13.665,69.88
12-Mar-2025,4.084,42.238,42.872,13.685,70.95
11-Mar-2025,4.453,42.638,43.318,13.69,69.56
10-Mar-2025,4.491,41.13,41.997,13.76,69.28
07-Mar-2025,4.399,39.977,40.744,13.76,70.36
06-Mar-2025,4.302,38.397,39.008,13.69,69.46
05-Mar-2025,4.45,41.483,42.346,13.73,69.3
04-Mar-2025,4.35,43.43,44.296,13.83,71.04
03-Mar-2025,4.122,45.259,46.408,13.965,71.62
28-Feb-2025,3.834,44.372,45.517,13.85,73.18
27-Feb-2025,3.934,44.848,45.798,13.985,74.04
26-Feb-2025,3.906,41.291,42.516,13.49,72.53
25-Feb-2025,4.174,44.276,45.168,13.855,73.02
24-Feb-2025,3.994,47.058,48.114,14.335,74.78
21-Feb-2025,4.234,47.14,47.874,14.175,74.43
20-Feb-2025,4.152,47.583,48.362,14.25,76.48
19-Feb-2025,4.28,48.226,48.976,14.115,76.04
18-Feb-2025,4.007,49.19,49.93,14.55,75.84
17-Feb-2025,3.725,48.151,48.911,14.95,75.22
14-Feb-2025,3.725,50.643,51.096,14.95,74.74
13-Feb-2025,3.628,51.39,52.023,14.935,75.02
12-Feb-2025,3.565,55.639,56.232,14.92,75.18
11-Feb-2025,3.519,57.868,58.316,14.89,77
10-Feb-2025,3.444,57.957,58.44,14.79,75.87
07-Feb-2025,3.309,55.765,56.141,14.725,74.66
06-Feb-2025,3.408,54.465,54.923,14.515,74.29
05-Feb-2025,3.36,53.437,54.001,14.43,74.61
04-Feb-2025,3.253,52.119,52.533,14.495,76.2
03-Feb-2025,3.352,53.786,54.26,14.405,75.96
31-Jan-2025,3.044,53.175,54.331,14.44,76.76
30-Jan-2025,3.047,51.648,53.098,14.225,76.87
29-Jan-2025,3.535,51.126,52.505,14.295,76.58
28-Jan-2025,3.471,48.218,49.653,13.985,77.49
27-Jan-2025,3.697,47.867,49.137,14.02,77.08
24-Jan-2025,4.027,49.692,51.122,14.11,78.5
23-Jan-2025,3.945,49.094,50.418,13.975,78.29
22-Jan-2025,3.96,48.686,50.04,14.115,79
21-Jan-2025,3.756,49.998,51.371,14.41,79.29
20-Jan-2025,3.948,47.836,49.288,13.78,80.15
17-Jan-2025,3.948,46.838,48.275,13.78,80.79
16-Jan-2025,4.258,46.222,47.69,13.745,81.29
15-Jan-2025,4.083,46.98,48.419,14.129,82.03
14-Jan-2025,3.968,46.918,48.347,14.135,79.92
13-Jan-2025,3.934,48.339,49.688,14.14,81.01
10-Jan-2025,3.989,45.043,46.369,14.155,79.76
09-Jan-2025,3.701,44.972,46.418,14.19,76.92
08-Jan-2025,3.651,45.581,47.084,14.225,76.16
07-Jan-2025,3.449,47.626,48.927,14.27,77.05
06-Jan-2025,3.672,47.369,49.01,14.285,76.3
03-Jan-2025,3.354,49.679,51.063,14.36,76.51
02-Jan-2025,3.66,50.331,51.565,14.38,75.93
01-Jan-2025,3.633,49.008,50.653,14.24,74.64
31-Dec-2024,3.633,49.008,50.653,14.24,74.64
30-Dec-2024,3.936,47.522,49.272,14.155,74.39
27-Dec-2024,3.514,47.689,49.4,14.29,74.17
26-Dec-2024,3.715,46.227,47.809,13.965,73.26
25-Dec-2024,3.946,46.227,47.809,13.965,73.58
24-Dec-2024,3.946,46.227,47.809,13.965,73.58
23-Dec-2024,3.656,45.482,47.098,13.985,72.63
20-Dec-2024,3.748,44.036,45.595,13.665,72.94
19-Dec-2024,3.584,43.067,44.445,13.46,72.88
18-Dec-2024,3.374,41.028,42.438,13.005,73.39
17-Dec-2024,3.308,42.031,43.391,13.32,73.19
16-Dec-2024,3.214,40.211,41.773,12.765,73.91
13-Dec-2024,3.28,41.24,42.657,14.877,74.49
12-Dec-2024,3.455,42.761,44.266,14.95,73.41
11-Dec-2024,3.378,44.631,46.039,15,73.52
10-Dec-2024,3.163,45.521,46.976,15.02,72.19
09-Dec-2024,3.182,44.829,46.188,15.06,72.14
06-Dec-2024,3.076,46.399,47.75,15.075,71.12
05-Dec-2024,3.079,46.527,47.889,15.065,72.09
04-Dec-2024,3.043,46.999,48.397,15.075,72.31
03-Dec-2024,3.042,48.545,49.699,15.125,73.62
02-Dec-2024,3.213,48.636,49.835,15.115,71.83
29-Nov-2024,3.363,47.771,48.899,14.925,72.94
28-Nov-2024,3.204,46.266,47.543,15.02,73.28
27-Nov-2024,3.204,46.776,47.626,15.02,72.83
26-Nov-2024,3.431,47.206,48.03,14.94,72.81
25-Nov-2024,3.369,47.716,48.585,15.015,73.01
22-Nov-2024,3.129,46.98,47.807,14.785,75.17
21-Nov-2024,3.339,48.32,49.312,15.075,74.23
20-Nov-2024,3.193,46.76,47.51,14.66,72.81
19-Nov-2024,2.998,45.668,46.361,14.4,73.31
18-Nov-2024,2.973,46.858,47.755,14.65,73.3
15-Nov-2024,2.823,46.55,47.566,13.579,71.04
14-Nov-2024,2.785,46.213,47.117,13.565,72.56
13-Nov-2024,2.983,43.634,44.355,13.555,72.28
12-Nov-2024,2.907,44.297,44.96,13.565,71.89
11-Nov-2024,2.92,43.707,44.207,13.55,71.83
08-Nov-2024,2.669,42.45,42.869,13.55,73.87
07-Nov-2024,2.693,41.256,41.869,13.495,75.63
06-Nov-2024,2.747,40.364,41.062,13.495,74.92
05-Nov-2024,2.67,40.503,41.093,13.54,75.53
04-Nov-2024,2.781,40.304,41.209,13.475,75.08
01-Nov-2024,2.663,39.181,39.883,13.475,73.1
31-Oct-2024,2.707,40.527,41.299,13.62,73.16
30-Oct-2024,2.845,40.954,41.458,13.52,72.55
29-Oct-2024,2.346,42.839,43.339,13.685,71.12
28-Oct-2024,2.309,42.513,42.93,13.755,71.42
25-Oct-2024,2.56,43.422,43.843,13.795,76.05
24-Oct-2024,2.522,42.11,42.51,13.72,74.38
23-Oct-2024,2.342,41.404,41.841,13.595,74.96
22-Oct-2024,2.311,40.735,41.186,13.525,76.04
21-Oct-2024,2.312,39.99,40.619,13.34,74.29
18-Oct-2024,2.258,39.19,39.765,13.275,73.06
17-Oct-2024,2.347,39.637,40.121,13.495,74.45
16-Oct-2024,2.367,39.255,39.851,13.465,74.22
15-Oct-2024,2.498,39.95,40.356,13.109,74.25
14-Oct-2024,2.494,40.596,40.659,13.105,77.46
11-Oct-2024,2.632,39.841,40.215,13.08,79.04
10-Oct-2024,2.675,40.239,40.522,13.075,79.4
09-Oct-2024,2.66,38.29,38.914,13.07,76.58
08-Oct-2024,2.733,38.912,39.813,13.095,77.18
07-Oct-2024,2.746,40.102,41.199,13.135,80.93
04-Oct-2024,2.854,40.967,41.889,13.09,78.05
03-Oct-2024,2.97,39.825,40.923,13.095,77.62
02-Oct-2024,2.886,38.679,39.818,13.09,73.9
01-Oct-2024,2.896,39.255,40.428,13.175,73.56
30-Sep-2024,2.923,39.067,40.149,13.125,71.77
27-Sep-2024,2.902,38.04,39.576,13.205,71.98
26-Sep-2024,2.585,37.801,39.318,13.19,71.6
25-Sep-2024,2.637,37.281,38.817,13.095,73.46
24-Sep-2024,2.551,35.512,36.922,13.055,75.17
23-Sep-2024,2.613,36.416,37.625,13.205,73.9
20-Sep-2024,2.434,34.421,36.026,12.97,74.49
19-Sep-2024,2.348,33.098,34.601,12.83,74.88
18-Sep-2024,2.284,35.225,37.047,13.22,73.65
17-Sep-2024,2.324,35.581,37.048,13.3,73.7
16-Sep-2024,2.373,34.097,35.599,13.13,72.75
13-Sep-2024,2.305,35.68,37.096,13.674,71.61
12-Sep-2024,2.357,35.19,37.006,13.685,71.97
11-Sep-2024,2.27,36.067,37.715,13.735,70.61
10-Sep-2024,2.232,35.275,37.05,13.785,69.19
09-Sep-2024,2.17,37.301,39.214,13.78,71.84
06-Sep-2024,2.275,36.491,38.434,13.79,71.06
05-Sep-2024,2.254,36.201,38.264,13.815,72.69
04-Sep-2024,2.145,35.82,37.715,13.785,72.7
03-Sep-2024,2.203,37.2,39.164,13.825,73.75
02-Sep-2024,2.127,38.593,40.701,14.09,77.52
30-Aug-2024,2.127,39.753,42.06,14.09,78.8
29-Aug-2024,2.137,38.606,41.671,14.01,79.94
28-Aug-2024,1.93,38.597,41.5,14.065,78.65
27-Aug-2024,1.904,38.644,41.334,14.055,79.55
26-Aug-2024,1.956,37.69,40.39,13.82,81.43
23-Aug-2024,2.022,36.862,39.562,13.82,79.02
22-Aug-2024,2.053,36.59,39.23,13.75,77.22
21-Aug-2024,2.177,36.989,39.713,13.79,76.05
20-Aug-2024,2.198,37.956,40.579,13.935,77.2
19-Aug-2024,2.235,39.853,42.372,14.465,77.66
16-Aug-2024,2.123,39.646,42.031,14.515,79.68
15-Aug-2024,2.197,39.562,41.939,12.778,81.04
14-Aug-2024,2.219,38.974,41.233,12.72,79.76
13-Aug-2024,2.148,39.536,41.942,12.655,80.69
12-Aug-2024,2.189,39.764,42.163,12.625,82.3
09-Aug-2024,2.143,40.409,42.907,12.55,79.66
08-Aug-2024,2.127,40.08,42.815,12.565,79.16
07-Aug-2024,2.112,38.443,40.864,12.535,78.33
06-Aug-2024,2.01,36.646,38.92,12.51,76.48
05-Aug-2024,1.942,35.541,37.799,12.445,76.3
02-Aug-2024,1.967,36.63,38.88,12.52,76.81
01-Aug-2024,1.968,36.957,39.107,12.49,79.52
31-Jul-2024,2.036,35.859,37.95,12.525,80.72
30-Jul-2024,2.126,34.355,35.98,12.475,78.63
29-Jul-2024,1.907,33.852,35.48,12.445,79.78
26-Jul-2024,2.006,32.478,33.878,12.205,81.13
25-Jul-2024,2.041,31.826,33.046,12.075,82.37
24-Jul-2024,2.117,32.661,33.865,12.235,81.71
23-Jul-2024,2.187,31.61,32.808,12.01,81.01
22-Jul-2024,2.251,31.806,32.834,12.095,82.4
19-Jul-2024,2.128,32.21,33.142,12.115,82.63
18-Jul-2024,2.125,32.694,33.57,12.2,85.11
17-Jul-2024,2.035,31.905,32.847,12.09,85.08
16-Jul-2024,2.188,32.867,33.91,12.3,83.73
15-Jul-2024,2.158,31.292,32.232,12.321,84.85
12-Jul-2024,2.329,31.722,32.62,12.33,85.03
11-Jul-2024,2.268,31.058,31.91,12.365,85.4
10-Jul-2024,2.329,30.811,31.509,12.35,85.08
09-Jul-2024,2.344,31.325,32.01,12.365,84.66
08-Jul-2024,2.366,32.23,32.972,12.39,85.75
05-Jul-2024,2.319,33.057,33.605,12.485,86.54
04-Jul-2024,2.418,33.259,33.885,12.42,87.43
03-Jul-2024,2.418,32.687,33.364,12.42,87.34
02-Jul-2024,2.435,33.695,34.292,12.56,86.24
01-Jul-2024,2.478,33.48,34.105,12.535,86.6
28-Jun-2024,2.601,34.478,35,12.635,86.41
27-Jun-2024,2.685,34.558,36.508,12.66,86.39
26-Jun-2024,2.628,33.836,35.736,12.62,85.25
25-Jun-2024,2.756,34.845,36.702,12.735,85.01
24-Jun-2024,2.811,34.054,35.823,12.61,86.01
21-Jun-2024,2.705,33.922,35.726,12.465,85.24
20-Jun-2024,2.741,34.482,36.147,12.6,85.71
19-Jun-2024,2.909,35.288,36.962,12.6,85.07
18-Jun-2024,2.909,34.643,36.258,12.6,85.33
17-Jun-2024,2.788,34.211,35.772,12.575,84.25
14-Jun-2024,2.881,35.373,36.967,12.138,82.62
13-Jun-2024,2.959,35.743,37.367,12.095,82.75
12-Jun-2024,3.045,35.314,36.84,12.03,82.6
11-Jun-2024,3.129,34.276,35.85,12,81.92
10-Jun-2024,2.906,34.184,35.7,11.965,81.63
07-Jun-2024,2.918,33.061,34.654,11.97,79.62
06-Jun-2024,2.821,33.676,35.239,11.985,79.87
05-Jun-2024,2.757,33.403,35.043,11.97,78.41
04-Jun-2024,2.586,33.841,35.604,11.99,77.52
03-Jun-2024,2.756,35.976,37.869,12.05,78.36
31-May-2024,2.587,34.38,36.398,11.905,81.62
30-May-2024,2.572,35.067,36.714,11.96,81.86
29-May-2024,2.493,33.793,35.268,11.83,83.6
28-May-2024,2.59,33.55,34.86,11.955,84.22
27-May-2024,2.52,35.171,36.333,11.94,83.1
24-May-2024,2.52,34.037,35.087,11.94,82.12
23-May-2024,2.657,35.289,36.477,12.255,81.36
22-May-2024,2.842,34.327,35.239,11.975,81.9
21-May-2024,2.671,33.01,33.993,11.825,82.88
20-May-2024,2.751,31.821,32.715,11.505,83.71
17-May-2024,2.626,30.777,31.46,11.16,83.98
16-May-2024,2.495,30.205,30.893,11.045,83.27
15-May-2024,2.416,29.715,30.469,10.469,82.75
14-May-2024,2.344,29.711,30.464,10.45,82.38
13-May-2024,2.381,29.564,30.127,10.45,83.36
10-May-2024,2.252,30.005,30.582,10.475,82.79
09-May-2024,2.301,30.864,31.486,10.46,83.88
08-May-2024,2.187,30.637,31.261,10.46,83.58
07-May-2024,2.207,31.035,31.84,10.5,83.16
06-May-2024,2.195,31.737,32.568,10.47,83.33
03-May-2024,2.142,30.555,31.458,10.47,82.96
02-May-2024,2.035,30.927,31.982,10.41,83.67
01-May-2024,1.932,29.102,30.154,10.235,83.44
30-Apr-2024,1.991,29.102,30.154,10.335,87.86
29-Apr-2024,2.03,27.991,29.03,10.21,88.4
26-Apr-2024,1.614,28.882,30.122,10.325,89.5
25-Apr-2024,1.638,29.759,31.098,10.43,89.01
24-Apr-2024,1.653,29.042,30.393,10.435,88.02
23-Apr-2024,1.812,28.458,29.889,10.225,88.42
22-Apr-2024,1.791,29.346,30.82,10.53,87
19-Apr-2024,1.752,30.783,32.197,10.5,87.29
18-Apr-2024,1.757,32.344,33.672,10.88,87.11
17-Apr-2024,1.712,31.295,32.841,10.745,87.29
16-Apr-2024,1.732,33.171,34.462,11.26,90.02
15-Apr-2024,1.691,31.099,32.233,9.687,90.1
12-Apr-2024,1.77,30.746,32.164,9.645,90.45
11-Apr-2024,1.764,29.41,30.983,9.61,89.74
10-Apr-2024,1.885,27.115,28.611,9.585,90.48
09-Apr-2024,1.872,27.43,28.955,9.585,89.42
08-Apr-2024,1.844,27.977,29.632,9.575,90.38
05-Apr-2024,1.785,26.649,28.466,9.545,91.17
04-Apr-2024,1.774,26.223,28.264,9.545,90.65
03-Apr-2024,1.841,25.538,27.294,9.5,89.35
02-Apr-2024,1.862,26.25,28.053,9.465,88.92
01-Apr-2024,1.837,27.338,28.788,9.535,87.42
29-Mar-2024,1.763,27.338,28.788,9.535,87.48
28-Mar-2024,1.763,27.338,28.788,9.535,87.48
27-Mar-2024,1.718,27.652,29.02,9.4,86.09
26-Mar-2024,1.575,27.154,28.608,9.575,86.25
25-Mar-2024,1.615,28.473,29.836,9.715,86.75
22-Mar-2024,1.659,27.772,29.016,9.445,85.43
21-Mar-2024,1.683,26.5,27.713,9.285,85.78
20-Mar-2024,1.699,27.81,29.241,9.57,85.95
19-Mar-2024,1.744,28.896,30.617,9.9,87.38
18-Mar-2024,1.703,28.856,30.734,9.88,86.89
15-Mar-2024,1.655,27.051,28.735,8.521,85.34
14-Mar-2024,1.741,26.098,28.089,8.49,85.42
13-Mar-2024,1.658,24.91,26.636,8.475,84.03
12-Mar-2024,1.714,24.808,26.633,8.465,81.92
11-Mar-2024,1.759,25.006,26.576,8.465,82.21
08-Mar-2024,1.805,26.372,27.995,8.46,82.08
07-Mar-2024,1.818,25.967,27.385,8.4,82.96
06-Mar-2024,1.929,26.615,28.245,8.415,82.96
05-Mar-2024,1.957,27.516,28.943,8.38,82.04
04-Mar-2024,1.916,26.922,28.446,8.34,82.8
01-Mar-2024,1.835,25.771,27.42,8.3,83.55
29-Feb-2024,1.86,24.939,26.818,8.37,83.62
28-Feb-2024,1.885,25.674,27.574,8.495,83.68
27-Feb-2024,1.615,24.358,26.083,8.22,83.65
26-Feb-2024,1.659,23.96,25.6,8.3,82.53
23-Feb-2024,1.603,22.999,24.149,8.125,81.62
22-Feb-2024,1.732,23.173,24.323,8.155,83.67
21-Feb-2024,1.773,24.033,25.601,8.295,83.03
20-Feb-2024,1.576,24.212,25.671,8.37,82.34
19-Feb-2024,1.609,23.705,24.931,8.57,83.56
16-Feb-2024,1.609,24.811,25.877,8.57,83.47
15-Feb-2024,1.581,24.992,26.111,9.347,82.86
14-Feb-2024,1.609,24.799,25.896,9.365,81.6
13-Feb-2024,1.689,25.421,26.605,9.405,82.77
12-Feb-2024,1.768,25.734,26.83,9.435,82
09-Feb-2024,1.847,27.148,28.287,9.435,82.19
08-Feb-2024,1.917,27.843,28.584,9.45,81.63
07-Feb-2024,1.967,28.204,28.993,9.45,79.21
06-Feb-2024,2.009,28.638,29.541,9.47,78.59
05-Feb-2024,2.082,28.38,29.338,9.455,77.99
02-Feb-2024,2.079,29.231,30.19,9.46,77.33
01-Feb-2024,2.05,28.993,29.86,9.46,78.7
31-Jan-2024,2.1,30.281,31.081,9.53,81.71
30-Jan-2024,2.077,29.253,30.27,9.48,82.87
29-Jan-2024,2.49,28.183,29.334,9.39,82.4
26-Jan-2024,2.712,28.21,29.06,9.29,83.55
25-Jan-2024,2.571,27.791,28.741,9.39,82.43
24-Jan-2024,2.641,28.912,29.733,9.575,80.04
23-Jan-2024,2.45,27.196,28.224,9.335,79.55
22-Jan-2024,2.419,27.255,28.11,9.405,80.06
19-Jan-2024,2.519,28.418,28.813,9.585,78.56
18-Jan-2024,2.697,27.9,28.474,9.555,79.1
17-Jan-2024,2.87,27.731,28.306,9.55,77.88
16-Jan-2024,2.9,29.666,30.42,10.025,78.29
15-Jan-2024,3.313,29.938,30.145,11.2,78.15
12-Jan-2024,3.313,30.821,30.94,11.2,78.29
11-Jan-2024,3.097,30.821,30.94,11.245,77.41
10-Jan-2024,3.039,30.941,31.044,11.285,76.8
09-Jan-2024,3.19,30.625,30.652,11.3,77.59
08-Jan-2024,2.98,31.488,31.372,11.48,76.12
05-Jan-2024,2.893,34.627,34.374,11.565,78.76
04-Jan-2024,2.821,33.607,33.77,11.555,77.59
03-Jan-2024,2.668,32.709,32.618,11.5,78.25
02-Jan-2024,2.568,30.558,30.158,11.495,75.89
01-Jan-2024,2.514,32.143,31.543,11.52,77.04
29-Dec-2023,2.514,32.143,31.543,11.52,77.04
28-Dec-2023,2.557,33.066,32.659,11.725,78.39
27-Dec-2023,2.619,35.56,35.217,11.87,79.65
26-Dec-2023,2.55,34.417,34.019,11.945,81.07
25-Dec-2023,2.61,34.417,34.019,11.945,79.07
22-Dec-2023,2.61,34.417,34.019,11.945,79.07
21-Dec-2023,2.572,34.269,33.652,11.935,79.39
20-Dec-2023,2.447,33.611,32.955,11.81,79.7
19-Dec-2023,2.492,32.685,32.071,11.775,79.23
18-Dec-2023,2.503,35.587,34.68,12.395,77.95
15-Dec-2023,2.491,33.224,32.262,15.197,76.55
14-Dec-2023,2.392,34.86,33.71,15.325,76.61
13-Dec-2023,2.335,35.972,34.701,15.455,74.26
12-Dec-2023,2.311,34.762,33.6,15.615,73.24
11-Dec-2023,2.431,36.122,34.844,15.745,76.03
08-Dec-2023,2.581,38.616,37.465,15.975,75.84
07-Dec-2023,2.585,40.048,38.696,16.05,74.05
06-Dec-2023,2.569,39.4,38.5,16.005,74.3
05-Dec-2023,2.71,38.167,36.908,16.06,77.2
04-Dec-2023,2.694,40.089,39.04,16.05,78.03
01-Dec-2023,2.814,43.536,42.475,16.25,78.88
30-Nov-2023,2.802,42.241,41.528,16.135,82.83
29-Nov-2023,2.804,40.308,39.228,16.245,83.1
28-Nov-2023,2.706,42.784,41.68,16.42,81.68
27-Nov-2023,2.794,44.107,42.832,16.505,79.98
24-Nov-2023,2.855,46.781,45.381,17.095,80.58
23-Nov-2023,2.897,46.837,45.637,16.49,81.42
22-Nov-2023,2.897,44.457,43.259,16.49,81.96
21-Nov-2023,2.846,44.063,43.032,16.465,82.45
20-Nov-2023,2.882,45.749,44.462,17.125,82.32
17-Nov-2023,2.96,45.135,43.748,16.975,80.61
16-Nov-2023,3.062,46.002,44.602,17.1,77.42
15-Nov-2023,3.19,46.964,45.564,17.102,81.18
14-Nov-2023,3.106,47.637,46.511,17.125,82.47
13-Nov-2023,3.197,47.854,46.654,17.2,82.52
10-Nov-2023,3.033,46.499,45.483,17.185,81.43
09-Nov-2023,3.041,48.219,47.119,17.255,80.01
08-Nov-2023,3.106,45.782,44.832,17.29,79.54
07-Nov-2023,3.14,46,45.15,17.355,81.61
06-Nov-2023,3.264,44.765,43.665,17.445,85.18
03-Nov-2023,3.515,48.148,46.948,17.57,84.89
02-Nov-2023,3.472,48.614,47.814,17.645,86.85
01-Nov-2023,3.494,47.768,46.968,17.655,84.63
31-Oct-2023,3.575,47.842,46.592,17.72,87.41
30-Oct-2023,3.352,50.45,49.5,17.91,87.45
27-Oct-2023,3.164,50.482,49.382,17.895,90.48
26-Oct-2023,3.214,50.708,49.62,17.91,87.93
25-Oct-2023,3.01,49.889,48.889,17.955,90.13
24-Oct-2023,2.971,49.35,48.4,17.84,88.07
23-Oct-2023,2.926,51.193,50.418,18.585,89.83
20-Oct-2023,2.899,51.013,50.238,18.4,92.16
19-Oct-2023,2.957,50.068,49.453,18.245,92.38
18-Oct-2023,3.056,50.737,50.437,18.29,91.5
17-Oct-2023,3.079,48.745,47.545,17.645,89.9
16-Oct-2023,3.109,48.485,47.485,17.72,89.65
13-Oct-2023,3.236,53.7,53.05,14.475,90.89
12-Oct-2023,3.344,52.867,52.285,14.36,86
11-Oct-2023,3.377,46.101,45.601,14.305,85.82
10-Oct-2023,3.382,49.214,48.764,14.245,87.65
09-Oct-2023,3.376,43.8,43.5,14.155,88.15
06-Oct-2023,3.338,38.324,37.949,14.075,84.58
05-Oct-2023,3.166,36.3,36.35,14.105,84.07
04-Oct-2023,2.962,38.37,37.82,14.15,85.81
03-Oct-2023,2.949,36.964,36.714,14.245,90.92
02-Oct-2023,2.84,39.27,39.12,14.395,90.71
29-Sep-2023,2.929,41.77,41.47,14.63,95.31
28-Sep-2023,2.945,39.734,39.28,14.76,95.38
27-Sep-2023,2.764,39.242,38.963,14.595,96.55
26-Sep-2023,2.656,40.25,39.43,14.65,93.96
25-Sep-2023,2.639,44.585,43.735,14.99,93.29
22-Sep-2023,2.637,39.873,40.004,14.595,93.27
21-Sep-2023,2.61,39.099,39.312,14.33,93.3
20-Sep-2023,2.733,37.262,37.746,14.24,93.53
19-Sep-2023,2.848,36.715,37.269,14.25,94.34
18-Sep-2023,2.728,34.516,34.854,13.99,94.43
15-Sep-2023,2.644,36.338,36.493,13.329,93.93
14-Sep-2023,2.708,35.62,36.046,13.365,93.7
13-Sep-2023,2.68,36.742,37.089,13.39,91.88
12-Sep-2023,2.743,34.794,35.317,13.39,92.06
11-Sep-2023,2.608,36.061,36.587,13.385,90.64
08-Sep-2023,2.605,34.552,35.164,13.33,90.65
07-Sep-2023,2.579,32.755,33.359,13.32,89.92
06-Sep-2023,2.51,31.15,31.697,13.21,90.6
05-Sep-2023,2.582,34.458,34.818,13.24,90.04
04-Sep-2023,2.765,33.606,33.881,13.395,89
01-Sep-2023,2.765,35.41,35.921,13.395,88.55
31-Aug-2023,2.768,35.138,35.722,13.2,86.86
30-Aug-2023,2.796,35.99,37.09,13.405,85.86
29-Aug-2023,2.556,35.37,36.67,13.395,85.49
28-Aug-2023,2.579,38.25,39.35,13.46,84.42
25-Aug-2023,2.54,34.837,35.837,13.46,84.48
24-Aug-2023,2.519,31.902,33.102,12.92,83.36
23-Aug-2023,2.497,37.28,38.28,13.735,83.21
22-Aug-2023,2.56,42.781,43.781,14.3,84.03
21-Aug-2023,2.632,40.753,41.703,14.3,84.46
18-Aug-2023,2.551,36.309,37.284,13.95,84.8
17-Aug-2023,2.621,36.85,37.65,14.16,84.12
16-Aug-2023,2.592,37.69,38.19,14.32,83.45
15-Aug-2023,2.659,38.852,39.352,11.205,84.89
14-Aug-2023,2.795,34.277,34.627,11.145,86.21
11-Aug-2023,2.77,35.374,35.874,11.085,86.81
10-Aug-2023,2.763,37.11,37.81,11.045,86.4
09-Aug-2023,2.959,39.823,40.623,11.03,87.55
08-Aug-2023,2.777,31.35,32.2,10.955,86.17
07-Aug-2023,2.725,30.35,31.3,10.98,85.34
04-Aug-2023,2.577,28.869,29.919,10.955,86.24
03-Aug-2023,2.565,30.5,31.7,11,85.14
02-Aug-2023,2.477,28.6,29.875,10.97,83.2
01-Aug-2023,2.56,27.23,28.63,10.925,84.91
31-Jul-2023,2.634,28.29,29.19,10.92,85.56
28-Jul-2023,2.638,25.894,26.569,10.78,84.99
27-Jul-2023,2.492,28.447,29.147,10.97,84.24
26-Jul-2023,2.665,29.5,30.225,11.1,82.92
25-Jul-2023,2.73,32.75,33.45,11.46,83.64
24-Jul-2023,2.685,30.4,31.06,11.26,82.74
21-Jul-2023,2.713,28.33,29.08,10.885,81.07
20-Jul-2023,2.757,27.946,28.771,10.92,79.64
19-Jul-2023,2.603,26.96,28.135,10.745,79.46
18-Jul-2023,2.629,26.96,27.91,11.02,79.63
17-Jul-2023,2.512,25.15,26.2,10.56,78.5
14-Jul-2023,2.539,25.982,26.832,11.869,79.87
13-Jul-2023,2.545,26.607,27.432,11.91,81.36
12-Jul-2023,2.632,26.65,27.45,11.975,80.11
11-Jul-2023,2.731,29.09,29.74,12.02,79.4
10-Jul-2023,2.669,30.236,30.886,12.06,77.69
07-Jul-2023,2.582,33.434,34.084,12.085,78.47
06-Jul-2023,2.609,32.37,33.05,12.075,76.52
05-Jul-2023,2.657,34.47,35.12,12.1,76.65
04-Jul-2023,2.709,35.389,35.939,12.08,76.25
03-Jul-2023,2.709,34.06,34.64,12.08,74.65
30-Jun-2023,2.798,37.15,37.73,12.24,74.9
29-Jun-2023,2.701,35.036,35.956,12.12,74.34
28-Jun-2023,2.603,34.022,35.5,12.02,74.03
27-Jun-2023,2.763,34.403,35.842,12.07,72.26
26-Jun-2023,2.791,31.983,33.268,11.79,74.18
23-Jun-2023,2.729,32.541,33.441,11.835,73.85
22-Jun-2023,2.608,34.213,35.2,12.065,74.14
21-Jun-2023,2.597,36.769,38.029,12.475,77.12
20-Jun-2023,2.492,38.869,40.119,12.74,75.9
19-Jun-2023,2.632,34.881,35.748,11.2,76.09
16-Jun-2023,2.632,35.079,35.713,11.2,76.61
15-Jun-2023,2.533,40.949,41.633,9.584,75.67
14-Jun-2023,2.342,38.319,39.199,9.4,73.2
13-Jun-2023,2.34,36.135,36.81,9.3,74.29
12-Jun-2023,2.266,31.155,31.823,9.265,71.84
09-Jun-2023,2.254,32.26,32.935,9.25,74.79
08-Jun-2023,2.352,27.001,27.812,9.21,75.96
07-Jun-2023,2.329,26.356,27.131,9.235,76.95
06-Jun-2023,2.262,24.966,25.682,9.21,76.29
05-Jun-2023,2.245,28.44,28.99,9.265,76.71
02-Jun-2023,2.172,23.654,23.954,9.285,76.13
01-Jun-2023,2.158,23.161,23.461,9.265,74.28
31-May-2023,2.266,26.868,27.585,9.285,72.66
30-May-2023,2.327,24.76,25.65,9.365,73.54
29-May-2023,2.181,24.573,25.548,9.235,77.07
26-May-2023,2.181,24.362,25.329,9.235,76.95
25-May-2023,2.307,25.415,26.365,9.35,76.26
24-May-2023,2.398,27.8,28.75,9.58,78.36
23-May-2023,2.321,29.18,30.13,9.735,76.84
22-May-2023,2.4,29.78,30.73,9.755,75.99
19-May-2023,2.585,30.05,31,9.84,75.58
18-May-2023,2.592,29.8,30.75,9.715,75.86
17-May-2023,2.365,31.93,32.88,9.945,76.96
16-May-2023,2.376,31.827,32.477,9.855,74.91
15-May-2023,2.375,32.41,33.56,11.049,75.23
12-May-2023,2.266,32.864,33.984,11.115,74.17
11-May-2023,2.19,34.95,36.65,11.16,74.98
10-May-2023,2.191,35.018,36.418,11.21,76.41
09-May-2023,2.267,36.034,37.434,11.24,77.44
08-May-2023,2.238,36.866,38.166,11.315,77.01
05-May-2023,2.137,36.616,37.916,11.315,75.3
04-May-2023,2.101,35.69,37.19,11.31,72.5
03-May-2023,2.17,36.75,38.55,11.5,72.33
02-May-2023,2.214,37.65,40.3,11.495,75.32
01-May-2023,2.318,38.59,41.215,11.55,79.31
28-Apr-2023,2.41,38.59,41.215,11.55,79.54
27-Apr-2023,2.355,39.15,41.95,11.595,78.37
26-Apr-2023,2.117,38.48,41.48,11.64,77.69
25-Apr-2023,2.307,39.82,42.52,11.845,80.77
24-Apr-2023,2.273,39.9,42.4,11.875,82.73
21-Apr-2023,2.233,40.06,42.96,11.88,81.66
20-Apr-2023,2.249,40.56,43.66,12.235,81.1
19-Apr-2023,2.222,40.2,43.3,12.245,83.12
18-Apr-2023,2.366,42.762,45.562,12.85,84.77
17-Apr-2023,2.275,41.16,44.06,12.49,84.76
14-Apr-2023,2.114,41.15,44.05,12.593,86.31
13-Apr-2023,2.007,42.1,44.9,12.605,86.09
12-Apr-2023,2.093,42.9,45.7,12.625,87.33
11-Apr-2023,2.186,43.76,46.46,12.57,85.61
10-Apr-2023,2.172,43.158,45.758,12.625,84.18
07-Apr-2023,2.011,43.158,45.758,12.625,85.12
06-Apr-2023,2.011,43.158,45.758,12.625,85.12
05-Apr-2023,2.155,44.714,47.264,12.68,84.99
04-Apr-2023,2.106,46.77,49.07,13.16,84.94
03-Apr-2023,2.097,51.187,53.387,12.75,84.93
31-Mar-2023,2.216,47.958,49.458,13.515,79.77
30-Mar-2023,2.104,43.589,44.139,12.7,79.27
29-Mar-2023,1.991,42.902,44.051,12.535,78.28
28-Mar-2023,2.03,42.925,44,12.505,78.65
27-Mar-2023,2.088,42.471,43.771,12.525,78.12
24-Mar-2023,2.216,41.37,43.143,12.7,74.99
23-Mar-2023,2.154,43.16,44.43,13.335,75.91
22-Mar-2023,2.171,40.079,41.54,12.64,76.69
21-Mar-2023,2.348,42.45,43.486,13.645,75.32
20-Mar-2023,2.223,39.58,40.662,13.155,73.79
17-Mar-2023,2.338,43.026,43.732,13.18,72.97
16-Mar-2023,2.514,44.359,44.953,13.555,74.7
15-Mar-2023,2.439,42.956,43.417,14.168,73.69
14-Mar-2023,2.573,44.25,44.884,14.2,77.45
13-Mar-2023,2.606,49.861,49.876,14.245,80.77
10-Mar-2023,2.43,52.671,52.873,14.155,82.78
09-Mar-2023,2.543,43.385,43.778,14.31,81.59
08-Mar-2023,2.551,42.3,43.057,13.895,82.66
07-Mar-2023,2.687,43.27,44.355,13.94,83.29
06-Mar-2023,2.572,42.14,43.331,14.285,86.18
03-Mar-2023,3.009,45.03,46.195,14.325,85.83
02-Mar-2023,2.765,46.775,47.842,14.585,84.75
01-Mar-2023,2.811,47.02,48.22,14.58,84.31
28-Feb-2023,2.747,46.72,47.521,14.36,83.89
27-Feb-2023,2.731,47.508,48.208,14.97,82.45
24-Feb-2023,2.451,51.05,51.9,14.99,83.16
23-Feb-2023,2.314,50.852,51.627,14.9,82.21
22-Feb-2023,2.174,50.569,51.519,14.84,80.6
21-Feb-2023,2.073,48.658,49.833,14.3,83.05
20-Feb-2023,2.275,49.924,50.88,15.92,84.07
17-Feb-2023,2.275,49.1,50.5,15.92,83
16-Feb-2023,2.389,52.03,53.33,16.295,85.14
15-Feb-2023,2.471,54.666,55.9,17.882,85.38
14-Feb-2023,2.567,52.4,53.65,17.89,85.58
13-Feb-2023,2.405,52.025,53.15,17.895,86.61
10-Feb-2023,2.514,53.741,54.841,17.985,86.39
09-Feb-2023,2.43,52.804,53.804,17.915,84.5
08-Feb-2023,2.396,53.637,54.937,17.93,85.09
07-Feb-2023,2.584,55.499,57.7,18.185,83.69
06-Feb-2023,2.457,58.011,59.611,18.495,80.99
03-Feb-2023,2.41,57.938,59.338,18.525,79.94
02-Feb-2023,2.456,56.958,58.358,18.37,82.17
01-Feb-2023,2.468,59.53,60.955,18.97,82.84
31-Jan-2023,2.684,57.325,58.75,19.025,84.49
30-Jan-2023,2.677,55.1,57.6,19.485,84.9
27-Jan-2023,3.109,55.5,57.71,19.5,86.66
26-Jan-2023,2.944,54.1,58.8,20.165,87.47
25-Jan-2023,3.067,56.614,59.214,20.94,86.12
24-Jan-2023,3.258,58.2,60.5,22.115,86.13
23-Jan-2023,3.447,66.1,66.55,23.255,88.19
20-Jan-2023,3.174,66.832,67.832,22.815,87.63
19-Jan-2023,3.275,60.811,60.98,22.95,86.16
18-Jan-2023,3.311,61.845,65,23.09,84.98
17-Jan-2023,3.586,59.945,60.545,22.725,85.92
16-Jan-2023,3.419,55.2,56.34,26.807,84.46
13-Jan-2023,3.419,64.9,65.9,26.807,85.28
12-Jan-2023,3.695,66.687,68.4,26.76,84.03
11-Jan-2023,3.671,65.19,66.36,26.87,82.67
10-Jan-2023,3.639,69.807,69.76,27.06,80.1
09-Jan-2023,3.91,74.1,72.6,27.115,79.65
06-Jan-2023,3.71,69.5,68.043,28.45,78.57
05-Jan-2023,3.72,72.249,70.899,28.85,78.69
04-Jan-2023,4.172,65.072,67,29.5,77.84
03-Jan-2023,3.988,72.6,71.425,29.345,82.1
02-Jan-2023,4.475,76.608,75.608,29.515,85.91
30-Dec-2022,4.475,72.894,71.894,29.515,85.91
29-Dec-2022,4.559,83.778,80.778,28.83,82.26
28-Dec-2022,4.709,81.274,78.269,28.51,83.26
27-Dec-2022,5.282,80.306,77.302,28.185,84.33
26-Dec-2022,5.079,82.835,79.832,28.12,83.92
23-Dec-2022,5.079,82.835,79.832,28.12,83.92
22-Dec-2022,4.999,91.71,88.482,31.635,80.98
21-Dec-2022,5.332,97.859,94.22,31.68,82.2
20-Dec-2022,5.326,106.041,101.678,34.915,79.99
19-Dec-2022,5.851,109.067,106.387,36.49,79.8
16-Dec-2022,6.6,115.85,112.833,35.575,79.04
15-Dec-2022,6.97,134.576,130.787,33.443,81.21
14-Dec-2022,6.43,131.8,129.73,33.385,82.7
13-Dec-2022,6.935,137.474,132.681,33.345,80.68
12-Dec-2022,6.587,136.554,133.419,32.925,77.99
09-Dec-2022,6.245,139.059,135.088,33.365,76.1
08-Dec-2022,5.962,139.489,135.923,34.295,76.15
07-Dec-2022,5.723,148.5,145.561,33.35,77.17
06-Dec-2022,5.469,138.387,134.816,32.845,79.35
05-Dec-2022,5.577,134.109,129.922,33.185,82.68
02-Dec-2022,6.281,132.774,130.522,31.76,85.57
01-Dec-2022,6.738,139.594,135.839,33.78,86.88
30-Nov-2022,6.93,145.621,141.516,33.31,85.43
29-Nov-2022,7.235,132.06,124.56,30.505,83.03
28-Nov-2022,6.712,123.42,115.42,30.28,83.19
25-Nov-2022,7.024,124.59,119.59,29.96,83.63
24-Nov-2022,7.308,123.75,118.75,31.115,85.34
23-Nov-2022,7.308,129.3,123.57,31.115,85.41
22-Nov-2022,6.779,119.72,114.72,29.215,88.36
21-Nov-2022,6.776,115.841,111.98,27.3,87.45
18-Nov-2022,6.303,115,110.599,26.385,87.62
17-Nov-2022,6.369,112.491,107.691,26.315,89.78
16-Nov-2022,6.2,114.66,108.66,25.885,92.86
15-Nov-2022,6.034,123.6,117.1,27.397,93.86
14-Nov-2022,5.933,113,108.82,27.23,93.14
11-Nov-2022,5.879,97.924,94.124,27.225,95.99
10-Nov-2022,6.239,113.09,110.09,27.545,93.67
09-Nov-2022,5.865,113.253,110.253,27.73,92.65
08-Nov-2022,6.138,117.843,113.843,27.88,95.36
07-Nov-2022,6.944,109.517,105.517,27.195,97.92
04-Nov-2022,6.4,114.86,111.75,28.925,98.57
03-Nov-2022,5.975,125.513,117.263,27.815,94.67
02-Nov-2022,6.268,125.37,118.12,29.105,96.16
01-Nov-2022,5.714,115.91,107.41,27.54,94.65
31-Oct-2022,6.355,123.25,119.25,27.535,94.83
28-Oct-2022,5.684,112.2,104.2,30.16,95.77
27-Oct-2022,5.186,107.55,99.55,30.49,96.96
26-Oct-2022,5.606,104.2,90.2,30.45,95.69
25-Oct-2022,5.613,99.32,90.02,31.02,93.52
24-Oct-2022,5.199,98.46,90.77,31.29,93.26
21-Oct-2022,4.959,113.354,106.854,32.47,93.5
20-Oct-2022,5.358,126.828,118.828,32.35,92.38
19-Oct-2022,5.462,112.32,104.82,30.315,92.41
18-Oct-2022,5.745,113.186,104.686,29.69,90.03
17-Oct-2022,5.999,128.4,121.764,30.92,91.62
14-Oct-2022,6.453,142.35,131.7,34.779,91.63
13-Oct-2022,6.741,153.73,142.89,34.835,94.57
12-Oct-2022,6.435,160.081,145.75,34.705,92.45
11-Oct-2022,6.596,157.1,139.35,34.785,94.29
10-Oct-2022,6.435,153.732,136.732,34.26,96.19
07-Oct-2022,6.748,156.77,141.356,34.46,97.92
06-Oct-2022,6.972,174.853,162.153,35.855,94.42
05-Oct-2022,6.93,174.44,168.44,35.05,93.37
04-Oct-2022,6.837,161.783,155.783,38.195,91.8
03-Oct-2022,6.47,169.817,164.817,38.87,88.86
30-Sep-2022,6.766,189.45,185.45,38.725,87.96
29-Sep-2022,6.874,187.2,154.7,39.105,88.49
28-Sep-2022,6.868,206,169.925,41.205,89.32
27-Sep-2022,6.651,185.788,145.29,42.47,86.27
26-Sep-2022,6.903,173.017,172.979,37.69,84.06
23-Sep-2022,6.828,185.001,185.828,37.57,86.15
22-Sep-2022,7.089,187.967,187.203,39.91,90.46
21-Sep-2022,7.779,190.059,190.077,38.915,89.83
20-Sep-2022,7.717,193.598,193.272,43.285,90.62
19-Sep-2022,7.752,182.464,182.373,41.97,92
16-Sep-2022,7.764,187.492,187.607,42.16,91.35
15-Sep-2022,8.324,214.259,214.369,53.508,90.84
14-Sep-2022,9.114,217.098,217.078,53.075,94.1
13-Sep-2022,8.284,199.478,197.977,53.035,93.17
12-Sep-2022,8.249,191.072,193.714,53.125,94
09-Sep-2022,7.996,206.696,206.657,53.9,92.84
08-Sep-2022,7.915,216.435,215.165,52.835,89.15
07-Sep-2022,7.842,210.156,211.747,55.2,88
06-Sep-2022,8.145,238.847,238.942,54.69,92.83
05-Sep-2022,8.786,245.893,244.968,55.245,95.74
02-Sep-2022,8.786,216.263,217.872,55.245,93.02
01-Sep-2022,9.262,243.417,244.896,59.155,92.36
31-Aug-2022,9.127,242.803,243.946,53.95,96.49
30-Aug-2022,9.042,255.15,253.4,58.745,99.31
29-Aug-2022,9.353,274.442,272.442,68.665,105.09
26-Aug-2022,9.296,336.64,336.84,68.8,100.99
25-Aug-2022,9.375,321.06,321.26,69.955,99.34
24-Aug-2022,9.33,291.35,291.55,66.255,101.22
23-Aug-2022,9.193,268.652,273,56.33,100.22
22-Aug-2022,9.68,274.1,276.22,57.82,96.48
19-Aug-2022,9.336,244.2,244.1,57.02,96.72
18-Aug-2022,9.188,240.557,241.007,57.6,96.59
17-Aug-2022,9.244,225.653,225.803,56.82,93.65
16-Aug-2022,9.329,226.189,225.789,56.715,92.34
15-Aug-2022,8.728,219.85,219.55,45.443,95.1
12-Aug-2022,8.768,206.412,205.912,45.39,98.15
11-Aug-2022,8.874,207,209.341,45.335,99.6
10-Aug-2022,8.202,206,205.91,44.71,97.4
09-Aug-2022,7.833,191.8,193.128,44.62,96.31
08-Aug-2022,7.589,193.112,194.112,44.47,96.65
05-Aug-2022,8.064,196,197.45,44.66,94.92
04-Aug-2022,8.122,199.248,200.658,44.605,94.12
03-Aug-2022,8.266,199.588,207.86,45.95,96.78
02-Aug-2022,7.706,204.957,206.7,45.28,100.54
01-Aug-2022,8.283,201.7,202.963,44.83,100.03
29-Jul-2022,8.229,190.895,193.195,42.225,110.01
28-Jul-2022,8.134,199,200.785,41.54,107.14
27-Jul-2022,8.687,206.252,208.702,43.13,106.62
26-Jul-2022,8.993,200.16,202.96,40.21,104.4
25-Jul-2022,8.727,176.3,179.15,39.39,105.15
22-Jul-2022,8.299,160.461,163.736,38.99,103.2
21-Jul-2022,7.932,155.275,158.025,38.095,103.86
20-Jul-2022,8.007,154.26,157.535,38.17,106.92
19-Jul-2022,7.264,154.33,157.93,37.485,107.35
18-Jul-2022,7.479,156.89,159.69,36.595,106.27
15-Jul-2022,7.016,159.92,162.72,39.081,101.16
14-Jul-2022,6.6,174.932,177.632,39.215,99.1
13-Jul-2022,6.689,180.412,182.912,39.205,99.57
12-Jul-2022,6.163,172.823,176.798,38.63,99.49
11-Jul-2022,6.426,165.098,169.073,38.84,107.1
08-Jul-2022,6.034,176.16,180.135,39.385,107.02
07-Jul-2022,6.297,184,187.18,39.57,104.65
06-Jul-2022,5.51,169.6,174.64,38.61,100.69
05-Jul-2022,5.523,164.855,169.955,40.095,102.77
04-Jul-2022,5.73,163.071,168.321,38.675,113.5
01-Jul-2022,5.73,147.3,151.8,38.675,111.63
30-Jun-2022,5.424,144.4,149.9,38.66,114.81
29-Jun-2022,6.498,139.53,144.68,37.16,116.26
28-Jun-2022,6.551,129.245,133.818,37,117.98
27-Jun-2022,6.501,129.703,134.301,37.09,115.09
24-Jun-2022,6.22,128.366,131.98,37.095,113.12
23-Jun-2022,6.239,133.431,137.045,37.13,110.05
22-Jun-2022,6.858,127.29,129.503,37.11,111.74
21-Jun-2022,6.808,125.727,128.428,37.325,114.65
20-Jun-2022,6.944,122.137,124.39,33.955,114.13
17-Jun-2022,6.944,118.243,121.509,33.955,113.12
16-Jun-2022,7.464,126.034,129.517,34.65,119.81
15-Jun-2022,7.42,120.675,123.11,23.395,118.51
14-Jun-2022,7.189,96.875,98.338,23.175,121.17
13-Jun-2022,8.609,83.52,85.552,23.035,122.27
10-Jun-2022,8.85,82.639,84.515,23.165,122.01
09-Jun-2022,8.963,84.825,87.064,23.16,123.07
08-Jun-2022,8.699,79.321,80.99,22.775,123.58
07-Jun-2022,9.293,79.713,81.215,22.87,120.57
06-Jun-2022,9.322,82.615,83.626,23.355,119.51
03-Jun-2022,8.523,83.058,84.075,24.015,119.72
02-Jun-2022,8.485,83.959,84.974,24.015,117.61
01-Jun-2022,8.696,85.849,86.863,24.015,116.29
31-May-2022,8.145,94.093,95.783,24.075,122.84
30-May-2022,8.727,87.97,90.27,22.625,121.67
27-May-2022,8.727,87.133,89.033,22.625,119.43
26-May-2022,8.908,86.28,88.18,22.485,117.4
25-May-2022,8.971,87.78,89.68,22.22,114.03
24-May-2022,8.796,84.55,86.175,22.07,113.56
23-May-2022,8.744,83.54,84.59,22.6,113.42
20-May-2022,8.083,88.032,89.042,21.825,112.55
19-May-2022,8.308,90.985,92.035,21.79,112.04
18-May-2022,8.368,94.643,95.693,21.165,109.11
17-May-2022,8.304,93.96,94.89,20.075,111.93
16-May-2022,7.956,92.883,94.24,20.025,114.24
13-May-2022,7.663,97.334,97.834,23.433,111.55
12-May-2022,7.739,106.63,107.143,23.53,107.45
11-May-2022,7.64,94.06,94.56,23.375,107.51
10-May-2022,7.385,98.42,98.92,22.98,102.46
09-May-2022,7.026,93.751,94.289,23.155,105.94
06-May-2022,8.043,101.393,101.493,24.03,112.39
05-May-2022,8.783,106.3,106.8,24.145,110.9
04-May-2022,8.415,103.88,104.93,24.04,110.14
03-May-2022,7.954,99.395,100.995,23.5,104.97
02-May-2022,7.475,96.612,99.229,23.5,107.58
29-Apr-2022,7.244,100.11,101.86,24.53,109.34
28-Apr-2022,6.888,101,101.505,24.82,107.59
27-Apr-2022,7.267,107.105,110.4,25.145,105.32
26-Apr-2022,6.85,102.8,105.35,24.995,104.99
25-Apr-2022,6.669,93.1,96.2,25.395,102.32
22-Apr-2022,6.534,95.53,98.68,25.495,106.65
21-Apr-2022,6.957,100.15,103.55,25.29,108.33
20-Apr-2022,6.937,94.51,97.41,25.2,106.8
19-Apr-2022,7.176,93.625,96.425,25.12,107.25
18-Apr-2022,7.82,95.602,98.052,25.37,113.16
15-Apr-2022,7.3,95.602,98.052,32.93,111.7
14-Apr-2022,7.3,95.602,98.052,32.93,111.7
13-Apr-2022,6.997,105.31,107.01,32.925,108.78
12-Apr-2022,6.68,102.085,104.6,32.965,104.64
11-Apr-2022,6.643,100.03,100.73,33.02,98.48
08-Apr-2022,6.278,103.71,103.81,33.605,102.78
07-Apr-2022,6.359,104.55,104.9,33.1,100.58
06-Apr-2022,6.029,106.92,107.595,33.44,101.07
05-Apr-2022,6.032,108.4,108.8,33.455,106.64
04-Apr-2022,5.712,109.35,110,32.95,107.53
01-Apr-2022,5.72,112.71,112.96,34.69,104.39
31-Mar-2022,5.642,125,125.3,35.435,107.91
30-Mar-2022,5.605,118.5,118.2,34.15,113.45
29-Mar-2022,5.336,108.008,108.534,33.875,110.23
28-Mar-2022,5.508,102.751,102.564,33.97,112.48
25-Mar-2022,5.571,102.999,103.144,34.43,120.65
24-Mar-2022,5.401,110.94,110.751,34.68,119.03
23-Mar-2022,5.232,117.113,117.284,34.12,121.6
22-Mar-2022,5.187,98.9,98.451,34.175,115.48
21-Mar-2022,4.9,96.75,96.716,34.81,115.62
18-Mar-2022,4.863,104.038,103.123,35.495,107.93
17-Mar-2022,4.99,104.7,104.303,35.555,106.64
16-Mar-2022,4.748,101.602,101.667,33.635,98.02
15-Mar-2022,4.568,116.423,117.356,37.445,99.91
14-Mar-2022,4.658,115.088,115.733,37.25,106.9
11-Mar-2022,4.725,131.177,135.241,37.145,112.67
10-Mar-2022,4.631,123.637,126.549,38.325,109.33
09-Mar-2022,4.526,157.101,157.434,38.965,111.14
08-Mar-2022,4.527,213.699,216.9,42.62,127.98
07-Mar-2022,4.833,231.479,228.653,51.765,123.21
04-Mar-2022,5.016,192.001,196.411,38.65,118.11
03-Mar-2022,4.722,160.949,164.726,43.6,110.46
02-Mar-2022,4.762,164.798,168.414,38.505,112.93
01-Mar-2022,4.573,121.01,124.176,31.5,104.97
28-Feb-2022,4.402,98.675,101.508,27.95,100.99
25-Feb-2022,4.47,93.6,94.925,27.51,97.93
24-Feb-2022,4.568,134.5,135.896,37.01,99.08
23-Feb-2022,4.623,88.36,89.808,28.965,96.84
22-Feb-2022,4.498,80,81.131,25.96,96.84
21-Feb-2022,4.431,72.4,74.01,23.805,95.39
18-Feb-2022,4.431,73.8,75.404,23.805,93.54
17-Feb-2022,4.486,74.76,76.378,24.51,92.97
16-Feb-2022,4.717,69.7,71.309,23.075,94.81
15-Feb-2022,4.306,69.025,70.611,24.815,93.28
14-Feb-2022,4.195,80.7,82.36,24.885,96.48
11-Feb-2022,3.941,77.37,78.951,24.57,94.44
10-Feb-2022,3.959,74.11,75.626,24.795,91.41
09-Feb-2022,4.009,73.9,75.782,24.715,91.55
08-Feb-2022,4.248,77.305,78.649,25.305,90.78
07-Feb-2022,4.232,79.45,80.771,25.1,92.69
04-Feb-2022,4.572,82.55,83.73,25.35,93.27
03-Feb-2022,4.888,80.3,81.832,24.34,91.11
02-Feb-2022,5.501,77.65,78.9,24.2,89.47
01-Feb-2022,4.751,75.84,77.549,23.705,89.16
31-Jan-2022,4.874,84.345,85.982,24.71,91.21
28-Jan-2022,4.639,92.1,94.222,26.81,90.03
27-Jan-2022,6.265,92.548,94.744,25.275,89.34
26-Jan-2022,4.277,91.65,93.42,25.825,89.96
25-Jan-2022,4.053,93.59,95.989,26.005,88.2
24-Jan-2022,4.027,92.68,95.1,25.19,86.27
21-Jan-2022,3.999,78.77,81.32,22.09,87.89
20-Jan-2022,3.802,74.95,76.577,20.525,88.38
19-Jan-2022,4.031,75.9,77.227,21.14,88.44
18-Jan-2022,4.283,78.3,79.79,22.935,87.51
17-Jan-2022,4.262,76.91,78.975,32.845,86.48
14-Jan-2022,4.262,86.45,86.876,32.845,86.06
13-Jan-2022,4.27,85.32,87.3,32.605,84.47
12-Jan-2022,4.857,75.5,79.288,33,84.67
11-Jan-2022,4.249,78.5,89.01,32.915,83.72
10-Jan-2022,4.079,85.03,85.471,33.265,80.87
07-Jan-2022,3.916,88.605,89.018,33.95,81.75
06-Jan-2022,3.812,96,96.365,34.07,81.99
05-Jan-2022,3.882,91.25,91.795,34.19,80.8
04-Jan-2022,3.717,88.96,89.29,32.745,80
03-Jan-2022,3.815,80.17,80.39,30.505,78.98
31-Dec-2021,3.73,71.42,71.754,30.495,77.78
30-Dec-2021,3.561,87.4,88.366,34.21,79.32
29-Dec-2021,4.024,96.522,98.414,34.03,79.23
28-Dec-2021,4.055,106.565,107.103,39.915,78.94
27-Dec-2021,4.06,106.041,106.508,40.98,78.6
24-Dec-2021,3.731,111.684,112.026,38.84,76.14
23-Dec-2021,3.731,132.877,133.678,38.84,76.85
22-Dec-2021,3.976,173.25,173.605,46.015,75.29
21-Dec-2021,3.869,181.436,182.184,49.345,73.98
20-Dec-2021,3.834,146.957,148.253,45.025,71.52
17-Dec-2021,3.69,135.895,134.92,42.45,73.52
16-Dec-2021,3.766,142.457,141.96,43.445,75.02
15-Dec-2021,3.802,132.944,130.084,35.87,73.88
14-Dec-2021,3.747,127.613,127.721,35.765,73.7
13-Dec-2021,3.794,116.189,117.452,35.73,74.39
10-Dec-2021,3.925,105.604,104.737,35.215,75.15
09-Dec-2021,3.814,100.563,99.572,35.185,74.42
08-Dec-2021,3.815,102.316,101.41,35.15,75.82
07-Dec-2021,3.708,95.581,94.913,35.065,75.44
06-Dec-2021,3.657,89.992,88.876,34.395,73.08
03-Dec-2021,4.132,89.955,88.851,34.19,69.88
02-Dec-2021,4.056,94.466,93.657,35.32,69.67
01-Dec-2021,4.258,95.864,94.813,35.885,68.87
30-Nov-2021,4.567,93.522,92.855,35.945,70.57
29-Nov-2021,4.854,93.852,95,36.25,73.44
26-Nov-2021,5.447,87.7,87.359,34.89,72.72
25-Nov-2021,5.068,93.365,92.783,36.205,82.22
24-Nov-2021,5.068,93.8,93.262,36.205,82.25
23-Nov-2021,4.967,91.195,90.691,36.075,82.31
22-Nov-2021,4.789,84.3,83.595,33.97,79.7
19-Nov-2021,5.065,87.065,86.66,34.255,78.89
18-Nov-2021,4.902,95.205,94.802,37.565,81.24
17-Nov-2021,4.816,94.9,94.492,37.285,80.28
16-Nov-2021,5.177,94.15,93.745,37.845,82.43
15-Nov-2021,5.017,80,79.604,31.612,82.05
12-Nov-2021,4.791,75.5,75.076,31.565,82.17
11-Nov-2021,5.149,74.7,74.306,31.415,82.87
10-Nov-2021,4.88,70.915,70.544,31.14,82.64
09-Nov-2021,4.979,73.01,72.502,31.76,84.78
08-Nov-2021,5.427,78.8,78.497,32.145,83.43
05-Nov-2021,5.516,74,73.697,31.62,82.74
04-Nov-2021,5.716,73.275,72.987,32.005,80.54
03-Nov-2021,5.67,76.448,76.131,32.755,81.99
02-Nov-2021,5.542,67.55,67.247,30.805,84.72
01-Nov-2021,5.186,65.605,65.362,29.205,84.71
29-Oct-2021,5.426,65,64.595,30,84.38
28-Oct-2021,5.782,76.78,75.09,32.01,84.32
27-Oct-2021,6.202,86.86,84.744,33.905,84.58
26-Oct-2021,5.882,88.26,86.476,34.205,86.4
25-Oct-2021,5.898,89.063,86.7,33.575,85.99
22-Oct-2021,5.28,87.1,84.9,33.255,85.53
21-Oct-2021,5.115,88.62,87.83,33.455,84.61
20-Oct-2021,5.17,92.75,92.805,35.555,85.82
19-Oct-2021,5.088,90.63,88.62,34.89,85.08
18-Oct-2021,4.989,93.9,93.485,34.34,84.33
15-Oct-2021,5.41,93.95,93.539,33.254,84.86
14-Oct-2021,5.687,102.4,102.017,33.305,84
13-Oct-2021,5.59,93.335,92.885,33.11,83.18
12-Oct-2021,5.505,85.75,85.35,32.9,83.42
11-Oct-2021,5.345,85.34,85.04,33.08,83.65
08-Oct-2021,5.565,87.2,86.55,32.06,82.39
07-Oct-2021,5.677,97.15,96.9,33.08,81.95
06-Oct-2021,5.675,109.325,109.15,34.05,81.08
05-Oct-2021,6.312,115.85,115.65,35.065,82.56
04-Oct-2021,5.766,96.523,96.683,31.56,81.26
01-Oct-2021,5.619,93.9,93.7,31.07,79.28
30-Sep-2021,5.867,96.695,96.4,31.095,78.52
29-Sep-2021,5.477,85.65,84.46,30.005,78.64
28-Sep-2021,5.841,78.684,77.389,29.35,79.09
27-Sep-2021,5.706,76.846,75.129,29.195,79.53
24-Sep-2021,5.14,71.794,69.735,27.495,78.09
23-Sep-2021,4.976,69.65,68.211,26.8,77.25
22-Sep-2021,4.805,71.567,70.167,26.975,76.19
21-Sep-2021,4.805,73.746,72.671,27.525,74.36
20-Sep-2021,4.985,75.218,75.202,27.185,73.92
17-Sep-2021,5.105,64.85,64.278,25,75.34
16-Sep-2021,5.335,61.678,62.525,23.42,75.67
15-Sep-2021,5.46,70.802,70.335,19.019,75.46
14-Sep-2021,5.26,65.477,64.946,18.935,73.6
13-Sep-2021,5.231,61.087,60.216,18.82,73.51
10-Sep-2021,4.938,57.892,56.954,18.65,72.92
09-Sep-2021,5.031,56.502,55.233,18.625,71.45
08-Sep-2021,4.914,55.217,53.835,18.65,72.6
07-Sep-2021,4.568,53.888,52.775,18.685,71.69
06-Sep-2021,4.712,52.826,51.774,18.46,72.22
03-Sep-2021,4.712,51.565,50.357,18.46,72.61
02-Sep-2021,4.641,52.09,51.683,18.46,73.03
01-Sep-2021,4.615,50.194,48.604,18.02,71.59
31-Aug-2021,4.377,50.397,49.338,18.22,72.99
30-Aug-2021,4.305,49.45,48.05,17.72,73.41
27-Aug-2021,4.37,47.55,46.275,17.7,72.7
26-Aug-2021,4.184,45.758,44.605,17.245,71.07
25-Aug-2021,3.897,45.253,44,17.03,72.25
24-Aug-2021,3.896,44.84,43.422,16.85,71.05
23-Aug-2021,3.945,41.785,41.013,16.34,68.75
20-Aug-2021,3.851,42.066,41.204,15.575,65.18
19-Aug-2021,3.83,40.245,40.2,15.18,66.45
18-Aug-2021,3.852,45.3,43.891,16.77,68.23
17-Aug-2021,3.837,46.912,45.452,17.48,69.03
16-Aug-2021,3.946,47.983,46.557,17.99,69.51
13-Aug-2021,3.861,44.611,43.27,15.655,70.59
12-Aug-2021,3.933,45.885,44.551,15.665,71.31
11-Aug-2021,4.059,45.967,44.748,15.65,71.44
10-Aug-2021,4.089,44.635,43.461,15.8,70.63
09-Aug-2021,4.06,42.8,41.799,15.76,69.04
06-Aug-2021,4.14,43.162,42.292,15.7,70.7
05-Aug-2021,4.14,42.88,41.744,15.4,71.29
04-Aug-2021,4.158,42.232,41.121,15.325,70.38
03-Aug-2021,4.027,41.208,40.041,15.34,72.41
02-Aug-2021,3.935,42.188,41.039,15.465,72.89
30-Jul-2021,3.914,40.792,39.932,14.755,76.33
29-Jul-2021,4.059,41.12,40.227,15.25,76.05
28-Jul-2021,4.044,39.662,38.75,15.085,74.74
27-Jul-2021,3.971,37.581,36.675,14.805,74.48
26-Jul-2021,4.102,36.843,35.967,14.59,74.5
23-Jul-2021,4.06,35.557,34.742,14.18,74.1
22-Jul-2021,4.003,36.121,35.13,14.275,73.79
21-Jul-2021,3.959,35.893,35.149,14.31,72.23
20-Jul-2021,3.876,35.105,34.485,14.035,69.35
19-Jul-2021,3.779,35.685,35.09,14.19,68.62
16-Jul-2021,3.674,34.792,33.978,13.96,73.59
15-Jul-2021,3.614,33.899,33.269,12.973,73.47
14-Jul-2021,3.66,34.819,34.134,12.975,74.76
13-Jul-2021,3.696,35.452,34.698,12.97,76.49
12-Jul-2021,3.749,34.688,33.875,13.01,75.16
09-Jul-2021,3.674,36.75,35.18,13,75.55
08-Jul-2021,3.688,33.268,31.775,12.935,74.12
07-Jul-2021,3.596,32.421,31.39,12.685,73.43
06-Jul-2021,3.637,34.26,33.64,12.885,74.53
05-Jul-2021,3.7,37.986,36.621,13.115,77.16
02-Jul-2021,3.7,35.844,35.606,13.115,76.17
01-Jul-2021,3.661,36.179,35.921,13.23,75.84
30-Jun-2021,3.65,34.59,34.293,13.11,75.13
29-Jun-2021,3.63,33.45,33,12.975,74.76
28-Jun-2021,3.617,32.301,31.734,12.7,74.68
25-Jun-2021,3.496,32.406,31.853,12.755,76.18
24-Jun-2021,3.418,32.013,31.712,12.625,75.56
23-Jun-2021,3.333,31.52,31.317,12.605,75.19
22-Jun-2021,3.258,30.775,30.465,12.4,74.81
21-Jun-2021,3.191,29.702,29.575,11.95,74.9
18-Jun-2021,3.215,29.378,29.24,11.87,73.51
17-Jun-2021,3.253,28.336,28.2,11.595,73.08
16-Jun-2021,3.251,28.035,27.918,11.63,74.39
15-Jun-2021,3.24,28.172,28.199,10.924,73.99
14-Jun-2021,3.352,28.831,28.726,10.92,72.86
11-Jun-2021,3.296,27.787,27.722,10.92,72.69
10-Jun-2021,3.149,28.611,28.514,10.925,72.52
09-Jun-2021,3.129,28.316,28.013,10.9,72.22
08-Jun-2021,3.128,27.792,27.536,10.85,72.22
07-Jun-2021,3.07,26.462,26.34,10.675,71.49
04-Jun-2021,3.097,25.829,25.625,10.605,71.89
03-Jun-2021,3.041,25.703,25.63,10.625,71.31
02-Jun-2021,3.075,25.711,25.376,10.625,71.35
01-Jun-2021,3.104,25.985,25.808,10.65,70.25
31-May-2021,2.986,25.108,25.507,10.4,69.32
28-May-2021,2.986,25.06,24.58,10.4,69.63
27-May-2021,2.958,25.216,25.483,10.375,69.46
26-May-2021,2.984,26.39,26.634,10.625,68.87
25-May-2021,2.913,26.208,26.258,10.6,68.65
24-May-2021,2.886,24.714,25.043,10.075,68.46
21-May-2021,2.906,24.634,25.031,9.98,66.44
20-May-2021,2.925,24.68,24.937,10.05,65.11
19-May-2021,2.964,22.715,23.283,9.47,66.66
18-May-2021,3.012,24.822,25.207,9.99,68.71
17-May-2021,3.109,26.365,26.739,10.33,69.46
14-May-2021,2.961,26.795,27.26,9.132,68.71
13-May-2021,2.973,26.292,26.775,9.125,67.05
12-May-2021,2.969,26.408,26.987,9.125,69.32
11-May-2021,2.955,25.724,26.379,9.115,68.55
10-May-2021,2.932,25.179,25.777,9.12,68.32
07-May-2021,2.958,23.93,24.637,9.045,68.28
06-May-2021,2.928,24.496,25,9.06,68.09
05-May-2021,2.938,23.902,24.7,8.97,68.96
04-May-2021,2.967,23.044,23.766,9.005,68.88
03-May-2021,2.966,23.85,24.656,8.905,67.56
30-Apr-2021,2.931,23.27,24.049,8.895,67.25
29-Apr-2021,2.911,22.52,23.34,8.8,68.56
28-Apr-2021,2.925,21.524,22.537,8.6,67.27
27-Apr-2021,2.873,21.406,21.977,8.6,66.42
26-Apr-2021,2.79,19.995,20.544,8.25,65.65
23-Apr-2021,2.73,20.048,20.779,8.2,66.11
22-Apr-2021,2.749,21.338,21.738,8.55,65.4
21-Apr-2021,2.692,21.11,21.641,8.55,65.32
20-Apr-2021,2.727,21.069,21.662,8.65,66.57
19-Apr-2021,2.749,20.938,21.64,8.665,67.05
16-Apr-2021,2.68,20.551,21.35,8.245,66.77
15-Apr-2021,2.658,20.225,21.059,7.017,66.94
14-Apr-2021,2.618,19.634,20.505,7.015,66.58
13-Apr-2021,2.619,19.469,20.281,7.015,63.67
12-Apr-2021,2.561,19.651,20.43,7.005,63.28
09-Apr-2021,2.526,18.943,19.518,6.985,62.95
08-Apr-2021,2.522,19.03,19.587,6.985,63.2
07-Apr-2021,2.52,19.303,19.885,6.98,63.16
06-Apr-2021,2.456,19.794,20.468,6.97,62.74
05-Apr-2021,2.511,19.159,19.734,6.925,62.15
02-Apr-2021,2.639,19.159,19.734,6.925,64.86
01-Apr-2021,2.639,19.159,19.734,6.925,64.86
31-Mar-2021,2.608,18.967,19.798,7.02,63.54
30-Mar-2021,2.623,18.84,19.55,6.935,64.14
29-Mar-2021,2.586,18.445,18.995,6.865,64.98
26-Mar-2021,2.557,18.68,19.572,6.93,64.57
25-Mar-2021,2.57,18.363,19.059,6.75,61.95
24-Mar-2021,2.518,18.568,19.226,6.855,64.41
23-Mar-2021,2.508,18.38,19.213,6.855,60.79
22-Mar-2021,2.582,18.008,18.89,6.625,64.62
19-Mar-2021,2.535,17.262,18.128,6.425,64.53
18-Mar-2021,2.481,17.749,18.316,6.565,63.28
17-Mar-2021,2.528,17.999,18.715,6.65,68
16-Mar-2021,2.562,17.66,18.34,6.53,68.39
15-Mar-2021,2.484,17.911,18.611,6.077,68.88
12-Mar-2021,2.6,18.454,19.194,6.07,69.22
11-Mar-2021,2.668,18.138,19.025,6.055,69.63
10-Mar-2021,2.692,17.561,18.409,6,67.9
09-Mar-2021,2.662,16.925,17.823,6.01,67.52
08-Mar-2021,2.664,16.155,16.972,6,68.24
05-Mar-2021,2.701,16.368,17.1,6,69.36
04-Mar-2021,2.746,15.981,16.646,6,66.74
03-Mar-2021,2.816,15.558,16.216,5.875,64.07
02-Mar-2021,2.839,15.89,16.544,5.875,62.7
01-Mar-2021,2.777,16.05,16.802,5.925,63.69
26-Feb-2021,2.771,15.722,16.559,6.195,66.13
25-Feb-2021,2.777,15.904,16.28,5.805,66.88
24-Feb-2021,2.854,16.353,16.676,6.04,67.04
23-Feb-2021,2.879,16.258,16.667,6.23,65.37
22-Feb-2021,2.953,15.973,16.197,6.255,65.24
19-Feb-2021,3.069,16.552,16.782,6.4,62.91
18-Feb-2021,3.082,17.356,17.34,6.6,63.93
17-Feb-2021,3.219,16.554,16.925,6.305,64.34
16-Feb-2021,3.129,16.688,16.944,6.35,63.35
15-Feb-2021,2.912,16.568,16.584,8.264,63.3
12-Feb-2021,2.912,17.599,17.611,8.264,62.43
11-Feb-2021,2.868,17.401,17.95,8.265,61.14
10-Feb-2021,2.911,18.581,18.145,8.28,61.47
09-Feb-2021,2.835,19.109,18.675,8.305,61.09
08-Feb-2021,2.882,20.157,19.785,8.43,60.56
05-Feb-2021,2.863,18.397,17.899,8.385,59.34
04-Feb-2021,2.935,18.184,17.928,8.34,58.84
03-Feb-2021,2.789,17.864,17.672,8.365,58.46
02-Feb-2021,2.845,18.309,17.96,8.43,57.46
01-Feb-2021,2.85,18.15,18.063,8.52,56.35
29-Jan-2021,2.564,19.864,19.842,8.87,55.88
28-Jan-2021,2.664,20.84,20.75,8.85,55.53
27-Jan-2021,2.76,19.679,19.6,8.615,55.81
26-Jan-2021,2.656,19.514,19.673,8.56,55.91
25-Jan-2021,2.602,20.187,20.369,8.61,55.88
22-Jan-2021,2.446,21.452,21.578,8.855,55.41
21-Jan-2021,2.491,20.139,20.2,8.485,56.1
20-Jan-2021,2.539,20.331,20.502,9.015,56.08
19-Jan-2021,2.546,20.272,20.35,8.52,55.9
18-Jan-2021,2.737,19.074,19.5,18.309,54.75
15-Jan-2021,2.737,20.161,20.037,18.309,55.1
14-Jan-2021,2.666,21.129,21.278,18.57,56.42
13-Jan-2021,2.727,21.412,21.437,18.57,56.06
12-Jan-2021,2.753,26.144,26.081,19.7,56.58
11-Jan-2021,2.747,22.069,22.104,19.7,55.66
08-Jan-2021,2.7,20.148,20.173,17.25,55.99
07-Jan-2021,2.729,19.261,19.293,17.25,54.38
06-Jan-2021,2.716,17.585,17.691,15.55,54.3
05-Jan-2021,2.702,17.983,17.988,15.105,53.6
04-Jan-2021,2.581,19.8,19.849,14.93,51.09
01-Jan-2021,2.539,19.21,19.25,14.3,51.8
31-Dec-2020,2.539,19.21,19.25,14.3,51.8
30-Dec-2020,2.422,18.99,18.09,12.795,51.34
29-Dec-2020,2.467,18.747,18.78,12.1,51.09
28-Dec-2020,2.305,19.118,19.229,11.085,50.86
25-Dec-2020,2.518,17.515,17.6,11,51.29
24-Dec-2020,2.518,17.515,17.6,11,51.29
23-Dec-2020,2.608,17.496,17.625,10.525,51.2
22-Dec-2020,2.78,17.676,17.652,10.755,50.08
21-Dec-2020,2.705,16.802,16.937,10.05,50.91
18-Dec-2020,2.7,15.89,16.018,9.66,52.26
17-Dec-2020,2.636,15.932,16.136,10.115,51.5
16-Dec-2020,2.677,16.432,16.557,10.435,51.08
15-Dec-2020,2.682,17.232,17.407,8.173,50.76
14-Dec-2020,2.682,16.649,16.847,8.165,50.29
11-Dec-2020,2.591,15.959,16.102,8.075,49.97
10-Dec-2020,2.553,15.528,15.487,7.915,50.25
09-Dec-2020,2.442,14.727,14.912,7.82,48.86
08-Dec-2020,2.399,14.46,14.656,7.695,48.84
07-Dec-2020,2.406,14.346,14.51,7.6,48.79
04-Dec-2020,2.575,14.62,14.737,7.495,49.25
03-Dec-2020,2.507,14.133,14.42,7.5,48.71
02-Dec-2020,2.78,14.942,15.063,7.55,48.25
01-Dec-2020,2.88,14.933,15.01,7.325,47.42
30-Nov-2020,2.882,15.139,15.201,7.325,47.59
27-Nov-2020,2.843,14.48,14.62,7.15,48.18
26-Nov-2020,2.896,13.911,13.855,6.95,47.8
25-Nov-2020,2.896,13.929,13.855,6.95,48.61
24-Nov-2020,2.775,13.891,13.877,6.745,47.86
23-Nov-2020,2.711,13.535,13.414,6.55,46.06
20-Nov-2020,2.65,12.902,12.788,6.375,44.96
19-Nov-2020,2.592,13.015,12.926,6.25,44.2
18-Nov-2020,2.712,13.695,13.564,6.43,44.34
17-Nov-2020,2.692,13.945,13.799,6.565,43.75
16-Nov-2020,2.697,14.471,14.301,6.75,43.82
13-Nov-2020,2.995,14.241,14.073,6.899,42.78
12-Nov-2020,2.976,13.999,13.809,6.9,43.53
11-Nov-2020,3.031,14.103,13.9,6.905,43.8
10-Nov-2020,2.949,14.015,13.816,6.905,43.61
09-Nov-2020,2.859,13.86,13.725,6.905,42.4
06-Nov-2020,2.888,13.914,13.6,6.905,39.45
05-Nov-2020,2.942,14.431,14.313,6.855,40.93
04-Nov-2020,3.046,13.869,13.85,6.855,41.23
03-Nov-2020,3.059,13.652,13.63,6.8,39.71
02-Nov-2020,3.244,13.671,13.45,6.915,38.97
30-Oct-2020,3.354,14.075,13.9,7.02,37.46
29-Oct-2020,3.301,14.23,13.77,6.925,37.65
28-Oct-2020,2.996,14.489,13.85,6.95,39.12
27-Oct-2020,3.019,14.763,14.591,7,41.2
26-Oct-2020,3.024,14.876,14.6,7.2,40.46
23-Oct-2020,2.971,15.411,15.211,7.25,41.77
22-Oct-2020,3.007,15.247,15.321,6.875,42.46
21-Oct-2020,3.023,14.868,14.888,6.725,41.73
20-Oct-2020,2.913,14.899,14.954,6.55,43.16
19-Oct-2020,2.795,14.741,14.729,6.51,42.62
16-Oct-2020,2.773,14.518,14.514,6.315,42.93
15-Oct-2020,2.775,14.225,14.249,5.146,43.16
14-Oct-2020,2.636,13.86,13.852,5.145,43.32
13-Oct-2020,2.855,13.595,13.546,5.145,42.45
12-Oct-2020,2.881,13.848,13.872,5.135,41.72
09-Oct-2020,2.741,13.794,13.75,5.135,42.85
08-Oct-2020,2.627,13.887,13.707,5.105,43.34
07-Oct-2020,2.606,13.715,14.079,5.085,41.99
06-Oct-2020,2.52,13.314,13.699,5.05,42.65
05-Oct-2020,2.615,13.451,13.814,5.05,41.29
02-Oct-2020,2.438,13.027,13.417,5.025,39.27
01-Oct-2020,2.527,13.189,13.587,5.035,40.93
30-Sep-2020,2.527,13.272,13.583,5.05,40.95
29-Sep-2020,2.561,12.28,12.8,5.1,41.03
28-Sep-2020,2.101,12.377,12.732,5.075,42.43
25-Sep-2020,2.139,11.662,12.244,4.975,41.92
24-Sep-2020,2.248,11.604,12.216,4.95,41.94
23-Sep-2020,2.125,12.024,12.412,4.95,41.77
22-Sep-2020,1.834,11.7,12.389,4.835,41.72
21-Sep-2020,1.835,11.458,12.039,4.78,41.44
18-Sep-2020,2.048,11.489,12.07,4.845,43.15
17-Sep-2020,2.042,11.052,12.305,4.845,43.3
16-Sep-2020,2.267,11.306,12.44,4.895,42.22
15-Sep-2020,2.362,10.875,12.077,4.308,40.53
14-Sep-2020,2.31,10.721,11.859,4.31,39.61
11-Sep-2020,2.269,10.497,11.638,4.31,39.83
10-Sep-2020,2.323,10.554,11.731,4.31,40.06
09-Sep-2020,2.406,10.732,11.919,4.25,40.79
08-Sep-2020,2.4,10.784,11.978,4.32,39.78
07-Sep-2020,2.588,11.293,12.462,4.225,42.01
04-Sep-2020,2.588,11.786,12.968,4.225,42.66
03-Sep-2020,2.487,11.796,13.037,4.34,44.07
02-Sep-2020,2.486,11.071,12.247,4.225,44.43
01-Sep-2020,2.527,11.317,12.591,4.3,45.58
31-Aug-2020,2.63,11.235,12.451,4.225,45.28
28-Aug-2020,2.657,9.85,10.76,4.225,45.05
27-Aug-2020,2.579,8.87,9.788,3.975,45.09
26-Aug-2020,2.461,9.171,10.073,4.105,45.64
25-Aug-2020,2.489,8.86,9.782,4.025,45.86
24-Aug-2020,2.513,8.367,9.282,3.905,45.13
21-Aug-2020,2.448,7.624,8.472,3.705,44.35
20-Aug-2020,2.352,8.141,9.1,3.925,44.9
19-Aug-2020,2.426,8.346,9.26,4.09,45.37
18-Aug-2020,2.417,8.554,9.388,4.22,45.46
17-Aug-2020,2.339,8.185,9.4,4.175,45.37
14-Aug-2020,2.356,8.011,9.243,2.898,44.8
13-Aug-2020,2.182,7.319,8.548,2.885,44.96
12-Aug-2020,2.152,7.17,8.397,2.88,45.43
11-Aug-2020,2.171,7.427,8.706,2.875,44.5
10-Aug-2020,2.153,7.598,8.851,2.84,44.99
07-Aug-2020,2.238,7.949,9.173,2.785,44.4
06-Aug-2020,2.165,7.922,9.1,2.775,45.09
05-Aug-2020,2.191,7.325,8.45,2.73,45.17
04-Aug-2020,2.193,7.345,8.562,2.685,44.43
03-Aug-2020,2.101,6.781,7.947,2.685,44.15
31-Jul-2020,1.799,6.012,7.238,2.56,43.3
30-Jul-2020,1.829,5.197,6.567,2.615,42.94
29-Jul-2020,1.854,5.18,6.5,2.66,43.75
28-Jul-2020,1.8,4.96,6.17,2.7,43.22
27-Jul-2020,1.734,4.777,6.273,2.685,43.41
24-Jul-2020,1.808,5,6.31,2.595,43.34
23-Jul-2020,1.785,4.991,5.995,2.57,43.31
22-Jul-2020,1.681,4.817,5.731,2.5,44.29
21-Jul-2020,1.675,4.785,5.798,2.475,44.32
20-Jul-2020,1.641,4.747,5.729,2.45,43.28
17-Jul-2020,1.718,5.13,6.049,2.505,43.14
16-Jul-2020,1.723,5.074,6.008,2.5,43.37
15-Jul-2020,1.778,5.21,6.126,2.164,43.79
14-Jul-2020,1.746,5.075,5.997,2.16,42.9
13-Jul-2020,1.739,5.121,6.075,2.155,42.72
10-Jul-2020,1.805,5.473,6.3,2.175,43.24
09-Jul-2020,1.779,5.764,6.749,2.17,42.35
08-Jul-2020,1.824,5.94,6.904,2.19,43.29
07-Jul-2020,1.876,6.16,7.131,2.195,43.08
06-Jul-2020,1.83,6.077,7.065,2.195,43.1
03-Jul-2020,1.734,6.038,7.015,2.2,42.8
02-Jul-2020,1.734,5.939,6.78,2.2,43.14
01-Jul-2020,1.671,5.877,6.78,2.2,42.03
30-Jun-2020,1.751,6.167,7.219,2.15,41.15
29-Jun-2020,1.709,5.83,7.13,2.2,41.71
26-Jun-2020,1.495,5.107,6.272,2.2,41.02
25-Jun-2020,1.482,5.261,6.635,2.22,41.05
24-Jun-2020,1.597,5.661,7.001,2.24,40.31
23-Jun-2020,1.637,5.809,7.106,2.3,42.63
22-Jun-2020,1.664,5.474,6.86,2.25,43.08
19-Jun-2020,1.669,5.618,6.974,2.22,42.19
18-Jun-2020,1.638,5.451,6.809,2.2,41.51
17-Jun-2020,1.638,5.218,6.551,2.2,40.71
16-Jun-2020,1.614,5.239,6.577,2.25,40.96
15-Jun-2020,1.669,5.535,6.875,2.063,39.72
12-Jun-2020,1.731,5.278,6.684,2.065,38.73
11-Jun-2020,1.813,4.988,6.27,2.07,38.55
10-Jun-2020,1.78,4.774,6.142,2.07,41.73
09-Jun-2020,1.767,4.805,6.239,2.06,41.18
08-Jun-2020,1.789,5.248,6.622,2.07,40.8
05-Jun-2020,1.782,5.722,7.054,2.07,42.3
04-Jun-2020,1.822,5.404,6.902,2.07,39.99
03-Jun-2020,1.821,5.353,5.816,2.1,39.79
02-Jun-2020,1.777,4.879,5.816,2.105,39.57
01-Jun-2020,1.774,4.065,5.816,2,38.32
29-May-2020,1.849,4.401,5.816,2.065,35.33
28-May-2020,1.827,3.5,5.1,2.02,35.29
27-May-2020,1.722,3.689,5.311,2,34.74
26-May-2020,1.793,4.122,5.685,2.1,36.17
25-May-2020,1.731,4.768,6.379,2.005,35.53
22-May-2020,1.731,3.894,5.477,2.005,35.13
21-May-2020,1.71,3.824,5.458,2.095,36.06
20-May-2020,1.771,4.441,6.148,2.195,35.75
19-May-2020,1.83,4.601,6.283,2.215,34.65
18-May-2020,1.783,4.954,6.465,2.28,34.81
15-May-2020,1.646,5.224,7.125,2.105,32.5
14-May-2020,1.681,5.272,6.91,2.11,31.13
13-May-2020,1.616,5.125,7.106,2.115,29.19
12-May-2020,1.72,5.328,7.335,2.115,29.98
11-May-2020,1.826,5.7,7.656,2.04,29.63
08-May-2020,1.823,5.827,7.807,2.03,30.97
07-May-2020,1.894,5.843,7.793,2.025,29.46
06-May-2020,1.944,5.756,7.731,2.02,29.72
05-May-2020,2.134,5.683,7.628,2.02,30.97
04-May-2020,1.993,5.736,7.712,2,27.2
01-May-2020,1.89,6.205,8.152,2,26.44
30-Apr-2020,1.949,6.205,8.152,2.005,25.27
29-Apr-2020,1.869,5.99,8.07,2,22.54
28-Apr-2020,1.794,6.14,8.09,2,20.46
27-Apr-2020,1.819,5.885,7.752,1.995,19.99
24-Apr-2020,1.746,5.773,7.597,2.025,21.44
23-Apr-2020,1.815,6.062,7.914,2.05,21.33
22-Apr-2020,1.939,6.233,8.089,2.075,20.37
21-Apr-2020,1.821,6.318,8.15,2.105,19.33
20-Apr-2020,1.924,6.629,8.652,2.27,25.57
17-Apr-2020,1.753,7.007,8.819,2.345,28.08
16-Apr-2020,1.686,6.933,8.685,2.47,27.82
15-Apr-2020,1.598,6.647,8.457,2.795,27.69
14-Apr-2020,1.65,6.893,8.675,2.8,29.6
13-Apr-2020,1.724,7.289,9.043,2.805,31.74
10-Apr-2020,1.733,7.289,9.043,2.805,31.48
09-Apr-2020,1.733,7.289,9.043,2.805,31.48
08-Apr-2020,1.783,7.302,9.022,2.81,32.84
07-Apr-2020,1.852,7.291,9.023,2.805,31.87
06-Apr-2020,1.731,7.283,9.096,2.85,33.05
03-Apr-2020,1.621,6.932,8.711,2.845,34.11
02-Apr-2020,1.552,6.97,8.675,2.86,29.94
01-Apr-2020,1.587,6.821,8.65,2.87,24.74
31-Mar-2020,1.64,6.902,8.562,2.875,22.74
30-Mar-2020,1.69,6.89,8.38,2.88,22.76
27-Mar-2020,1.634,7.22,8.72,2.975,24.93
26-Mar-2020,1.637,7.591,9.12,2.975,26.34
25-Mar-2020,1.659,7.737,9.147,2.955,27.39
24-Mar-2020,1.653,7.91,9.444,3.15,27.15
23-Mar-2020,1.602,7.831,9.406,3.25,27.03
20-Mar-2020,1.604,8.306,9.856,3.43,26.98
19-Mar-2020,1.654,8.559,10.069,3.4,28.47
18-Mar-2020,1.604,8.257,9.493,3.4,24.88
17-Mar-2020,1.729,8.482,9.959,3.455,28.73
16-Mar-2020,1.815,8.741,10.301,3.405,30.05
13-Mar-2020,1.869,9.305,10.865,3.14,33.85
12-Mar-2020,1.841,9.305,10.843,3.14,33.22
11-Mar-2020,1.878,9.385,11.513,3.13,35.79
10-Mar-2020,1.936,8.98,11.133,3.115,37.22
09-Mar-2020,1.778,8.599,10.526,3.1,34.36
06-Mar-2020,1.708,8.646,10.882,3.115,45.27
05-Mar-2020,1.772,8.881,11.154,3.085,49.99
04-Mar-2020,1.827,8.935,11.183,3.075,51.13
03-Mar-2020,1.8,9.141,11.485,3.075,51.86
02-Mar-2020,1.756,8.878,11.2,3.05,51.9
28-Feb-2020,1.684,8.876,11.199,2.96,50.52
27-Feb-2020,1.752,8.88,10.43,2.975,52.18
26-Feb-2020,1.821,9.104,10.855,3.005,53.43
25-Feb-2020,1.847,9.014,10.686,2.9,54.95
24-Feb-2020,1.827,9.036,10.75,2.875,56.3
21-Feb-2020,1.905,9.423,11.114,2.995,58.5
20-Feb-2020,1.92,9.574,11.264,2.975,59.31
19-Feb-2020,1.955,9.552,11.286,2.995,59.12
18-Feb-2020,1.981,9.375,11.13,2.975,57.75
17-Feb-2020,1.837,9.303,11.05,3.52,57.67
14-Feb-2020,1.837,8.891,10.702,3.52,57.32
13-Feb-2020,1.826,8.9,10.704,3.525,56.34
12-Feb-2020,1.844,8.705,10.515,3.525,55.79
11-Feb-2020,1.788,8.565,10.393,3.525,54.01
10-Feb-2020,1.766,8.633,10.423,3.52,53.27
07-Feb-2020,1.858,9.09,10.879,3.57,54.47
06-Feb-2020,1.862,9.159,10.891,3.555,54.93
05-Feb-2020,1.861,9.283,11.117,3.6,55.28
04-Feb-2020,1.872,9.38,11.226,3.7,53.96
03-Feb-2020,1.819,9.225,11.044,3.73,54.45
31-Jan-2020,1.841,9.754,11.576,4.02,58.16
30-Jan-2020,1.829,9.76,11.69,3.875,58.29
29-Jan-2020,1.877,10.16,12.07,3.9,59.81
28-Jan-2020,1.934,10.782,12.7,4,59.51
27-Jan-2020,1.902,10.526,12.567,4,59.32
24-Jan-2020,1.893,10.471,12.152,4,60.69
23-Jan-2020,1.926,10.396,12.028,4,62.04
22-Jan-2020,1.905,10.48,12.328,4.02,63.21
21-Jan-2020,1.895,10.746,12.296,4.075,64.59
20-Jan-2020,2.003,10.575,12.136,4.13,65.2
17-Jan-2020,2.003,10.921,12.506,4.13,64.85
16-Jan-2020,2.077,11.12,12.687,4.18,64.62
15-Jan-2020,2.12,11.177,12.692,5.295,64
14-Jan-2020,2.187,11.285,13,5.3,64.49
13-Jan-2020,2.182,12.073,13.635,5.3,64.2
10-Jan-2020,2.202,11.95,13.3,5.3,64.98
09-Jan-2020,2.166,12.184,13.375,5.3,65.37
08-Jan-2020,2.141,11.976,13.212,5.31,65.44
07-Jan-2020,2.162,11.922,13.155,5.3,68.27
06-Jan-2020,2.135,12.288,13.42,5.315,68.91
03-Jan-2020,2.13,12.905,14.317,5.385,68.6
02-Jan-2020,2.122,12.083,13.378,5.25,66.25
01-Jan-2020,2.189,12.229,13.78,5.3,66
31-Dec-2019,2.189,12.229,13.78,5.3,66
30-Dec-2019,2.186,12.39,13.91,5.25,68.44
27-Dec-2019,2.158,12.764,14.42,5.225,68.16
26-Dec-2019,2.294,12.706,15.338,5.25,67.92
25-Dec-2019,2.172,12.706,15.338,5.255,67.2
24-Dec-2019,2.172,12.706,15.338,5.255,67.2
23-Dec-2019,2.214,13.064,15.31,5.3,66.39
20-Dec-2019,2.328,14.248,17.524,5.45,66.14
19-Dec-2019,2.273,14.954,18.32,5.525,66.54
18-Dec-2019,2.286,14.866,18.025,5.55,66.17
17-Dec-2019,2.319,14.44,17.612,5.525,66.1
16-Dec-2019,2.341,13.89,16.446,5.39,65.34
13-Dec-2019,2.296,13.819,16.336,5.645,65.22
12-Dec-2019,2.328,14.762,17.285,5.64,64.2
11-Dec-2019,2.243,14.027,16.59,5.63,63.72
10-Dec-2019,2.264,14.516,16.911,5.63,64.34
09-Dec-2019,2.232,14.863,17.566,5.61,64.25
06-Dec-2019,2.334,15.131,17.566,5.615,64.39
05-Dec-2019,2.427,15.431,17.833,5.635,63.39
04-Dec-2019,2.399,15.877,18.621,5.635,63
03-Dec-2019,2.441,15.775,18.513,5.635,60.82
02-Dec-2019,2.329,15.801,18.622,5.6,60.92
29-Nov-2019,2.281,16.344,19.002,5.63,62.43
28-Nov-2019,2.501,15.64,17.39,5.725,63.87
27-Nov-2019,2.501,15.989,17.716,5.725,64.06
26-Nov-2019,2.47,15.851,17.554,5.78,64.27
25-Nov-2019,2.531,16.252,17.989,5.85,63.65
22-Nov-2019,2.665,16.074,17.796,5.925,63.39
21-Nov-2019,2.567,15.628,17.409,5.885,63.97
20-Nov-2019,2.559,15.58,17.345,5.95,62.4
19-Nov-2019,2.51,15.292,17.058,5.905,60.91
18-Nov-2019,2.566,15.21,17.032,5.95,62.44
15-Nov-2019,2.688,15.733,17.485,6.08,63.3
14-Nov-2019,2.647,15.627,17.439,6.08,62.28
13-Nov-2019,2.6,15.413,17.226,6.08,62.37
12-Nov-2019,2.621,15.528,17.334,6.02,62.06
11-Nov-2019,2.637,15.873,17.622,6.08,62.18
08-Nov-2019,2.789,15.932,17.686,6.135,62.51
07-Nov-2019,2.772,16.159,18.8,6.095,62.29
06-Nov-2019,2.828,16.3,18.8,6.155,61.74
05-Nov-2019,2.862,16.794,18.8,6.215,62.96
04-Nov-2019,2.821,16.483,18.449,6.3,62.13
01-Nov-2019,2.714,16.217,18.218,6.325,61.69
31-Oct-2019,2.633,16.119,18.11,6.24,60.23
30-Oct-2019,2.691,13.76,15.74,6.155,60.61
29-Oct-2019,2.597,13.845,15.737,6.3,61.59
28-Oct-2019,2.446,14.389,16.3,6.325,61.57
25-Oct-2019,2.3,15.239,17.049,6.44,62.02
24-Oct-2019,2.316,15.649,17.469,6.57,61.67
23-Oct-2019,2.282,15.41,17.191,6.615,61.17
22-Oct-2019,2.272,15.6,17.404,6.73,59.7
21-Oct-2019,2.238,15.585,17.355,6.855,58.96
18-Oct-2019,2.32,15.961,17.67,6.925,59.42
17-Oct-2019,2.318,16.005,17.825,7.04,59.91
16-Oct-2019,2.303,16.077,17.662,6.99,59.42
15-Oct-2019,2.339,16.064,17.63,5.825,58.74
14-Oct-2019,2.28,16.058,17.695,5.825,59.35
11-Oct-2019,2.214,16.118,17.674,5.82,60.51
10-Oct-2019,2.218,15.837,17.493,5.82,59.1
09-Oct-2019,2.234,15.602,17.25,5.795,58.32
08-Oct-2019,2.288,15.642,17.508,5.8,58.24
07-Oct-2019,2.303,15.501,17.641,5.75,58.35
04-Oct-2019,2.352,15.793,17.641,5.725,58.37
03-Oct-2019,2.329,15.965,17.9,5.75,57.71
02-Oct-2019,2.247,15.956,17.794,5.705,57.69
01-Oct-2019,2.283,16.75,18.575,5.76,58.89
30-Sep-2019,2.33,16.456,17.921,5.69,60.78
27-Sep-2019,2.404,11.89,15.19,5.75,61.91
26-Sep-2019,2.428,12.103,14.579,5.705,62.74
25-Sep-2019,2.502,12.003,14.545,5.6,62.39
24-Sep-2019,2.503,12.409,14.987,5.69,63.1
23-Sep-2019,2.527,12.219,14.739,5.75,64.77
20-Sep-2019,2.534,12.708,15.317,5.995,64.28
19-Sep-2019,2.538,12.543,15.403,5.825,64.4
18-Sep-2019,2.637,12.514,15.261,5.895,63.6
17-Sep-2019,2.668,13.516,16.351,6.135,64.55
16-Sep-2019,2.681,15.206,17.705,6.535,69.02
13-Sep-2019,2.614,14.816,17.616,4.585,60.22
12-Sep-2019,2.574,14.539,17.206,4.57,60.38
11-Sep-2019,2.552,14.607,17.417,4.57,60.81
10-Sep-2019,2.58,14.5,17.431,4.525,62.38
09-Sep-2019,2.585,12.22,15.29,4.505,62.59
06-Sep-2019,2.496,12.328,15.173,4.475,61.54
05-Sep-2019,2.435,12.183,15.146,4.475,60.95
04-Sep-2019,2.445,11.896,15.146,4.45,60.7
03-Sep-2019,2.358,12.058,15.146,4.56,58.26
02-Sep-2019,2.285,11.819,14.857,4.67,58.66
30-Aug-2019,2.285,12.658,15.888,4.67,60.43
29-Aug-2019,2.296,10.73,12.82,4.65,61.08
28-Aug-2019,2.251,10.242,12.378,4.575,60.49
27-Aug-2019,2.202,10.057,12.234,4.56,59.51
26-Aug-2019,2.23,10.626,12.713,4.57,58.7
23-Aug-2019,2.152,10.626,12.713,4.57,59.34
22-Aug-2019,2.159,11.004,13.2,4.59,59.92
21-Aug-2019,2.17,11.431,13.55,4.695,60.3
20-Aug-2019,2.218,11.223,13.323,4.7,60.03
19-Aug-2019,2.21,10.792,12.96,4.68,59.74
16-Aug-2019,2.2,10.987,13.125,4.725,58.64
15-Aug-2019,2.232,11.217,13.43,4.32,58.23
14-Aug-2019,2.143,11.199,13.403,4.32,59.48
13-Aug-2019,2.147,11.869,14.089,4.315,61.3
12-Aug-2019,2.105,11.455,13.647,4.315,58.57
09-Aug-2019,2.119,11.949,14.192,4.315,58.53
08-Aug-2019,2.128,12.058,14.341,4.315,57.38
07-Aug-2019,2.083,11.404,13.694,4.315,56.23
06-Aug-2019,2.111,10.965,13.118,4.305,58.94
05-Aug-2019,2.07,11.495,13.812,4.305,59.81
02-Aug-2019,2.121,11.95,14.213,4.275,61.89
01-Aug-2019,2.202,12.336,14.59,4.29,60.5
31-Jul-2019,2.233,11.027,13.295,4.275,65.17
30-Jul-2019,2.137,9.8,11.11,4.28,64.72
29-Jul-2019,2.141,9.822,11.108,4.325,63.71
26-Jul-2019,2.169,9.975,11.375,4.38,63.46
25-Jul-2019,2.244,10.135,11.756,4.445,63.39
24-Jul-2019,2.22,10.081,11.481,4.45,63.18
23-Jul-2019,2.3,10.782,12.162,4.525,63.83
22-Jul-2019,2.312,10.179,12.262,4.535,63.26
19-Jul-2019,2.251,10.817,12.955,4.715,62.47
18-Jul-2019,2.287,10.746,12.832,4.69,61.93
17-Jul-2019,2.304,11.025,13.173,4.76,63.66
16-Jul-2019,2.306,11.421,13.576,4.93,64.35
15-Jul-2019,2.408,12.949,14.967,4.55,66.48
12-Jul-2019,2.453,13.252,15.374,4.545,66.72
11-Jul-2019,2.416,13.057,15.161,4.525,66.52
10-Jul-2019,2.444,12.104,13.628,4.515,67.01
09-Jul-2019,2.425,11.697,14.365,4.52,64.16
08-Jul-2019,2.403,11.903,14.389,4.51,64.11
05-Jul-2019,2.418,11.199,13.732,4.51,64.23
04-Jul-2019,2.29,10.517,13.156,4.58,63.3
03-Jul-2019,2.29,10.291,13.159,4.58,63.82
02-Jul-2019,2.24,10.211,13.159,4.6,62.4
01-Jul-2019,2.267,10.387,13.159,4.6,65.06
28-Jun-2019,2.308,10.162,12.826,4.75,66.55
27-Jun-2019,2.324,9.382,13.381,4.705,66.55
26-Jun-2019,2.291,9.654,13.594,4.8,66.49
25-Jun-2019,2.308,9.854,13.791,4.75,65.05
24-Jun-2019,2.303,10.204,14.293,4.765,64.86
21-Jun-2019,2.186,10.333,14.098,4.595,65.2
20-Jun-2019,2.185,10.131,13.845,4.615,64.45
19-Jun-2019,2.276,10.501,14.328,4.55,61.82
18-Jun-2019,2.328,11.079,14.912,4.555,62.14
17-Jun-2019,2.386,11.582,15.499,4.585,60.94
14-Jun-2019,2.387,11.341,15.517,4.505,62.01
13-Jun-2019,2.325,11.391,15.583,4.505,61.31
12-Jun-2019,2.386,11.192,15.332,4.505,59.97
11-Jun-2019,2.399,11.21,15.349,4.495,62.29
10-Jun-2019,2.357,11.801,16.048,4.475,62.29
07-Jun-2019,2.337,11.493,15.805,4.475,63.29
06-Jun-2019,2.324,11.09,15.518,4.475,61.67
05-Jun-2019,2.378,11.608,15.948,4.475,60.63
04-Jun-2019,2.416,11.937,16.288,4.535,61.97
03-Jun-2019,2.403,11.093,15.16,4.54,61.28
31-May-2019,2.454,11.195,15.186,4.65,64.49
30-May-2019,2.547,11.91,15.7,4.6,66.87
29-May-2019,2.633,12.239,16.035,4.72,69.45
28-May-2019,2.582,12.477,16.264,4.705,70.11
27-May-2019,2.598,12.253,16.044,4.725,70.11
24-May-2019,2.598,12.253,16.044,4.725,68.69
23-May-2019,2.578,12.592,16.445,4.725,67.76
22-May-2019,2.543,12.64,16.514,4.72,70.99
21-May-2019,2.613,12.724,16.59,4.795,72.18
20-May-2019,2.673,12.902,16.747,4.975,71.97
17-May-2019,2.631,12.894,16.864,4.93,72.21
16-May-2019,2.639,13.386,17.315,5.205,72.62
15-May-2019,2.601,13.843,17.748,5.51,71.77
14-May-2019,2.659,13.791,17.85,5.515,71.24
13-May-2019,2.621,13.78,17.597,5.525,70.23
10-May-2019,2.619,14.004,17.823,5.54,70.62
09-May-2019,2.595,14.446,18.269,5.565,70.39
08-May-2019,2.61,14.334,18.157,5.545,70.37
07-May-2019,2.537,14.183,18.006,5.56,69.88
06-May-2019,2.524,14.583,18.829,5.615,71.24
03-May-2019,2.567,14.583,18.829,5.62,70.85
02-May-2019,2.589,14.369,17.983,5.575,70.75
01-May-2019,2.62,14.372,17.983,5.5,72.18
30-Apr-2019,2.575,14.372,17.983,5.55,72.8
29-Apr-2019,2.593,14.53,18,5.51,72.04
26-Apr-2019,2.566,14.429,18.45,5.46,72.15
25-Apr-2019,2.514,14.559,18.71,5.4,74.35
24-Apr-2019,2.462,14.262,18.65,5.33,74.57
23-Apr-2019,2.455,14.418,18.65,5.33,74.51
22-Apr-2019,2.524,14.463,19.429,5.42,74.04
19-Apr-2019,2.49,14.463,19.429,5.42,71.97
18-Apr-2019,2.49,14.463,19.429,5.42,71.97
17-Apr-2019,2.517,15.193,20.159,5.625,71.62
16-Apr-2019,2.572,14.843,19.451,5.715,71.72
15-Apr-2019,2.59,15.02,19.591,4.775,71.18
12-Apr-2019,2.66,15.81,20.381,4.775,71.55
11-Apr-2019,2.664,15.949,20.34,4.73,70.83
10-Apr-2019,2.7,15.715,20.2,4.705,71.73
09-Apr-2019,2.699,16.668,20.726,4.625,70.61
08-Apr-2019,2.708,16.004,20.062,4.6,71.1
05-Apr-2019,2.664,16.54,20.598,4.65,70.34
04-Apr-2019,2.643,14.812,18.868,4.6,69.4
03-Apr-2019,2.677,14.15,17.647,4.58,69.31
02-Apr-2019,2.684,13.472,16.969,4.58,69.37
01-Apr-2019,2.708,13.859,16.806,4.58,69.01
29-Mar-2019,2.662,14.225,16.806,4.6,68.39
28-Mar-2019,2.712,14.39,17.49,4.595,67.82
27-Mar-2019,2.713,14.949,18.051,4.6,67.83
26-Mar-2019,2.74,14.375,17.231,4.6,67.97
25-Mar-2019,2.755,14.193,17.082,4.6,67.21
22-Mar-2019,2.753,14.446,17.557,4.62,67.03
21-Mar-2019,2.821,14.585,17.59,4.73,67.86
20-Mar-2019,2.82,15.199,18.05,4.95,68.5
19-Mar-2019,2.874,15.002,17.574,5,67.61
18-Mar-2019,2.85,14.988,17.548,5.155,67.54
15-Mar-2019,2.795,15.253,17.856,5.945,67.16
14-Mar-2019,2.855,15.602,18.07,5.945,67.23
13-Mar-2019,2.82,15.737,18.142,5.955,67.55
12-Mar-2019,2.784,16.2,18.642,5.975,66.67
11-Mar-2019,2.772,16.607,18.977,5.975,66.58
08-Mar-2019,2.865,16.854,19.184,5.985,65.74
07-Mar-2019,2.866,16.83,19.179,6,66.3
06-Mar-2019,2.841,16.945,19.215,6.035,65.99
05-Mar-2019,2.884,17.193,19.5,6.045,65.86
04-Mar-2019,2.857,17.421,19.726,6.065,65.67
01-Mar-2019,2.859,17.354,19.618,6.12,65.07
28-Feb-2019,2.812,17.803,20.016,6.125,66.03
27-Feb-2019,2.799,17.6,19.73,6.15,66.39
26-Feb-2019,2.855,17.049,19.267,6.155,65.21
25-Feb-2019,2.836,16.971,19.273,6.155,64.76
22-Feb-2019,2.717,17.241,19.494,6.23,67.12
21-Feb-2019,2.697,17.535,19.76,6.25,67.07
20-Feb-2019,2.636,18.149,20.426,6.45,67.08
19-Feb-2019,2.662,17.665,19.977,6.495,66.45
18-Feb-2019,2.625,17.405,19.522,7.28,66.5
15-Feb-2019,2.625,18.105,20.022,7.28,66.25
14-Feb-2019,2.573,17.767,19.578,7.28,64.57
13-Feb-2019,2.575,18.023,19.858,7.28,63.61
12-Feb-2019,2.688,17.805,19.637,7.295,62.42
11-Feb-2019,2.642,18.075,19.834,7.295,61.51
08-Feb-2019,2.583,18.256,20.033,7.31,62.1
07-Feb-2019,2.551,18.938,20.553,7.31,61.63
06-Feb-2019,2.662,18.916,20.64,7.3,62.69
05-Feb-2019,2.662,19.158,20.883,7.3,61.98
04-Feb-2019,2.66,19.345,21.089,7.3,62.51
01-Feb-2019,2.734,19.281,21.19,7.2,62.75
31-Jan-2019,2.814,19.773,21.717,7.35,61.89
30-Jan-2019,2.854,20.549,22.97,7.365,61.65
29-Jan-2019,2.95,20.549,22.97,7.505,61.32
28-Jan-2019,2.911,20.592,22.824,7.695,59.93
25-Jan-2019,3.178,20.878,22.98,7.795,61.64
24-Jan-2019,3.099,21.328,23.356,8.025,61.09
23-Jan-2019,2.98,22.227,24.13,8.15,61.14
22-Jan-2019,3.04,21.825,23.867,8.145,61.5
21-Jan-2019,3.482,21.743,23.754,8.35,62.74
18-Jan-2019,3.482,22.607,24.645,8.35,62.7
17-Jan-2019,3.413,22.992,25.035,8.305,61.18
16-Jan-2019,3.384,22.004,24.173,8.075,61.32
15-Jan-2019,3.501,21.997,24.199,8.785,60.64
14-Jan-2019,3.591,21.678,23.889,8.79,58.99
11-Jan-2019,3.099,22.274,24.48,8.79,60.48
10-Jan-2019,2.969,21.729,23.909,8.795,61.68
09-Jan-2019,2.984,21.708,23.717,8.725,61.44
08-Jan-2019,2.967,22.122,23.947,8.82,58.72
07-Jan-2019,2.944,21.49,23.35,8.83,57.33
04-Jan-2019,3.044,22.932,24.926,8.885,57.06
03-Jan-2019,2.945,22.254,24.133,8.945,55.95
02-Jan-2019,2.958,22.461,24.308,8.97,54.91
01-Jan-2019,2.94,22.288,23.77,8.995,53.8
31-Dec-2018,2.94,22.288,23.77,8.995,53.8
28-Dec-2018,3.303,22.78,24.5,9.025,52.2
27-Dec-2018,3.642,23.36,24.94,9.03,52.16
26-Dec-2018,3.543,24.513,26.288,9.095,54.47
25-Dec-2018,3.467,24.513,26.288,9.1,50.47
24-Dec-2018,3.467,24.513,26.288,9.1,50.47
21-Dec-2018,3.816,24.929,26.598,9.1,53.82
20-Dec-2018,3.583,24.642,26.307,9.125,54.35
19-Dec-2018,3.726,24.276,25.793,9.295,57.24
18-Dec-2018,3.838,23.746,25.3,9.255,56.26
17-Dec-2018,3.528,24.697,26.238,9.6,59.61
14-Dec-2018,3.827,24.693,25.993,9.5,60.28
13-Dec-2018,4.124,24.226,25.64,9.495,61.45
12-Dec-2018,4.136,23.933,25.254,9.495,60.15
11-Dec-2018,4.407,23.647,24.91,9.495,60.2
10-Dec-2018,4.545,23.23,24.5,9.5,59.97
07-Dec-2018,4.488,23.13,24.287,9.52,61.67
06-Dec-2018,4.327,23.195,24.287,9.535,60.06
05-Dec-2018,4.469,23.844,25.071,9.67,61.56
04-Dec-2018,4.457,24.385,26.016,9.75,62.08
03-Dec-2018,4.339,25.072,26.367,9.805,61.69
30-Nov-2018,4.612,24.722,26.06,9.805,58.71
29-Nov-2018,4.646,24.61,25.01,9.885,59.51
28-Nov-2018,4.715,24.359,25.012,9.89,58.76
27-Nov-2018,4.262,25.181,25.913,9.98,60.21
26-Nov-2018,4.248,24.536,25.508,10.165,60.48
23-Nov-2018,4.308,24.841,25.874,10.35,58.8
22-Nov-2018,4.451,24.725,25.882,10.13,62.6
21-Nov-2018,4.451,24.491,25.716,10.13,63.48
20-Nov-2018,4.523,24.379,25.672,10.2,62.53
19-Nov-2018,4.7,24.136,25.472,10.4,66.79
16-Nov-2018,4.272,25.908,27.234,10.77,66.76
15-Nov-2018,4.038,26.672,28.002,10.48,66.62
14-Nov-2018,4.837,26.289,27.71,10.485,66.12
13-Nov-2018,4.101,26.472,27.969,10.49,65.47
12-Nov-2018,3.788,25.91,27.341,10.49,70.12
09-Nov-2018,3.719,24.286,25.435,10.485,70.18
08-Nov-2018,3.543,24.43,25.628,10.5,70.65
07-Nov-2018,3.555,24.421,25.038,10.505,72.07
06-Nov-2018,3.555,23.96,25.038,10.56,72.13
05-Nov-2018,3.567,23.795,25.038,10.56,73.17
02-Nov-2018,3.284,24.277,25.732,10.565,72.83
01-Nov-2018,3.237,24.353,25.202,10.435,72.89
31-Oct-2018,3.261,24.353,25.908,10.475,75.47
30-Oct-2018,3.187,23.85,25.35,10.575,75.91
29-Oct-2018,3.185,24.589,25.877,10.58,77.34
26-Oct-2018,3.185,24.286,25.45,10.6,77.62
25-Oct-2018,3.202,24.864,26.15,10.375,76.89
24-Oct-2018,3.166,25.277,26.502,10.395,76.17
23-Oct-2018,3.212,25.644,26.809,10.575,76.44
22-Oct-2018,3.138,26.087,27.6,10.855,79.83
19-Oct-2018,3.25,26.78,28.059,10.92,79.78
18-Oct-2018,3.198,26.018,27.396,10.73,79.29
17-Oct-2018,3.32,25.908,27.297,10.65,80.05
16-Oct-2018,3.239,26.22,27.6,10.795,81.41
15-Oct-2018,3.242,26.67,28.056,11.115,80.78
12-Oct-2018,3.161,26.559,28.033,11.12,80.43
11-Oct-2018,3.222,25.7,26.54,11.16,80.26
10-Oct-2018,3.284,26.287,27.73,11.21,83.09
09-Oct-2018,3.266,26.867,28.429,11.205,85
08-Oct-2018,3.267,27.203,28.852,11.105,83.91
05-Oct-2018,3.143,27.9,29.25,11.265,84.16
04-Oct-2018,3.165,27.484,29.162,11.295,84.58
03-Oct-2018,3.23,27.125,28.9,11.325,86.29
02-Oct-2018,3.166,27.267,28.945,11.3,84.8
01-Oct-2018,3.094,27.317,29.11,11.335,84.98
28-Sep-2018,3.008,27.317,29.242,11.365,82.72
27-Sep-2018,3.056,27.51,29.53,11.475,81.72
26-Sep-2018,3.021,28.247,30.226,11.55,81.34
25-Sep-2018,3.082,29.127,31.287,11.545,81.87
24-Sep-2018,3.038,29.28,31.254,11.595,81.2
21-Sep-2018,2.977,28.687,30.846,11.595,78.8
20-Sep-2018,2.976,28.536,30.741,11.605,78.7
19-Sep-2018,2.908,28.354,30.58,11.6,79.4
18-Sep-2018,2.933,27.474,29.647,11.55,79.03
17-Sep-2018,2.814,28.096,30.192,11.805,78.05
14-Sep-2018,2.767,26.927,29.068,11.455,78.09
13-Sep-2018,2.817,26.779,28.884,11.465,78.18
12-Sep-2018,2.829,27.355,29.66,11.475,79.74
11-Sep-2018,2.828,28.718,30.905,11.5,79.06
10-Sep-2018,2.804,29.007,31.259,11.51,77.37
07-Sep-2018,2.776,27.981,30.195,11.52,76.83
06-Sep-2018,2.772,27.456,29.692,11.52,76.5
05-Sep-2018,2.795,27.02,28.467,11.53,77.27
04-Sep-2018,2.823,26.803,28.467,11.605,78.17
03-Sep-2018,2.916,26.206,28.467,11.615,78.15
31-Aug-2018,2.916,25.83,28.047,11.615,77.42
30-Aug-2018,2.874,26.12,27.73,11.66,77.77
29-Aug-2018,2.895,25.902,27.741,11.675,77.14
28-Aug-2018,2.852,25.335,27.114,11.575,75.95
27-Aug-2018,2.876,25.028,26.814,11.58,76.21
24-Aug-2018,2.917,25.028,26.814,11.585,75.82
23-Aug-2018,2.964,24.787,26.581,11.505,74.73
22-Aug-2018,2.956,24.436,26.224,11.4,74.78
21-Aug-2018,2.98,24.416,26.34,11.375,72.63
20-Aug-2018,2.941,24.194,26.141,11.4,72.21
17-Aug-2018,2.946,24.106,26.123,11.275,71.83
16-Aug-2018,2.908,23.836,25.799,11.055,71.43
15-Aug-2018,2.94,23.494,25.501,9.87,70.76
14-Aug-2018,2.959,23.73,25.698,9.865,72.46
13-Aug-2018,2.93,23.467,25.48,9.86,72.61
10-Aug-2018,2.944,22.864,24.865,9.83,72.81
09-Aug-2018,2.955,22.707,24.726,9.825,72.07
08-Aug-2018,2.949,22.603,24.619,9.825,72.28
07-Aug-2018,2.897,22.597,24.598,9.815,74.65
06-Aug-2018,2.86,22.486,24.508,9.81,73.75
03-Aug-2018,2.853,22.25,24.297,9.81,73.21
02-Aug-2018,2.816,22.114,23.99,9.8,73.45
01-Aug-2018,2.758,22.114,23.985,9.76,72.39
31-Jul-2018,2.782,22.114,24.121,9.795,74.25
30-Jul-2018,2.797,22.05,24,9.8,74.97
27-Jul-2018,2.822,21.917,23.841,9.665,74.29
26-Jul-2018,2.78,22.103,24.097,9.665,74.54
25-Jul-2018,2.775,22.178,24.126,9.7,73.93
24-Jul-2018,2.732,22.09,24.051,9.69,73.44
23-Jul-2018,2.721,22.049,23.954,9.67,73.06
20-Jul-2018,2.757,21.869,23.795,9.575,73.07
19-Jul-2018,2.769,22.152,24.016,9.405,72.58
18-Jul-2018,2.721,22.128,23.999,9.545,72.9
17-Jul-2018,2.74,21.862,23.727,9.45,72.16
16-Jul-2018,2.759,22.026,23.876,9.405,71.84
13-Jul-2018,2.752,22.254,24.14,10.455,75.33
12-Jul-2018,2.797,21.975,23.883,10.47,74.45
11-Jul-2018,2.829,22.576,24.464,10.48,73.4
10-Jul-2018,2.788,22.739,24.642,10.51,78.86
09-Jul-2018,2.828,22.68,24.604,10.53,78.07
06-Jul-2018,2.858,22.352,24.287,10.53,77.11
05-Jul-2018,2.837,22.425,24.28,10.53,77.39
04-Jul-2018,2.87,22.261,24.154,10.51,78.24
03-Jul-2018,2.87,22.288,23.53,10.51,77.76
02-Jul-2018,2.862,21.875,23.53,10.575,77.3
29-Jun-2018,2.924,21.875,23.53,10.605,79.44
28-Jun-2018,2.94,21.97,24.12,10.5,77.85
27-Jun-2018,2.996,22.032,24.123,10.5,77.62
26-Jun-2018,2.939,21.457,23.584,10.175,76.31
25-Jun-2018,2.923,21.567,23.7,10.205,74.73
22-Jun-2018,2.945,21.701,23.838,10.655,75.55
21-Jun-2018,2.975,21.508,23.611,10.91,73.05
20-Jun-2018,2.964,21.5,23.593,10.95,74.74
19-Jun-2018,2.9,21.725,23.74,10.955,75.08
18-Jun-2018,2.951,22.213,24.175,11.15,75.34
15-Jun-2018,3.022,21.819,23.862,9.615,73.44
14-Jun-2018,2.965,22.541,24.325,9.615,75.94
13-Jun-2018,2.963,22.382,24.52,9.57,76.74
12-Jun-2018,2.939,21.78,23.898,9.54,75.88
11-Jun-2018,2.949,21.317,23.548,9.53,76.46
08-Jun-2018,2.89,21.555,23.733,9.51,76.46
07-Jun-2018,2.93,21.638,23.855,9.5,77.32
06-Jun-2018,2.896,21.26,23.482,9.445,75.36
05-Jun-2018,2.89,21.559,23.778,9.46,75.38
04-Jun-2018,2.93,21.954,24.13,9.415,75.29
01-Jun-2018,2.962,21.829,23.869,9.37,76.79
31-May-2018,2.952,22.614,24.686,9.325,77.59
30-May-2018,2.885,23,24.9,9.325,77.5
29-May-2018,2.875,22.752,24.7,9.325,75.39
28-May-2018,2.939,21.908,23.941,9.29,75.3
25-May-2018,2.939,21.908,23.941,9.29,76.44
24-May-2018,2.94,22.703,24.777,9.3,78.79
23-May-2018,2.914,22.712,24.892,9.325,79.8
22-May-2018,2.908,22.942,24.99,9.495,79.57
21-May-2018,2.81,22.326,24.354,9.255,79.22
18-May-2018,2.847,22.066,24.091,9.105,78.51
17-May-2018,2.859,22.245,24.317,8.875,79.3
16-May-2018,2.815,21.597,23.713,8.6,79.28
15-May-2018,2.836,21.691,23.838,7.97,78.43
14-May-2018,2.842,21.605,23.803,7.97,78.23
11-May-2018,2.806,21.244,23.345,7.97,77.12
10-May-2018,2.814,20.923,23.016,7.95,77.47
09-May-2018,2.737,20.843,22.847,7.95,77.21
08-May-2018,2.732,20.95,22.754,7.94,74.85
07-May-2018,2.741,20.395,22.369,7.94,76.17
04-May-2018,2.711,20.395,22.369,7.94,74.87
03-May-2018,2.726,19.896,21.898,7.94,73.62
02-May-2018,2.754,19.882,22.573,7.98,73.36
01-May-2018,2.802,20.558,22.573,7.98,73.13
30-Apr-2018,2.763,20.558,22.573,7.98,75.17
27-Apr-2018,2.771,20.27,21.8,7.955,74.64
26-Apr-2018,2.821,20.177,22.019,7.9,74.74
25-Apr-2018,2.786,19.873,21.811,7.9,74
24-Apr-2018,2.781,19.688,21.619,8,73.86
23-Apr-2018,2.74,19.937,21.942,7.72,74.71
20-Apr-2018,2.739,19.756,21.819,7.725,74.06
19-Apr-2018,2.66,19.799,21.831,7.75,73.78
18-Apr-2018,2.739,19.351,21.375,7.685,73.48
17-Apr-2018,2.738,19.07,21.243,7.625,71.58
16-Apr-2018,2.752,19.484,21.647,7.6,71.42
13-Apr-2018,2.735,19.648,21.797,7.18,72.58
12-Apr-2018,2.686,19.186,21.318,7.175,72.02
11-Apr-2018,2.675,19.304,21.386,7.175,72.06
10-Apr-2018,2.656,18.856,21.1,7.175,71.04
09-Apr-2018,2.693,18.639,20.686,7.155,68.65
06-Apr-2018,2.701,18.174,20.224,7.2,67.11
05-Apr-2018,2.675,18.146,20.237,7.155,68.33
04-Apr-2018,2.718,18.173,20.177,7.145,68.02
03-Apr-2018,2.697,18.08,20.083,7.145,68.12
02-Apr-2018,2.683,18.226,20.248,7.185,67.64
30-Mar-2018,2.733,18.226,20.248,7.21,70.27
29-Mar-2018,2.733,18.226,20.248,7.21,70.27
28-Mar-2018,2.698,18.44,20.32,7.22,69.53
27-Mar-2018,2.691,18.475,20.346,7.225,70.11
26-Mar-2018,2.618,17.98,19.802,7.155,70.12
23-Mar-2018,2.591,18.468,20.315,7.155,70.45
22-Mar-2018,2.617,19.012,20.772,7.235,68.91
21-Mar-2018,2.638,19.414,21.209,7.3,69.47
20-Mar-2018,2.675,19.175,20.951,7.43,67.42
19-Mar-2018,2.651,18.693,20.594,7.505,66.05
16-Mar-2018,2.688,18.678,20.375,7.48,66.21
15-Mar-2018,2.681,18.913,20.539,8.395,65.12
14-Mar-2018,2.731,18.45,19.999,8.405,64.89
13-Mar-2018,2.786,19.501,21.159,8.425,64.64
12-Mar-2018,2.778,19.763,21.361,8.46,64.95
09-Mar-2018,2.732,18.903,20.687,8.46,65.49
08-Mar-2018,2.756,18.283,20.072,8.46,63.61
07-Mar-2018,2.777,17.842,19.585,8.45,64.34
06-Mar-2018,2.749,17.814,19.573,8.495,65.79
05-Mar-2018,2.704,17.576,19.272,8.505,65.54
02-Mar-2018,2.695,17.757,19.561,8.37,64.37
01-Mar-2018,2.698,17.53,19.457,8.35,63.83
28-Feb-2018,2.667,17.292,19.139,8.35,65.78
27-Feb-2018,2.683,19.16,20.3,8.425,66.63
26-Feb-2018,2.639,18.614,20.163,8.27,67.5
23-Feb-2018,2.625,20.801,23.28,8.295,67.31
22-Feb-2018,2.634,19.929,21.575,8.295,66.39
21-Feb-2018,2.659,19.815,21.501,8.3,65.42
20-Feb-2018,2.616,19.865,21.314,8.235,65.25
19-Feb-2018,2.558,19.16,20.33,8,65.67
16-Feb-2018,2.558,18.197,19.5,8,64.84
15-Feb-2018,2.58,17.806,19.156,10.45,64.33
14-Feb-2018,2.587,18.152,19.538,10.45,64.36
13-Feb-2018,2.594,18.346,19.657,10.45,62.72
12-Feb-2018,2.552,17.959,19.348,10.455,62.59
09-Feb-2018,2.584,17.891,19.328,10.475,62.79
08-Feb-2018,2.697,17.873,19.419,10.475,64.81
07-Feb-2018,2.702,18.241,19.742,10.475,65.51
06-Feb-2018,2.759,17.867,19.385,10.475,66.86
05-Feb-2018,2.747,17.617,19.23,10.415,67.62
02-Feb-2018,2.846,18.17,19.875,10.345,68.58
01-Feb-2018,2.856,18.242,19.917,10.345,69.65
31-Jan-2018,2.995,17.963,19.671,10.345,69.05
30-Jan-2018,3.195,17.35,19.257,10.305,69.02
29-Jan-2018,3.631,17.487,19.27,10.185,69.46
26-Jan-2018,3.505,17.86,19.641,10.04,70.52
25-Jan-2018,3.447,17.783,19.579,9.94,70.42
24-Jan-2018,3.509,17.848,19.632,9.89,70.53
23-Jan-2018,3.444,18.252,19.94,9.995,69.96
22-Jan-2018,3.224,18.538,20.227,10.525,69.03
19-Jan-2018,3.185,18.179,19.879,10.545,68.61
18-Jan-2018,3.189,18.273,20.099,10.545,69.31
17-Jan-2018,3.232,18.46,20.323,10.5,69.38
16-Jan-2018,3.129,18.974,20.857,10.45,69.15
15-Jan-2018,3.2,19.177,21.068,11.23,70.26
12-Jan-2018,3.2,19.84,21.803,11.23,69.87
11-Jan-2018,3.084,19.344,21.228,11.215,69.26
10-Jan-2018,2.906,19.516,21.424,11.185,69.2
09-Jan-2018,2.923,19.452,21.4,11.18,68.82
08-Jan-2018,2.835,19.041,20.953,11.17,67.78
05-Jan-2018,2.795,18.918,20.929,11.17,67.62
04-Jan-2018,2.88,19.204,21.217,11.17,68.07
03-Jan-2018,3.008,19.32,21.404,11.175,67.84
02-Jan-2018,3.056,19.442,21.552,11.155,66.57
01-Jan-2018,2.953,19.595,21.617,11.17,66.87
29-Dec-2017,2.953,19.595,21.617,11.17,66.87
28-Dec-2017,2.914,19.73,22.15,11.135,66.72
27-Dec-2017,2.738,19.047,21.482,11.135,66.44
26-Dec-2017,2.643,19.69,22.025,11.045,67.02
25-Dec-2017,2.667,19.69,22.025,11.045,65.25
22-Dec-2017,2.667,19.69,22.025,11.045,65.25
21-Dec-2017,2.598,19.939,22.285,11.045,64.9
20-Dec-2017,2.637,20.25,22.479,10.96,64.56
19-Dec-2017,2.692,20.083,22.525,10.845,63.8
18-Dec-2017,2.745,20.48,22.627,10.8,63.41
15-Dec-2017,2.612,21.06,23.274,9.965,63.23
14-Dec-2017,2.684,21.28,22.674,9.96,63.31
13-Dec-2017,2.715,20.67,22.643,9.93,62.44
12-Dec-2017,2.678,21.7,24.893,9.915,63.34
11-Dec-2017,2.828,21.015,23.153,9.9,64.69
08-Dec-2017,2.772,20.74,20.879,9.89,63.4
07-Dec-2017,2.763,21.259,23.166,9.89,62.2
06-Dec-2017,2.922,21.215,23.457,9.855,61.22
05-Dec-2017,2.914,21.387,23.504,9.84,62.86
04-Dec-2017,2.985,21.235,23.414,9.835,62.45
01-Dec-2017,3.061,20.908,22.843,9.815,63.73
30-Nov-2017,3.025,20.301,22.373,9.81,63.57
29-Nov-2017,3.179,20.365,22.4,9.835,63.11
28-Nov-2017,3.074,20.2,22.369,9.805,63.61
27-Nov-2017,2.928,20.65,22.663,9.805,63.84
24-Nov-2017,2.813,20.394,22.334,9.77,63.86
23-Nov-2017,2.968,20.025,21.907,9.695,63.55
22-Nov-2017,2.968,19.6,21.463,9.695,63.32
21-Nov-2017,3.017,19.725,21.626,9.695,62.57
20-Nov-2017,3.047,19.354,21.298,9.675,62.22
17-Nov-2017,3.097,18.812,20.79,9.675,62.72
16-Nov-2017,3.053,19.119,21.093,9.675,61.36
15-Nov-2017,3.08,18.908,20.942,9.185,61.87
14-Nov-2017,3.102,19.197,21.168,9.19,62.21
13-Nov-2017,3.167,19.768,21.771,9.19,63.16
10-Nov-2017,3.213,19.681,21.626,9.18,63.52
09-Nov-2017,3.2,19.386,21.321,9.13,63.93
08-Nov-2017,3.175,19.287,21.257,9.13,63.49
07-Nov-2017,3.152,19.225,21.135,9.125,63.69
06-Nov-2017,3.134,18.871,20.813,9.125,64.27
03-Nov-2017,2.984,18.203,20.151,9.125,62.07
02-Nov-2017,2.935,18.457,20.503,9.125,60.62
01-Nov-2017,2.893,18.454,20.516,9.025,60.49
31-Oct-2017,2.896,18.218,20.337,9.025,61.37
30-Oct-2017,2.966,17.602,19.875,8.995,60.9
27-Oct-2017,2.752,17.658,19.656,8.995,60.44
26-Oct-2017,2.89,17.594,19.6,8.85,59.3
25-Oct-2017,2.919,17.748,19.76,8.785,58.44
24-Oct-2017,2.974,17.549,19.601,8.82,58.33
23-Oct-2017,2.991,17.705,19.7,8.82,57.37
20-Oct-2017,2.915,17.731,19.785,8.86,57.75
19-Oct-2017,2.873,18.115,20.116,8.905,57.23
18-Oct-2017,2.854,18.325,20.356,8.95,58.15
17-Oct-2017,2.962,18.124,20.16,8.95,57.88
16-Oct-2017,2.946,18.114,20.245,8.95,57.82
13-Oct-2017,3,18.002,19.997,8.27,57.17
12-Oct-2017,2.989,17.847,19.867,8.27,56.25
11-Oct-2017,2.889,17.981,20.076,8.27,56.94
10-Oct-2017,2.891,18.059,20.097,8.27,56.61
09-Oct-2017,2.833,18.211,20.161,8.27,55.79
06-Oct-2017,2.863,18.126,20.079,8.245,55.62
05-Oct-2017,2.923,18.086,19.944,8.23,57
04-Oct-2017,2.94,17.975,19.753,8.215,55.8
03-Oct-2017,2.895,17.9,19.789,8.215,56
02-Oct-2017,2.916,17.621,19.429,8.17,56.12
29-Sep-2017,3.007,17.411,19.113,8.165,57.54
28-Sep-2017,3.017,17.543,19.312,8.055,57.41
27-Sep-2017,2.974,17.475,19.279,8.025,57.9
26-Sep-2017,2.918,17.352,19.145,8.025,58.44
25-Sep-2017,2.919,17.682,19.25,7.815,59.02
22-Sep-2017,2.959,16.649,18.522,7.775,56.86
21-Sep-2017,2.946,16.757,18.593,7.695,56.43
20-Sep-2017,3.094,16.922,18.707,7.695,56.29
19-Sep-2017,3.122,17.131,18.954,7.65,55.14
18-Sep-2017,3.146,17.101,19.058,7.65,55.48
15-Sep-2017,3.024,17.215,19.125,6.315,55.62
14-Sep-2017,3.07,17.587,19.359,6.305,55.47
13-Sep-2017,3.058,17.352,19.256,6.28,55.16
12-Sep-2017,3.001,17.166,19.08,6.27,54.27
11-Sep-2017,2.95,17.175,19.129,6.27,53.84
08-Sep-2017,2.89,16.789,18.77,6.235,53.78
07-Sep-2017,2.981,16.83,18.769,6.21,54.49
06-Sep-2017,3,16.815,18.765,6.175,54.2
05-Sep-2017,2.972,16.857,18.761,6.175,53.38
04-Sep-2017,3.07,16.43,18.4,6.13,52.34
01-Sep-2017,3.07,16.42,18.44,6.13,52.75
31-Aug-2017,3.04,16.44,18.58,6.13,52.38
30-Aug-2017,2.939,16.53,18.46,6.175,50.86
29-Aug-2017,2.961,16.47,18.58,6.125,52
28-Aug-2017,2.925,16.3,18.45,6.11,51.89
25-Aug-2017,2.892,16.3,18.45,6.11,52.41
24-Aug-2017,2.949,16.35,18.37,6.11,52.04
23-Aug-2017,2.928,16.39,18.48,6.145,52.57
22-Aug-2017,2.939,16.2,18.21,6.145,51.87
21-Aug-2017,2.962,16.14,18.15,6.165,51.66
18-Aug-2017,2.893,16.19,18.22,6.25,52.72
17-Aug-2017,2.929,16.15,18.15,6.25,51.03
16-Aug-2017,2.89,16.09,18.22,6.275,50.27
15-Aug-2017,2.935,15.67,17.69,5.87,50.8
14-Aug-2017,2.959,15.81,17.96,5.855,50.73
11-Aug-2017,2.983,16.02,18.1,5.85,52.1
10-Aug-2017,2.985,15.75,17.99,5.85,51.9
09-Aug-2017,2.883,15.57,17.73,5.845,52.7
08-Aug-2017,2.822,15.22,17.44,5.845,52.14
07-Aug-2017,2.801,15.3,17.42,5.815,52.37
04-Aug-2017,2.774,15,17.29,5.81,52.42
03-Aug-2017,2.8,14.84,17.22,5.78,52.01
02-Aug-2017,2.811,14.78,17.21,5.775,52.36
01-Aug-2017,2.819,14.62,17.07,5.775,51.78
31-Jul-2017,2.794,14.91,17.05,5.8,52.65
28-Jul-2017,2.941,14.9,17,5.74,52.52
27-Jul-2017,2.969,15.09,17.11,5.71,51.49
26-Jul-2017,2.924,15.18,17.33,5.65,50.97
25-Jul-2017,2.944,14.81,17.17,5.615,50.2
24-Jul-2017,2.899,14.72,17.1,5.615,48.6
21-Jul-2017,2.97,14.84,17.04,5.595,48.06
20-Jul-2017,3.043,14.95,17.13,5.595,49.3
19-Jul-2017,3.066,14.77,17.05,5.575,49.7
18-Jul-2017,3.088,14.73,17.15,5.575,48.84
17-Jul-2017,3.02,14.86,17.36,5.575,48.42
14-Jul-2017,2.98,14.62,17.13,5.445,48.91
13-Jul-2017,2.961,14.65,17.2,5.445,48.42
12-Jul-2017,2.985,14.46,17.08,5.445,47.74
11-Jul-2017,3.047,14.46,17.06,5.445,47.52
10-Jul-2017,2.929,14.58,17.05,5.445,46.88
07-Jul-2017,2.864,14.77,17.28,5.445,46.71
06-Jul-2017,2.888,14.99,17.39,5.445,48.11
05-Jul-2017,2.84,14.93,17.44,5.465,47.79
04-Jul-2017,2.951,14.98,17.4,5.49,49.61
03-Jul-2017,2.951,15.08,17.69,5.49,49.68
30-Jun-2017,3.035,14.86,17.53,5.48,47.92
29-Jun-2017,3.042,14.92,18.13,5.495,47.42
28-Jun-2017,3.067,15.15,18.16,5.495,47.31
27-Jun-2017,3.037,15.01,17.97,5.495,46.65
26-Jun-2017,3.027,14.81,18.06,5.495,45.83
23-Jun-2017,2.929,14.66,17.88,5.495,45.54
22-Jun-2017,2.894,14.64,17.88,5.495,45.22
21-Jun-2017,2.893,14.67,17.91,5.495,44.82
20-Jun-2017,2.907,14.81,18.02,5.495,46.02
19-Jun-2017,2.894,14.76,17.91,5.45,46.91
16-Jun-2017,3.037,14.6,17.69,5.45,47.37
15-Jun-2017,3.056,14.58,17.76,5.48,46.92
14-Jun-2017,2.933,14.68,17.89,5.48,47
13-Jun-2017,2.966,14.67,17.93,5.48,48.72
12-Jun-2017,3.024,14.78,18.1,5.48,48.29
09-Jun-2017,3.039,15.01,18.19,5.475,48.15
08-Jun-2017,3.028,15.37,18.39,5.475,47.86
07-Jun-2017,3.02,14.95,18.03,5.485,48.06
06-Jun-2017,3.042,14.85,17.92,5.485,50.12
05-Jun-2017,2.982,15.08,17.92,5.48,49.47
02-Jun-2017,2.999,14.97,17.7,5.45,49.95
01-Jun-2017,3.008,15.11,17.94,5.45,50.63
31-May-2017,3.071,15.24,18.18,5.465,50.31
30-May-2017,3.145,15.62,18.53,5.465,51.84
29-May-2017,3.236,15.37,18.13,5.495,52.29
26-May-2017,3.236,15.37,18.13,5.495,52.15
25-May-2017,3.184,15.34,18.03,5.525,51.46
24-May-2017,3.209,15.52,18.09,5.56,53.96
23-May-2017,3.219,15.65,18,6.05,54.15
22-May-2017,3.33,15.48,17.79,6.05,53.87
19-May-2017,3.256,15.51,17.7,6.05,53.61
18-May-2017,3.182,15.74,17.9,6.05,52.51
17-May-2017,3.192,15.56,17.72,6.05,52.21
16-May-2017,3.23,15.36,17.46,6.05,51.65
15-May-2017,3.349,15.46,17.59,6.1,51.82
12-May-2017,3.424,15.31,17.44,6.1,50.84
11-May-2017,3.376,15.28,17.39,6.1,50.77
10-May-2017,3.292,15.55,17.65,6.1,50.22
09-May-2017,3.227,15.45,17.59,6.1,48.73
08-May-2017,3.172,15.44,17.59,6.1,49.34
05-May-2017,3.266,15.75,17.8,6.1,49.1
04-May-2017,3.186,15.85,17.88,6.1,48.38
03-May-2017,3.228,16.28,18.27,6.1,50.79
02-May-2017,3.195,16.45,18.43,6.1,50.46
01-May-2017,3.215,16.19,18.19,6.1,51.52
28-Apr-2017,3.276,16.19,18.19,6.1,51.73
27-Apr-2017,3.239,16.06,18.01,6.1,51.44
26-Apr-2017,3.142,16.07,18.14,6.1,51.82
25-Apr-2017,3.043,15.79,17.79,6.1,52.1
24-Apr-2017,3.066,16.03,18.16,6.1,51.6
21-Apr-2017,3.101,16.31,18.31,6.1,51.96
20-Apr-2017,3.159,16.05,18.05,6.1,52.99
19-Apr-2017,3.185,16.15,18.19,6.1,52.93
18-Apr-2017,3.145,16.22,18.16,6.1,54.89
17-Apr-2017,3.163,15.65,17.6,6.1,55.36
14-Apr-2017,3.227,15.65,17.6,6.2,55.89
13-Apr-2017,3.227,15.65,17.6,6.2,55.89
12-Apr-2017,3.187,15.61,17.54,6.2,55.86
11-Apr-2017,3.15,15.52,17.45,6.2,56.23
10-Apr-2017,3.238,15.47,17.49,6.2,55.98
07-Apr-2017,3.261,15.7,17.63,6.2,55.24
06-Apr-2017,3.331,16.05,17.88,6.2,54.89
05-Apr-2017,3.266,16.15,18.03,6.2,54.36
04-Apr-2017,3.293,16.1,17.89,6.2,54.17
03-Apr-2017,3.128,16.02,17.78,6.2,53.12
31-Mar-2017,3.19,15.74,17.48,6.2,52.83
30-Mar-2017,3.191,15.87,17.78,6.2,52.96
29-Mar-2017,3.175,15.63,17.49,6.2,52.42
28-Mar-2017,3.096,15.13,16.97,6.2,51.33
27-Mar-2017,3.052,14.9,16.74,6.2,50.75
24-Mar-2017,3.076,15.23,17.08,6.2,50.8
23-Mar-2017,3.051,15.56,17.31,6.2,50.56
22-Mar-2017,3.011,15.59,17.37,6.2,50.64
21-Mar-2017,3.093,15.65,17.43,6.2,50.96
20-Mar-2017,3.041,15.76,17.54,6.2,51.62
17-Mar-2017,2.948,16,17.71,6.2,51.76
16-Mar-2017,2.902,15.99,17.78,6.2,51.74
15-Mar-2017,2.981,16.1,17.9,6.65,51.81
14-Mar-2017,2.938,15.94,17.8,6.65,50.92
13-Mar-2017,3.043,15.85,17.74,6.65,51.35
10-Mar-2017,3.008,16.13,17.93,6.65,51.37
09-Mar-2017,2.974,16.15,17.9,6.65,52.19
08-Mar-2017,2.901,16.27,18.01,6.65,53.11
07-Mar-2017,2.824,16.51,18.29,6.65,55.92
06-Mar-2017,2.901,16.7,18.37,6.65,56.01
03-Mar-2017,2.827,16.78,18.65,6.65,55.9
02-Mar-2017,2.804,16.74,18.6,6.65,55.08
01-Mar-2017,2.799,17.19,18.93,6.65,56.36
28-Feb-2017,2.774,16.95,18.74,6.65,55.59
27-Feb-2017,2.693,17.29,18.99,6.65,55.93
24-Feb-2017,2.627,17.71,19.48,6.65,55.99
23-Feb-2017,2.617,18.3,19.78,6.65,56.58
22-Feb-2017,2.592,18.01,19.46,6.65,55.84
21-Feb-2017,2.564,18.12,19.59,6.65,56.66
20-Feb-2017,2.834,18.49,19.92,6.65,56.18
17-Feb-2017,2.834,18.5,19.89,6.65,55.81
16-Feb-2017,2.854,18.99,20.35,6.65,55.65
15-Feb-2017,2.925,18.86,20.23,8,55.75
14-Feb-2017,2.905,18.79,20.17,8,55.97
13-Feb-2017,2.944,19.01,20.29,8,55.59
10-Feb-2017,3.034,19.74,21.13,8,56.7
09-Feb-2017,3.141,20.18,21.48,8,55.63
08-Feb-2017,3.126,20.24,21.65,8,55.12
07-Feb-2017,3.13,21.33,22.7,8,55.05
06-Feb-2017,3.05,21.93,23.38,8,55.72
03-Feb-2017,3.063,22.22,23.81,8,56.81
02-Feb-2017,3.187,21.78,23.49,8,56.56
01-Feb-2017,3.168,21.59,23.26,8,56.8
31-Jan-2017,3.117,20.75,22.41,8,55.7
30-Jan-2017,3.232,20.39,22.05,8,55.23
27-Jan-2017,3.391,19.51,21.17,8,55.52
26-Jan-2017,3.382,19.84,21.55,8,56.24
25-Jan-2017,3.332,19.95,21.74,8,55.08
24-Jan-2017,3.279,20.64,22.43,8,55.44
23-Jan-2017,3.243,21.2,22.64,8,55.23
20-Jan-2017,3.204,20.52,22.34,8,55.49
19-Jan-2017,3.368,19.9,21.69,8,54.16
18-Jan-2017,3.302,19.68,21.34,8,53.92
17-Jan-2017,3.412,19.58,21.46,8,55.47
16-Jan-2017,3.419,18.99,21.06,8.8,55.86
13-Jan-2017,3.419,19.99,22.12,8.8,55.45
12-Jan-2017,3.386,20.3,22.46,8.8,56.01
11-Jan-2017,3.224,20.53,22.67,8.8,55.1
10-Jan-2017,3.278,19.83,21.71,8.8,53.64
09-Jan-2017,3.103,19.16,21.05,8.8,54.94
06-Jan-2017,3.285,18.52,20.18,8.8,57.1
05-Jan-2017,3.273,18.89,20.51,8.8,56.89
04-Jan-2017,3.267,18.88,20.47,8.8,56.46
03-Jan-2017,3.327,18.23,19.93,8.8,55.47
02-Jan-2017,3.724,19.55,21.2,8.8,56.82
30-Dec-2016,3.724,19.55,21.2,8.8,56.82
29-Dec-2016,3.802,18.97,20.08,8.8,56.14
28-Dec-2016,3.93,18.73,19.43,8.8,56.22
27-Dec-2016,3.761,18.15,19.72,8.8,56.09
26-Dec-2016,3.662,18.15,19.72,8.8,55.16
23-Dec-2016,3.662,18.15,19.72,8.8,55.16
22-Dec-2016,3.538,18.12,19.66,8.8,55.05
21-Dec-2016,3.542,17.65,19.38,8.8,54.46
20-Dec-2016,3.263,17.52,19.29,8.8,55.35
19-Dec-2016,3.392,17.33,19.01,8.8,54.92
16-Dec-2016,3.415,17.47,19.04,8.8,55.21
15-Dec-2016,3.434,17.08,18.74,7.855,54.02
14-Dec-2016,3.54,17.07,18.73,7.855,53.9
13-Dec-2016,3.474,17.19,18.96,7.855,55.72
12-Dec-2016,3.507,16.95,18.75,7.875,55.69
09-Dec-2016,3.746,16.46,18.22,7.83,54.33
08-Dec-2016,3.695,16.46,18.19,7.775,53.89
07-Dec-2016,3.603,16.23,17.99,7.65,53
06-Dec-2016,3.635,16.31,18.02,7.65,53.93
05-Dec-2016,3.654,16.78,18.66,7.54,54.94
02-Dec-2016,3.436,17.52,19.29,7.36,54.46
01-Dec-2016,3.505,18.05,19.76,7.33,53.94
30-Nov-2016,3.352,18.16,19.91,7.18,50.47
29-Nov-2016,3.315,18.04,19.6,7.14,46.38
28-Nov-2016,3.232,18.03,19.4,7.08,48.24
25-Nov-2016,3.085,17.68,19.18,7.08,47.24
24-Nov-2016,3.026,17.8,19.24,7.12,49
23-Nov-2016,3.026,17.75,19.35,7.12,48.95
22-Nov-2016,2.982,17.59,19.28,7.155,49.12
21-Nov-2016,2.95,17.38,19.12,7.155,48.9
18-Nov-2016,2.843,17.9,19.58,7.055,46.86
17-Nov-2016,2.703,17.62,19.45,7.155,46.49
16-Nov-2016,2.764,17.61,19.37,7.3,46.63
15-Nov-2016,2.709,17.86,19.59,7.03,46.95
14-Nov-2016,2.749,17.6,19.29,7.03,44.43
11-Nov-2016,2.619,18.01,19.74,7.045,44.75
10-Nov-2016,2.632,18.17,19.93,7.04,45.84
09-Nov-2016,2.69,17.92,19.6,7.06,46.36
08-Nov-2016,2.633,17.65,19.41,7.05,46.04
07-Nov-2016,2.816,17.9,19.71,7.025,46.15
04-Nov-2016,2.767,18.28,20.1,7.02,45.58
03-Nov-2016,2.769,18.73,20.5,6.98,46.35
02-Nov-2016,2.792,18.95,20.63,6.99,46.86
01-Nov-2016,2.902,18.4,20.26,6.97,48.14
31-Oct-2016,3.026,17.88,19.65,6.97,48.3
28-Oct-2016,3.105,17.34,18.93,6.955,49.71
27-Oct-2016,2.764,17.39,19.05,6.9,50.47
26-Oct-2016,2.731,17.08,18.87,6.835,49.98
25-Oct-2016,2.774,17.53,19.2,6.835,50.79
24-Oct-2016,2.831,17.3,19.1,6.8,51.46
21-Oct-2016,2.993,16.81,18.6,6.8,51.78
20-Oct-2016,3.141,16.9,18.9,6.715,51.38
19-Oct-2016,3.17,16.7,18.7,6.675,52.67
18-Oct-2016,3.263,16.78,18.82,6.675,51.68
17-Oct-2016,3.244,16.3,18.33,6.625,51.52
14-Oct-2016,3.285,16.14,18.12,5.98,51.95
13-Oct-2016,3.341,15.83,17.79,5.98,52.03
12-Oct-2016,3.21,15.4,17.4,5.975,51.81
11-Oct-2016,3.237,15.45,17.37,5.98,52.41
10-Oct-2016,3.275,15.85,17.83,5.985,53.14
07-Oct-2016,3.193,16.04,18.05,5.985,51.93
06-Oct-2016,3.049,16.45,18.4,5.97,52.51
05-Oct-2016,3.041,16.08,18,5.97,51.86
04-Oct-2016,2.964,16,17.99,5.975,50.87
03-Oct-2016,2.923,15.5,17.48,5.95,50.89
30-Sep-2016,2.906,15.27,17.21,5.905,49.06
29-Sep-2016,2.959,14.01,15.95,5.84,49.24
28-Sep-2016,2.952,13.84,15.95,5.825,48.69
27-Sep-2016,2.996,13.28,15.35,5.765,45.97
26-Sep-2016,2.997,13.87,15.91,5.765,47.35
23-Sep-2016,2.955,14.05,15.91,5.725,45.89
22-Sep-2016,2.99,13.55,15.63,5.69,47.65
21-Sep-2016,3.057,13.18,15.35,5.69,46.83
20-Sep-2016,3.047,13,15.03,5.625,45.88
19-Sep-2016,2.934,13.43,15.51,5.625,45.95
16-Sep-2016,2.948,12.74,14.83,5.625,45.77
15-Sep-2016,2.927,12.57,14.5,5.47,46.59
14-Sep-2016,2.889,11.97,14.1,5.47,45.85
13-Sep-2016,2.909,12.03,14.1,5.48,47.1
12-Sep-2016,2.915,11.82,14.01,5.45,48.32
09-Sep-2016,2.797,11.92,14.22,5.48,48.01
08-Sep-2016,2.806,11.98,14.22,5.48,49.99
07-Sep-2016,2.676,12.03,14.18,5.435,47.98
06-Sep-2016,2.717,12.42,14.55,5.435,47.26
05-Sep-2016,2.792,12.59,14.61,5.435,47.63
02-Sep-2016,2.792,12.69,14.61,5.435,46.83
01-Sep-2016,2.792,12.58,14.63,5.435,45.45
31-Aug-2016,2.887,12.71,14.7,5.435,47.04
30-Aug-2016,2.827,11.46,14.08,5.46,48.37
29-Aug-2016,2.853,11.49,13.52,5.46,49.26
26-Aug-2016,2.871,11.49,13.52,5.52,49.92
25-Aug-2016,2.846,11.08,13.29,5.55,49.67
24-Aug-2016,2.796,11.04,13.11,5.55,49.05
23-Aug-2016,2.761,11.64,13.58,5.55,49.96
22-Aug-2016,2.679,11.24,13.22,5.625,49.16
19-Aug-2016,2.584,10.62,12.53,5.625,50.88
18-Aug-2016,2.674,11.83,13.63,5.5,50.89
17-Aug-2016,2.619,12.04,13.83,5.5,49.85
16-Aug-2016,2.617,11.92,13.6,5.45,49.23
15-Aug-2016,2.59,11.68,13.41,5.805,48.35
12-Aug-2016,2.586,12.22,14.02,5.805,46.97
11-Aug-2016,2.551,12.76,14.44,5.805,46.04
10-Aug-2016,2.561,12.83,14.51,5.805,44.05
09-Aug-2016,2.615,12.87,14.43,5.82,44.98
08-Aug-2016,2.748,13,14.62,5.82,45.39
05-Aug-2016,2.772,13.28,14.92,5.845,44.27
04-Aug-2016,2.834,13.67,15.32,5.845,44.29
03-Aug-2016,2.839,13.72,15.38,5.845,43.1
02-Aug-2016,2.733,13.8,15.47,5.925,41.8
01-Aug-2016,2.771,14.04,15.64,5.995,42.14
29-Jul-2016,2.876,14.46,16.16,5.995,42.46
28-Jul-2016,2.873,14.15,15.73,5.995,42.7
27-Jul-2016,2.672,14.4,15.99,5.995,43.47
26-Jul-2016,2.712,14.55,16.19,5.995,44.87
25-Jul-2016,2.747,14.85,16.44,5.995,44.72
22-Jul-2016,2.777,14.81,16.47,5.955,45.69
21-Jul-2016,2.692,14.95,16.67,5.875,46.2
20-Jul-2016,2.658,14.68,16.33,5.79,47.17
19-Jul-2016,2.728,14.39,16.06,5.745,46.66
18-Jul-2016,2.722,14.31,15.83,5.65,46.96
15-Jul-2016,2.756,14.15,15.88,5.275,47.61
14-Jul-2016,2.727,14.3,15.9,5.275,47.37
13-Jul-2016,2.737,14.21,15.81,5.265,46.26
12-Jul-2016,2.734,14.32,15.83,5.255,48.47
11-Jul-2016,2.702,14.08,15.6,5.245,46.25
08-Jul-2016,2.801,14.16,15.6,5.225,46.76
07-Jul-2016,2.777,14.33,16.02,5.195,46.4
06-Jul-2016,2.786,14.15,15.62,5.195,48.8
05-Jul-2016,2.764,14.16,15.78,5.195,47.96
04-Jul-2016,2.987,14.53,16.05,5.215,50.1
01-Jul-2016,2.987,14.28,15.79,5.215,50.35
30-Jun-2016,2.924,14.34,15.9,5.215,49.68
29-Jun-2016,2.863,14.45,16.12,5.24,50.61
28-Jun-2016,2.917,14.18,15.8,5.24,48.58
27-Jun-2016,2.716,14.25,15.83,5.24,47.16
24-Jun-2016,2.662,14.75,16.44,5.305,48.41
23-Jun-2016,2.698,15.2,16.74,5.305,50.91
22-Jun-2016,2.677,15.17,16.85,5.265,49.88
21-Jun-2016,2.768,14.86,16.51,5.265,50.62
20-Jun-2016,2.747,15.2,16.81,5.095,50.65
17-Jun-2016,2.623,14.48,16.23,5.05,49.17
16-Jun-2016,2.58,14.22,15.82,5.05,47.19
15-Jun-2016,2.595,14.21,15.94,4.835,48.97
14-Jun-2016,2.604,14.08,15.95,4.835,49.83
13-Jun-2016,2.585,13.83,15.68,4.835,50.35
10-Jun-2016,2.556,13.93,15.85,4.82,50.54
09-Jun-2016,2.617,14.18,16.05,4.8,51.95
08-Jun-2016,2.468,14.42,16.23,4.8,52.51
07-Jun-2016,2.474,14.68,16.56,4.8,51.44
06-Jun-2016,2.466,14.46,16.35,4.77,50.55
03-Jun-2016,2.398,14.16,16.07,4.755,49.64
02-Jun-2016,2.405,14.45,16.35,4.755,50.04
01-Jun-2016,2.381,14.18,16.09,4.69,49.72
31-May-2016,2.288,14.2,16.13,4.71,49.69
30-May-2016,2.169,13.81,15.67,4.66,49.76
27-May-2016,2.169,13.81,15.67,4.66,49.32
26-May-2016,1.963,13.52,15.39,4.66,49.59
25-May-2016,1.992,13.25,15.12,4.61,49.74
24-May-2016,1.98,12.95,14.86,4.61,48.61
23-May-2016,2.055,12.92,14.77,4.61,48.35
20-May-2016,2.062,13.04,15,4.61,48.72
19-May-2016,2.039,12.98,14.86,4.61,48.81
18-May-2016,2.001,13.12,15.03,4.61,48.93
17-May-2016,2.048,13.13,14.95,4.475,49.28
16-May-2016,2.029,13.08,15,4.475,48.97
13-May-2016,2.096,12.89,14.68,4.46,47.83
12-May-2016,2.155,12.89,14.74,4.46,48.08
11-May-2016,2.173,13.08,14.87,4.455,47.6
10-May-2016,2.158,12.97,14.73,4.455,45.52
09-May-2016,2.098,12.99,14.78,4.455,43.63
06-May-2016,2.101,12.88,14.64,4.47,45.37
05-May-2016,2.076,12.71,14.51,4.5,45.01
04-May-2016,2.141,12.36,14.17,4.5,44.62
03-May-2016,2.086,12.16,13.97,4.52,44.97
02-May-2016,2.042,12.61,14.39,4.57,45.83
29-Apr-2016,2.178,12.61,14.39,4.57,48.13
28-Apr-2016,2.078,12.64,14.23,4.57,48.14
27-Apr-2016,1.995,13.98,15.53,4.54,47.18
26-Apr-2016,2.032,13.93,15.43,4.475,45.74
25-Apr-2016,2.063,12.91,14.47,4.41,44.48
22-Apr-2016,2.14,13,14.4,4.295,45.11
21-Apr-2016,2.068,12.5,14.22,4.295,44.53
20-Apr-2016,2.069,11.85,13.61,4.045,45.8
19-Apr-2016,2.088,11.65,13.49,4,44.03
18-Apr-2016,1.94,11.36,13.24,4,42.91
15-Apr-2016,1.902,11.23,13.18,4.255,43.1
14-Apr-2016,1.97,11.2,13.15,4.255,43.84
13-Apr-2016,2.036,11.27,13.23,4.255,44.18
12-Apr-2016,2.004,11.29,13.2,4.255,44.69
11-Apr-2016,1.912,11.2,13.07,4.255,42.83
08-Apr-2016,1.99,11.22,13.1,4.255,41.94
07-Apr-2016,2.018,11.14,13,4.255,39.43
06-Apr-2016,1.911,11.35,13.27,4.255,39.84
05-Apr-2016,1.954,11.29,13.2,4.265,37.87
04-Apr-2016,1.998,11.35,13.17,4.265,37.69
01-Apr-2016,1.956,11.6,13.36,4.285,38.67
31-Mar-2016,1.959,11.93,13.74,4.285,39.6
30-Mar-2016,1.996,12.07,13.83,4.315,39.26
29-Mar-2016,1.903,12.05,13.82,4.315,39.14
28-Mar-2016,1.848,11.99,13.7,4.315,40.27
25-Mar-2016,1.806,11.99,13.7,4.315,40.44
24-Mar-2016,1.806,11.99,13.7,4.315,40.44
23-Mar-2016,1.794,11.98,13.75,4.315,40.47
22-Mar-2016,1.863,11.98,13.64,4.315,41.79
21-Mar-2016,1.828,11.9,13.65,4.315,41.54
18-Mar-2016,1.907,12.08,13.9,4.4,41.2
17-Mar-2016,1.936,12.13,13.83,4.4,41.54
16-Mar-2016,1.868,11.98,13.8,4.4,40.33
15-Mar-2016,1.851,12.05,13.84,4.46,38.74
14-Mar-2016,1.819,12.03,13.82,4.46,39.53
11-Mar-2016,1.822,12.02,13.81,4.46,40.39
10-Mar-2016,1.788,11.85,13.67,4.445,40.05
09-Mar-2016,1.752,12.06,13.91,4.425,41.07
08-Mar-2016,1.712,11.93,13.74,4.4,39.65
07-Mar-2016,1.69,11.83,13.58,4.39,40.84
04-Mar-2016,1.666,11.82,13.54,4.39,38.72
03-Mar-2016,1.639,12.01,13.77,4.405,37.07
02-Mar-2016,1.678,12.25,13.95,4.405,36.93
01-Mar-2016,1.742,12.18,13.92,4.405,36.81
29-Feb-2016,1.711,12.22,13.95,4.435,35.97
26-Feb-2016,1.791,12.21,13.53,4.435,35.1
25-Feb-2016,1.711,11.93,13.35,4.465,35.29
24-Feb-2016,1.778,12.05,13.51,4.465,34.41
23-Feb-2016,1.782,12.33,13.87,4.535,33.27
22-Feb-2016,1.821,12.42,14.05,4.575,34.69
19-Feb-2016,1.804,12.05,13.66,4.655,33.01
18-Feb-2016,1.852,12.1,13.73,4.655,34.28
17-Feb-2016,1.942,11.88,13.51,4.7,34.5
16-Feb-2016,1.903,11.71,13.4,4.7,32.18
15-Feb-2016,1.966,11.88,13.68,5.38,33.39
12-Feb-2016,1.966,12.07,13.77,5.38,33.36
11-Feb-2016,1.994,11.81,13.63,5.38,30.06
10-Feb-2016,2.046,12.03,13.78,5.38,30.84
09-Feb-2016,2.098,12.12,13.93,5.38,30.32
08-Feb-2016,2.14,12.23,13.95,5.38,32.88
05-Feb-2016,2.063,12.25,14.06,5.38,34.06
04-Feb-2016,1.972,12.42,14.11,5.38,34.46
03-Feb-2016,2.038,12.86,14.52,5.305,35.04
02-Feb-2016,2.025,12.85,14.41,5.23,32.72
01-Feb-2016,2.152,12.85,14.45,5.105,34.24
29-Jan-2016,2.298,13.38,15.28,5.055,34.74
28-Jan-2016,2.182,13.7,15.7,5.055,33.89
27-Jan-2016,2.189,13.35,15.25,5.055,33.1
26-Jan-2016,2.18,12.98,14.94,5.12,31.8
25-Jan-2016,2.158,12.71,14.73,5.12,30.5
22-Jan-2016,2.139,13.44,15.45,5.12,32.18
21-Jan-2016,2.138,12.62,14.63,5.14,29.25
20-Jan-2016,2.118,12.81,15.01,5.305,27.88
19-Jan-2016,2.091,13.3,15.39,5.485,28.76
18-Jan-2016,2.1,13.42,15.43,6.725,28.55
15-Jan-2016,2.1,13.3,15.31,6.725,28.94
14-Jan-2016,2.139,13.79,15.78,6.725,31.03
13-Jan-2016,2.269,14.21,16.17,6.74,30.31
12-Jan-2016,2.257,14.05,16,6.755,30.86
11-Jan-2016,2.396,14.57,16.64,6.775,31.55
08-Jan-2016,2.472,14.65,16.82,6.775,33.55
07-Jan-2016,2.382,15.54,17.66,6.775,33.75
06-Jan-2016,2.267,15.18,17.28,6.805,34.23
05-Jan-2016,2.325,14.83,17,6.825,36.42
04-Jan-2016,2.334,14.59,16.99,6.86,37.22
01-Jan-2016,2.337,14.84,17.18,6.86,37.28
31-Dec-2015,2.337,14.84,17.18,6.86,37.28
30-Dec-2015,2.214,14.87,17.15,6.86,36.46
29-Dec-2015,2.372,15.47,17.74,6.86,37.79
28-Dec-2015,2.228,14.46,17.03,6.925,36.62
25-Dec-2015,2.029,14.46,17.03,6.96,37.89
24-Dec-2015,2.029,14.46,17.03,6.96,37.89
23-Dec-2015,1.983,14.53,17.15,7.03,37.36
22-Dec-2015,1.888,15.01,17.47,7.03,36.11
21-Dec-2015,1.911,15.09,17.46,7.115,36.35
18-Dec-2015,1.767,15.29,17.7,7.2,36.88
17-Dec-2015,1.755,15.63,17.91,7.2,37.06
16-Dec-2015,1.79,15.65,17.87,7.2,37.19
15-Dec-2015,1.822,16.09,18.28,7.39,38.45
14-Dec-2015,1.894,15.83,18.06,7.39,37.92
11-Dec-2015,1.99,16.21,18.42,7.39,37.93
10-Dec-2015,2.015,16.52,18.74,7.39,39.73
09-Dec-2015,2.062,16.59,18.83,7.39,40.11
08-Dec-2015,2.07,16.78,18.98,7.39,40.26
07-Dec-2015,2.067,16.89,19.03,7.39,40.73
04-Dec-2015,2.186,17.51,19.66,7.39,43
03-Dec-2015,2.181,17.38,19.42,7.39,43.84
02-Dec-2015,2.165,17.78,19.77,7.35,42.49
01-Dec-2015,2.231,18.18,20.28,7.35,44.44
30-Nov-2015,2.235,18.45,20.19,7.275,44.61
27-Nov-2015,2.212,17.61,19.93,7.29,44.86
26-Nov-2015,2.206,17.62,19.94,7.35,45.46
25-Nov-2015,2.206,17.55,19.91,7.35,46.17
24-Nov-2015,2.2,17.4,19.8,7.42,46.12
23-Nov-2015,2.21,17.22,19.68,7.49,44.83
20-Nov-2015,2.145,17.2,19.63,7.49,44.66
19-Nov-2015,2.276,17.49,20.01,7.53,44.18
18-Nov-2015,2.347,17.31,19.74,7.575,44.14
17-Nov-2015,2.371,17.8,20.08,7.575,43.57
16-Nov-2015,2.385,17.24,19.4,7.575,44.56
13-Nov-2015,2.361,16.97,19.07,7.28,43.61
12-Nov-2015,2.26,16.86,18.94,7.28,44.06
11-Nov-2015,2.263,17.08,19.12,7.28,45.81
10-Nov-2015,2.32,17.26,19.32,7.28,47.44
09-Nov-2015,2.3,17.46,19.6,7.28,47.19
06-Nov-2015,2.371,17.84,19.93,7.27,47.42
05-Nov-2015,2.364,17.76,19.84,7.245,47.98
04-Nov-2015,2.262,17.98,20.02,7.245,48.58
03-Nov-2015,2.253,17.88,19.96,7.245,50.54
02-Nov-2015,2.256,17.83,19.86,7.125,48.79
30-Oct-2015,2.321,18.03,20.07,7.125,49.56
29-Oct-2015,2.257,18.17,20.12,7.1,48.8
28-Oct-2015,2.033,18.17,20.08,7.1,49.05
27-Oct-2015,2.092,18.08,20.02,7.1,46.81
26-Oct-2015,2.062,18.05,19.95,7.1,47.54
23-Oct-2015,2.286,18.29,20.16,7.065,47.99
22-Oct-2015,2.386,18.18,20.18,7.03,48.08
21-Oct-2015,2.404,18.09,20.06,7.03,47.85
20-Oct-2015,2.476,18.13,20.08,7.03,48.71
19-Oct-2015,2.442,18.38,20.39,6.85,48.61
16-Oct-2015,2.43,18.19,20.2,6.8,50.46
15-Oct-2015,2.453,18.14,20.06,6.7,48.71
14-Oct-2015,2.518,18.05,19.85,6.7,49.15
13-Oct-2015,2.498,18.13,19.96,6.695,49.24
12-Oct-2015,2.535,18.43,20.19,6.695,49.86
09-Oct-2015,2.502,18.68,20.38,6.695,52.65
08-Oct-2015,2.498,18.85,20.57,6.695,53.05
07-Oct-2015,2.474,18.74,20.52,6.665,51.33
06-Oct-2015,2.47,18.91,20.79,6.665,51.92
05-Oct-2015,2.45,18.43,20.33,6.665,49.25
02-Oct-2015,2.451,18.23,20.28,6.665,48.13
01-Oct-2015,2.433,18.38,20.62,6.71,47.69
30-Sep-2015,2.524,18.67,21,6.71,48.37
29-Sep-2015,2.586,18.48,20.42,6.77,48.23
28-Sep-2015,2.563,18.48,20.37,6.83,47.34
25-Sep-2015,2.564,18.79,20.57,6.83,48.6
24-Sep-2015,2.591,18.6,20.4,6.83,48.17
23-Sep-2015,2.569,18.81,20.65,6.83,47.75
22-Sep-2015,2.577,18.9,20.85,6.87,49.08
,,,,,
,,,,,
,,,,,
,,,,,
,,,,,
,,,,,
,,,,,
,,,,,
,,,,,
,,,,,
,,,,,
,,,,,
,,,,,
,,,,,
,,,,,
,,,,,
,,,,,
,,,,,
,,,,,
,,,,,
,,,,,
,,,,,
,,,,,
,,,,,
,,,,,
,,,,,
,,,,,
,,,,,
,,,,,
,,,,,
,,,,,
,,,,,
,,,,,
,,,,,
,,,,,
,,,,,
,,,,,
,,,,,
,,,,,
,,,,,
,,,,,
,,,,,
,,,,,
,,,,,
,,,,,
,,,,,
,,,,,
,,,,,
,,,,,
,,,,,
,,,,,
,,,,,
,,,,,
,,,,,
,,,,,
,,,,,
,,,,,
,,,,,
,,,,,
,,,,,
,,,,,
,,,,,
,,,,,
,,,,,
,,,,,
,,,,,
,,,,,
,,,,,
,,,,,
,,,,,
,,,,,
,,,,,
,,,,,
,,,,,
,,,,,
,,,,,
,,,,,
,,,,,
,,,,,
,,,,,
,,,,,
,,,,,
,,,,,
,,,,,
,,,,,
,,,,,
,,,,,
,,,,,
,,,,,
,,,,,
,,,,,
,,,,,
,,,,,
,,,,,
,,,,,
,,,,,
,,,,,
,,,,,
,,,,,
,,,,,
,,,,,
,,,,,
,,,,,
,,,,,
,,,,,
,,,,,
,,,,,
,,,,,
,,,,,
,,,,,
,,,,,
,,,,,
,,,,,
,,,,,
,,,,,
,,,,,
,,,,,
,,,,,
,,,,,
,,,,,
,,,,,
,,,,,
,,,,,
,,,,,
,,,,,
,,,,,
,,,,,
,,,,,
,,,,,
,,,,,
,,,,,
,,,,,
,,,,,
,,,,,
,,,,,
,,,,,
,,,,,
,,,,,
,,,,,
,,,,,
,,,,,
,,,,,
,,,,,
,,,,,
,,,,,
,,,,,
,,,,,
,,,,,
,,,,,
,,,,,
,,,,,
,,,,,
,,,,,
,,,,,
,,,,,
,,,,,
,,,,,
,,,,,
,,,,,
,,,,,
,,,,,
,,,,,
,,,,,
,,,,,
,,,,,
,,,,,
,,,,,
,,,,,
,,,,,
,,,,,
,,,,,
,,,,,
,,,,,
,,,,,
,,,,,
,,,,,
,,,,,
,,,,,
,,,,,
,,,,,
,,,,,
,,,,,
,,,,,
,,,,,
,,,,,
,,,,,
,,,,,
,,,,,
,,,,,
,,,,,
,,,,,
,,,,,
,,,,,
,,,,,
,,,,,
,,,,,
,,,,,
,,,,,
,,,,,
,,,,,
,,,,,
,,,,,
,,,,,
,,,,,
,,,,,
,,,,,
,,,,,
,,,,,
,,,,,
,,,,,
,,,,,
,,,,,
,,,,,
,,,,,
,,,,,
,,,,,
,,,,,
,,,,,
,,,,,
,,,,,
,,,,,
,,,,,
,,,,,
,,,,,
,,,,,
,,,,,
,,,,,
,,,,,
,,,,,
,,,,,
,,,,,
,,,,,
,,,,,
,,,,,
,,,,,
,,,,,
,,,,,
,,,,,
,,,,,
,,,,,
,,,,,
,,,,,
,,,,,
,,,,,
,,,,,
,,,,,
,,,,,
,,,,,
,,,,,
,,,,,
,,,,,
,,,,,
,,,,,
,,,,,
,,,,,
,,,,,
,,,,,
,,,,,
,,,,,
,,,,,
,,,,,
,,,,,
,,,,,
,,,,,
,,,,,
,,,,,
,,,,,
,,,,,
,,,,,
,,,,,
,,,,,
,,,,,
,,,,,
,,,,,
,,,,,
,,,,,
,,,,,
,,,,,
,,,,,
,,,,,
,,,,,
,,,,,
,,,,,
,,,,,
,,,,,
,,,,,
,,,,,
,,,,,
,,,,,
,,,,,
,,,,,
,,,,,
,,,,,
,,,,,
,,,,,
,,,,,
,,,,,
,,,,,
,,,,,
,,,,,
,,,,,
,,,,,
,,,,,
,,,,,
,,,,,
,,,,,
,,,,,
,,,,,
,,,,,
,,,,,
,,,,,
,,,,,
,,,,,
,,,,,
,,,,,
,,,,,
,,,,,
,,,,,
,,,,,
,,,,,
,,,,,
,,,,,
,,,,,
,,,,,
,,,,,
,,,,,
,,,,,
,,,,,
,,,,,
,,,,,
,,,,,
,,,,,
,,,,,
,,,,,
,,,,,
,,,,,
,,,,,
,,,,,
,,,,,
,,,,,
,,,,,
,,,,,
,,,,,
,,,,,
,,,,,
,,,,,
,,,,,
,,,,,
,,,,,
,,,,,
,,,,,
,,,,,
,,,,,
,,,,,
,,,,,
,,,,,
,,,,,
,,,,,
,,,,,
,,,,,
,,,,,
,,,,,
,,,,,
,,,,,
,,,,,
,,,,,
,,,,,
,,,,,
,,,,,
,,,,,
,,,,,
,,,,,
,,,,,
,,,,,
,,,,,
,,,,,
,,,,,
,,,,,
,,,,,
,,,,,
,,,,,
,,,,,
,,,,,
,,,,,
,,,,,
,,,,,
,,,,,
,,,,,
,,,,,
,,,,,
,,,,,
,,,,,
,,,,,
,,,,,
,,,,,
,,,,,
,,,,,
,,,,,
,,,,,
,,,,,
,,,,,
,,,,,
,,,,,
,,,,,
,,,,,
,,,,,
,,,,,
,,,,,
,,,,,
,,,,,
,,,,,
,,,,,
,,,,,
,,,,,
,,,,,
,,,,,
,,,,,
,,,,,
,,,,,
,,,,,
,,,,,
,,,,,
,,,,,
,,,,,
,,,,,
,,,,,
,,,,,
,,,,,
,,,,,
,,,,,
,,,,,
,,,,,
,,,,,
,,,,,
,,,,,
,,,,,
,,,,,
,,,,,
,,,,,
,,,,,
,,,,,
,,,,,
,,,,,
,,,,,
,,,,,
,,,,,
,,,,,
,,,,,
,,,,,
,,,,,
,,,,,
,,,,,
,,,,,
,,,,,
,,,,,
,,,,,
,,,,,
,,,,,
,,,,,
,,,,,
,,,,,
,,,,,
,,,,,
,,,,,
,,,,,
,,,,,
,,,,,
,,,,,
,,,,,
,,,,,
,,,,,
,,,,,
,,,,,
,,,,,
,,,,,
,,,,,
,,,,,
,,,,,
,,,,,
,,,,,
,,,,,
,,,,,
,,,,,
,,,,,
,,,,,
,,,,,
,,,,,
,,,,,
,,,,,
,,,,,
,,,,,
,,,,,
,,,,,
,,,,,
,,,,,
,,,,,
,,,,,
,,,,,
,,,,,
,,,,,
,,,,,
,,,,,
,,,,,
,,,,,
,,,,,
,,,,,
,,,,,
,,,,,
,,,,,
,,,,,
,,,,,
,,,,,
,,,,,
,,,,,
,,,,,
,,,,,
,,,,,
,,,,,
,,,,,
,,,,,
,,,,,
,,,,,
,,,,,
,,,,,
,,,,,
,,,,,
,,,,,
,,,,,
,,,,,
,,,,,
,,,,,
,,,,,
,,,,,
,,,,,
,,,,,
,,,,,
,,,,,
,,,,,
,,,,,
,,,,,
,,,,,
,,,,,
,,,,,
,,,,,
,,,,,
,,,,,
,,,,,
,,,,,
,,,,,
,,,,,
,,,,,
,,,,,
,,,,,
,,,,,
,,,,,
,,,,,
,,,,,
,,,,,
,,,,,
,,,,,
,,,,,
,,,,,
,,,,,
,,,,,
,,,,,
,,,,,
,,,,,
,,,,,
,,,,,
,,,,,
,,,,,
,,,,,
,,,,,
,,,,,
,,,,,
,,,,,
,,,,,
,,,,,
,,,,,
,,,,,
,,,,,
,,,,,
,,,,,
,,,,,
,,,,,
,,,,,
,,,,,
,,,,,
,,,,,
,,,,,
,,,,,
,,,,,
,,,,,
,,,,,
,,,,,
,,,,,
,,,,,
,,,,,
,,,,,
,,,,,
,,,,,
,,,,,
,,,,,
,,,,,
,,,,,
,,,,,
,,,,,
,,,,,
,,,,,
,,,,,
,,,,,
,,,,,
,,,,,
,,,,,
,,,,,
,,,,,
,,,,,
,,,,,
,,,,,
,,,,,
,,,,,
,,,,,
,,,,,
,,,,,
,,,,,
,,,,,
,,,,,
,,,,,
,,,,,
,,,,,
,,,,,
,,,,,
,,,,,
,,,,,
,,,,,
,,,,,
,,,,,
,,,,,
,,,,,
,,,,,
,,,,,
,,,,,
,,,,,
,,,,,
,,,,,
,,,,,
,,,,,
,,,,,
,,,,,
,,,,,
,,,,,
,,,,,
,,,,,
,,,,,
,,,,,
,,,,,
,,,,,
,,,,,
,,,,,
,,,,,
,,,,,
,,,,,
,,,,,
,,,,,
,,,,,
,,,,,
,,,,,
,,,,,
,,,,,
,,,,,
,,,,,
,,,,,
,,,,,
,,,,,
,,,,,
,,,,,
,,,,,
,,,,,
,,,,,
,,,,,
,,,,,
,,,,,
,,,,,
,,,,,
,,,,,
,,,,,
,,,,,
,,,,,
,,,,,
,,,,,
,,,,,
,,,,,
,,,,,
,,,,,
,,,,,
,,,,,
,,,,,
,,,,,
,,,,,
,,,,,
,,,,,
,,,,,
,,,,,
,,,,,
,,,,,
,,,,,
,,,,,
,,,,,
,,,,,
,,,,,
,,,,,
,,,,,
,,,,,
,,,,,
,,,,,
,,,,,
,,,,,
,,,,,
,,,,,
,,,,,
,,,,,
,,,,,
,,,,,
,,,,,
,,,,,
,,,,,
,,,,,
,,,,,
,,,,,
,,,,,
,,,,,
,,,,,
,,,,,
,,,,,
,,,,,
,,,,,
,,,,,
,,,,,
,,,,,
,,,,,
,,,,,
,,,,,
,,,,,
,,,,,
,,,,,
,,,,,
,,,,,
,,,,,
,,,,,
,,,,,
,,,,,
,,,,,
,,,,,
,,,,,
,,,,,
,,,,,
,,,,,
,,,,,
,,,,,
,,,,,
,,,,,
,,,,,
,,,,,
,,,,,
,,,,,
,,,,,
,,,,,
,,,,,
,,,,,
,,,,,
,,,,,
,,,,,
,,,,,
,,,,,
,,,,,
,,,,,
,,,,,
,,,,,
,,,,,
,,,,,
,,,,,
,,,,,
,,,,,
,,,,,
,,,,,
,,,,,
,,,,,
,,,,,
,,,,,
,,,,,
,,,,,
,,,,,
,,,,,
,,,,,
,,,,,
,,,,,
,,,,,
,,,,,
,,,,,
,,,,,
,,,,,
,,,,,
,,,,,
,,,,,
,,,,,
,,,,,
,,,,,
,,,,,
,,,,,
,,,,,
,,,,,
,,,,,
,,,,,
,,,,,
,,,,,
,,,,,
,,,,,
,,,,,
,,,,,
,,,,,
,,,,,
,,,,,
,,,,,
,,,,,
,,,,,
,,,,,
,,,,,
,,,,,
,,,,,
,,,,,
,,,,,
,,,,,
,,,,,
,,,,,
,,,,,
,,,,,
,,,,,
,,,,,
,,,,,
,,,,,
,,,,,
,,,,,
,,,,,
,,,,,
,,,,,
,,,,,
,,,,,
,,,,,
,,,,,
,,,,,
,,,,,
,,,,,
,,,,,
,,,,,
,,,,,
,,,,,
,,,,,
,,,,,
,,,,,
,,,,,
,,,,,
,,,,,
,,,,,
,,,,,
,,,,,
,,,,,
,,,,,
,,,,,
,,,,,
,,,,,
,,,,,
,,,,,
,,,,,
,,,,,
,,,,,
,,,,,
,,,,,
,,,,,
,,,,,
,,,,,
,,,,,
,,,,,
,,,,,
,,,,,
,,,,,
,,,,,
,,,,,
,,,,,
,,,,,
,,,,,
,,,,,
,,,,,
,,,,,
,,,,,
,,,,,
,,,,,
,,,,,
,,,,,
,,,,,
,,,,,
,,,,,
,,,,,
,,,,,
,,,,,
,,,,,
,,,,,
,,,,,
,,,,,
,,,,,
,,,,,
,,,,,
,,,,,
,,,,,
,,,,,
,,,,,
,,,,,
,,,,,
,,,,,
,,,,,
,,,,,
,,,,,
,,,,,
,,,,,
,,,,,
,,,,,
,,,,,
,,,,,
,,,,,
,,,,,
,,,,,
,,,,,
,,,,,
,,,,,
,,,,,
,,,,,
,,,,,
,,,,,
,,,,,
,,,,,
,,,,,
,,,,,
,,,,,
,,,,,
,,,,,
,,,,,
,,,,,
,,,,,
,,,,,
,,,,,
,,,,,
,,,,,
,,,,,
,,,,,
,,,,,
,,,,,
,,,,,
,,,,,
,,,,,
,,,,,
,,,,,
,,,,,
,,,,,
,,,,,
,,,,,
,,,,,
,,,,,
,,,,,
,,,,,
,,,,,
,,,,,
,,,,,
,,,,,
,,,,,
,,,,,
,,,,,
,,,,,
,,,,,
,,,,,
,,,,,
,,,,,
,,,,,
,,,,,
,,,,,
,,,,,
,,,,,
,,,,,
,,,,,
,,,,,
,,,,,
,,,,,
,,,,,
,,,,,
,,,,,
,,,,,
,,,,,
,,,,,
,,,,,
,,,,,
,,,,,
,,,,,
,,,,,
,,,,,
,,,,,
,,,,,
,,,,,
,,,,,
,,,,,
,,,,,
,,,,,
,,,,,
,,,,,
,,,,,
,,,,,
,,,,,
,,,,,
,,,,,
,,,,,
,,,,,
,,,,,
,,,,,
,,,,,
,,,,,
,,,,,
,,,,,
,,,,,
,,,,,
,,,,,
,,,,,
,,,,,
,,,,,
,,,,,
,,,,,
,,,,,
,,,,,
,,,,,
,,,,,
,,,,,
,,,,,
,,,,,
,,,,,
,,,,,
,,,,,
,,,,,
,,,,,
,,,,,
,,,,,
,,,,,
,,,,,
,,,,,
,,,,,
,,,,,
,,,,,
,,,,,
,,,,,
,,,,,
,,,,,
,,,,,
,,,,,
,,,,,
,,,,,
,,,,,
,,,,,
,,,,,
,,,,,
,,,,,
,,,,,
,,,,,
,,,,,
,,,,,
,,,,,
,,,,,
,,,,,
,,,,,
,,,,,
,,,,,
,,,,,
,,,,,
,,,,,
,,,,,
,,,,,
,,,,,
,,,,,
,,,,,
,,,,,
,,,,,
,,,,,
,,,,,
,,,,,
,,,,,
,,,,,
,,,,,
,,,,,
,,,,,
,,,,,
,,,,,
,,,,,
,,,,,
,,,,,
,,,,,
,,,,,
,,,,,
,,,,,
,,,,,
,,,,,
,,,,,
,,,,,
,,,,,
,,,,,
,,,,,
,,,,,
,,,,,
,,,,,
,,,,,
,,,,,
,,,,,
,,,,,
,,,,,
,,,,,
,,,,,
,,,,,
,,,,,
,,,,,
,,,,,
,,,,,
,,,,,
,,,,,
,,,,,
,,,,,
,,,,,
,,,,,
,,,,,
,,,,,
,,,,,
,,,,,
,,,,,
,,,,,
,,,,,
,,,,,
,,,,,
,,,,,
,,,,,
,,,,,
,,,,,
,,,,,
,,,,,
,,,,,
,,,,,
,,,,,
,,,,,
,,,,,
,,,,,
,,,,,
,,,,,
,,,,,
,,,,,
,,,,,
,,,,,
,,,,,
,,,,,
,,,,,
,,,,,
,,,,,
,,,,,
,,,,,
,,,,,
,,,,,
,,,,,
,,,,,
,,,,,
,,,,,
,,,,,
,,,,,
,,,,,
,,,,,
,,,,,
,,,,,
,,,,,
,,,,,
,,,,,
,,,,,
,,,,,
,,,,,
,,,,,
,,,,,
,,,,,
,,,,,
,,,,,
,,,,,
,,,,,
,,,,,
,,,,,
,,,,,
,,,,,
,,,,,
,,,,,
,,,,,
,,,,,
,,,,,
,,,,,
,,,,,
,,,,,
,,,,,
,,,,,
,,,,,
,,,,,
,,,,,
,,,,,
,,,,,
,,,,,
,,,,,
,,,,,
,,,,,
,,,,,
,,,,,
,,,,,
,,,,,
,,,,,
,,,,,
,,,,,
,,,,,
,,,,,
,,,,,
,,,,,
,,,,,
,,,,,
,,,,,
,,,,,
,,,,,
,,,,,
,,,,,
,,,,,
,,,,,
,,,,,
,,,,,
,,,,,
,,,,,
,,,,,
,,,,,
,,,,,
,,,,,
,,,,,
,,,,,
,,,,,
,,,,,
,,,,,
,,,,,
,,,,,
,,,,,
,,,,,
,,,,,
,,,,,
,,,,,
,,,,,
,,,,,
,,,,,
,,,,,
,,,,,
,,,,,
,,,,,
,,,,,
,,,,,
,,,,,
,,,,,
,,,,,
,,,,,
,,,,,
,,,,,
,,,,,
,,,,,
,,,,,
,,,,,
,,,,,
,,,,,
,,,,,
,,,,,
,,,,,
,,,,,
,,,,,
,,,,,
,,,,,
,,,,,
,,,,,
,,,,,
,,,,,
,,,,,
,,,,,
,,,,,
,,,,,
,,,,,
,,,,,
,,,,,
,,,,,
,,,,,
,,,,,
,,,,,
,,,,,
,,,,,
,,,,,
,,,,,
,,,,,
,,,,,
,,,,,
,,,,,
,,,,,
,,,,,
,,,,,
,,,,,
,,,,,
,,,,,
,,,,,
,,,,,
,,,,,
,,,,,
,,,,,
,,,,,
,,,,,
,,,,,
,,,,,
,,,,,
,,,,,
,,,,,
,,,,,
,,,,,
,,,,,
,,,,,
,,,,,
,,,,,
,,,,,
,,,,,
,,,,,
,,,,,
,,,,,
,,,,,
,,,,,
,,,,,
,,,,,
,,,,,
,,,,,
,,,,,
,,,,,
,,,,,
,,,,,
,,,,,
,,,,,
,,,,,
,,,,,
,,,,,
,,,,,
,,,,,
,,,,,
,,,,,
,,,,,
,,,,,
,,,,,
,,,,,
,,,,,
,,,,,
,,,,,
,,,,,
,,,,,
,,,,,
,,,,,
,,,,,
,,,,,
,,,,,
,,,,,
,,,,,
,,,,,
,,,,,
,,,,,
,,,,,
,,,,,
,,,,,
,,,,,
,,,,,
,,,,,
,,,,,
,,,,,
,,,,,
,,,,,
,,,,,
,,,,,
,,,,,
,,,,,
,,,,,
,,,,,
,,,,,
,,,,,
,,,,,
,,,,,
,,,,,
,,,,,
,,,,,
,,,,,
,,,,,
,,,,,
,,,,,
,,,,,
,,,,,
,,,,,
,,,,,
,,,,,
,,,,,
,,,,,
,,,,,
,,,,,
,,,,,
,,,,,
,,,,,
,,,,,
,,,,,
,,,,,
,,,,,
,,,,,
,,,,,
,,,,,
,,,,,
,,,,,
,,,,,
,,,,,
,,,,,
,,,,,
,,,,,
,,,,,
,,,,,
,,,,,
,,,,,
,,,,,
,,,,,
,,,,,
,,,,,
,,,,,
,,,,,
,,,,,
,,,,,
,,,,,
,,,,,
,,,,,
,,,,,
,,,,,
,,,,,
,,,,,
,,,,,
,,,,,
,,,,,
,,,,,
,,,,,
,,,,,
,,,,,
,,,,,
,,,,,
,,,,,
,,,,,
,,,,,
,,,,,
,,,,,
,,,,,
,,,,,
,,,,,
,,,,,
,,,,,
,,,,,
,,,,,
,,,,,
,,,,,
,,,,,
,,,,,
,,,,,
,,,,,
,,,,,
,,,,,
,,,,,
,,,,,
,,,,,
,,,,,
,,,,,
,,,,,
,,,,,
,,,,,
,,,,,
,,,,,
,,,,,
,,,,,
,,,,,
,,,,,
,,,,,
,,,,,
,,,,,
,,,,,
,,,,,
,,,,,
,,,,,
,,,,,
,,,,,
,,,,,
,,,,,
,,,,,
,,,,,
,,,,,
,,,,,
,,,,,
,,,,,
,,,,,
,,,,,
,,,,,
,,,,,
,,,,,
,,,,,
,,,,,
,,,,,
,,,,,
,,,,,
,,,,,
,,,,,
,,,,,
,,,,,
,,,,,
,,,,,
,,,,,
,,,,,
,,,,,
,,,,,
,,,,,
,,,,,
,,,,,
,,,,,
,,,,,
,,,,,
,,,,,
,,,,,
,,,,,
,,,,,
,,,,,
,,,,,
,,,,,
,,,,,
,,,,,
,,,,,
,,,,,
,,,,,
,,,,,
,,,,,
,,,,,
,,,,,
,,,,,
,,,,,
,,,,,
,,,,,
,,,,,
,,,,,
,,,,,
,,,,,
,,,,,
,,,,,
,,,,,
,,,,,
,,,,,
,,,,,
,,,,,
,,,,,
,,,,,
,,,,,
,,,,,
,,,,,
,,,,,
,,,,,
,,,,,
,,,,,
,,,,,
,,,,,
,,,,,
,,,,,
,,,,,
,,,,,
,,,,,
,,,,,
,,,,,
,,,,,
,,,,,
,,,,,
,,,,,
,,,,,
,,,,,
,,,,,
,,,,,
,,,,,
,,,,,
,,,,,
,,,,,
,,,,,
,,,,,
,,,,,
,,,,,
,,,,,
,,,,,
,,,,,
,,,,,
,,,,,
,,,,,
,,,,,
,,,,,
,,,,,
,,,,,
,,,,,
,,,,,
,,,,,
,,,,,
,,,,,
,,,,,
,,,,,
,,,,,
,,,,,
,,,,,
,,,,,
,,,,,
,,,,,
,,,,,
,,,,,
,,,,,
,,,,,
,,,,,
,,,,,
,,,,,
,,,,,
,,,,,
,,,,,
,,,,,
,,,,,
,,,,,
,,,,,
,,,,,
,,,,,
,,,,,
,,,,,
,,,,,
,,,,,
,,,,,
,,,,,
,,,,,
,,,,,
,,,,,
,,,,,
,,,,,
,,,,,
,,,,,
,,,,,
,,,,,
,,,,,
,,,,,
,,,,,
,,,,,
,,,,,
,,,,,
,,,,,
,,,,,
,,,,,
,,,,,
,,,,,
,,,,,
,,,,,
,,,,,
,,,,,
,,,,,
,,,,,
,,,,,
,,,,,
,,,,,
,,,,,
,,,,,
,,,,,
,,,,,
,,,,,
,,,,,
,,,,,
,,,,,
,,,,,
,,,,,
,,,,,
,,,,,
,,,,,
,,,,,
,,,,,
,,,,,
,,,,,
,,,,,
,,,,,
,,,,,
,,,,,
,,,,,
,,,,,
,,,,,
,,,,,
,,,,,
,,,,,
,,,,,
,,,,,
,,,,,
,,,,,
,,,,,
,,,,,
,,,,,
,,,,,
,,,,,
,,,,,
,,,,,
,,,,,
,,,,,
,,,,,
,,,,,
,,,,,
,,,,,
,,,,,
,,,,,
,,,,,
,,,,,
,,,,,
,,,,,
,,,,,
,,,,,
,,,,,
,,,,,
,,,,,
,,,,,
,,,,,
,,,,,
,,,,,
,,,,,
,,,,,
,,,,,
,,,,,
,,,,,
,,,,,
,,,,,
,,,,,
,,,,,
,,,,,
,,,,,
,,,,,
,,,,,
,,,,,
,,,,,
,,,,,
,,,,,
,,,,,
,,,,,
,,,,,
,,,,,
,,,,,
,,,,,
,,,,,
,,,,,
,,,,,
,,,,,
,,,,,
,,,,,
,,,,,
,,,,,
,,,,,
,,,,,
,,,,,
,,,,,
,,,,,
,,,,,
,,,,,
,,,,,
,,,,,
,,,,,
,,,,,
,,,,,
,,,,,
,,,,,
,,,,,
,,,,,
,,,,,
,,,,,
,,,,,
,,,,,
,,,,,
,,,,,
,,,,,
,,,,,
,,,,,
,,,,,
,,,,,
,,,,,
,,,,,
,,,,,
,,,,,
,,,,,
,,,,,
,,,,,
,,,,,
,,,,,
,,,,,
,,,,,
,,,,,
,,,,,
,,,,,
,,,,,
,,,,,
,,,,,
,,,,,
,,,,,
,,,,,
,,,,,
,,,,,
,,,,,
,,,,,
,,,,,
,,,,,
,,,,,
,,,,,
,,,,,
,,,,,
,,,,,
,,,,,
,,,,,
,,,,,
,,,,,
,,,,,
,,,,,
,,,,,
,,,,,
,,,,,
,,,,,
,,,,,
,,,,,
,,,,,
,,,,,
,,,,,
,,,,,
,,,,,
,,,,,
,,,,,
,,,,,
,,,,,
,,,,,
,,,,,
,,,,,
,,,,,
,,,,,
,,,,,
,,,,,
,,,,,
,,,,,
,,,,,
,,,,,
,,,,,
,,,,,
,,,,,
,,,,,
,,,,,
,,,,,
,,,,,
,,,,,
,,,,,
,,,,,
,,,,,
,,,,,
,,,,,
,,,,,
,,,,,
,,,,,
,,,,,
,,,,,
,,,,,
,,,,,
,,,,,
,,,,,
,,,,,
,,,,,
,,,,,
,,,,,
,,,,,
,,,,,
,,,,,
,,,,,
,,,,,
,,,,,
,,,,,
,,,,,
,,,,,
,,,,,
,,,,,
,,,,,
,,,,,
,,,,,
,,,,,
,,,,,
,,,,,
,,,,,
,,,,,
,,,,,
,,,,,
,,,,,
,,,,,
,,,,,
,,,,,
,,,,,
,,,,,
,,,,,
,,,,,
,,,,,
,,,,,
,,,,,
,,,,,
,,,,,
,,,,,
,,,,,
,,,,,
,,,,,
,,,,,
,,,,,
,,,,,
,,,,,
,,,,,
,,,,,
,,,,,
,,,,,
,,,,,
,,,,,
,,,,,
,,,,,
,,,,,
,,,,,
,,,,,
,,,,,
,,,,,
,,,,,
,,,,,
,,,,,
,,,,,
,,,,,
,,,,,
,,,,,
,,,,,
,,,,,
,,,,,
,,,,,
,,,,,
,,,,,
,,,,,
,,,,,
,,,,,
,,,,,
,,,,,
,,,,,
,,,,,
,,,,,
,,,,,
,,,,,
,,,,,
,,,,,
,,,,,
,,,,,
,,,,,
,,,,,
,,,,,
,,,,,
,,,,,
,,,,,
,,,,,
,,,,,
,,,,,
,,,,,
,,,,,
,,,,,
,,,,,
,,,,,
,,,,,
,,,,,
,,,,,
,,,,,
,,,,,
,,,,,
,,,,,
,,,,,
,,,,,
,,,,,
,,,,,
,,,,,
,,,,,
,,,,,
,,,,,
,,,,,
,,,,,
,,,,,
,,,,,
,,,,,
,,,,,
,,,,,
,,,,,
,,,,,
,,,,,
,,,,,
,,,,,
,,,,,
,,,,,
,,,,,
,,,,,
,,,,,
,,,,,
,,,,,
,,,,,
,,,,,
,,,,,
,,,,,
,,,,,
,,,,,
,,,,,
,,,,,
,,,,,
,,,,,
,,,,,
,,,,,
,,,,,
,,,,,
,,,,,
,,,,,
,,,,,
,,,,,
,,,,,
,,,,,
,,,,,
,,,,,
,,,,,
,,,,,
,,,,,
,,,,,
,,,,,
,,,,,
,,,,,
,,,,,
,,,,,
,,,,,
,,,,,
,,,,,
,,,,,
,,,,,
,,,,,
,,,,,
,,,,,
,,,,,
,,,,,
,,,,,
,,,,,
,,,,,
,,,,,
,,,,,
,,,,,
,,,,,
,,,,,
,,,,,
,,,,,
,,,,,
,,,,,
,,,,,
,,,,,
,,,,,
,,,,,
,,,,,
,,,,,
,,,,,
,,,,,
,,,,,
,,,,,
,,,,,
,,,,,
,,,,,
,,,,,
,,,,,
,,,,,
,,,,,
,,,,,
,,,,,
,,,,,
,,,,,
,,,,,
,,,,,
,,,,,
,,,,,
,,,,,
,,,,,
,,,,,
,,,,,
,,,,,
,,,,,
,,,,,
,,,,,
,,,,,
,,,,,
,,,,,
,,,,,
,,,,,
,,,,,
,,,,,
,,,,,
,,,,,
,,,,,
,,,,,
,,,,,
,,,,,
,,,,,
,,,,,
,,,,,
,,,,,
,,,,,
,,,,,
,,,,,
,,,,,
,,,,,
,,,,,
,,,,,
,,,,,
,,,,,
,,,,,
,,,,,
,,,,,
,,,,,
,,,,,
,,,,,
,,,,,
,,,,,
,,,,,
,,,,,
,,,,,
,,,,,
,,,,,
,,,,,
,,,,,
,,,,,
,,,,,
,,,,,
,,,,,
,,,,,
,,,,,
,,,,,
,,,,,
,,,,,
,,,,,
,,,,,
,,,,,
,,,,,
,,,,,
,,,,,
,,,,,
,,,,,
,,,,,
,,,,,
,,,,,
,,,,,
,,,,,
,,,,,
,,,,,
,,,,,
,,,,,
,,,,,
,,,,,
,,,,,
,,,,,
,,,,,
,,,,,
,,,,,
,,,,,
,,,,,
,,,,,
,,,,,
,,,,,
,,,,,
,,,,,
,,,,,
,,,,,
,,,,,
,,,,,
,,,,,
,,,,,
,,,,,
,,,,,
,,,,,
,,,,,
,,,,,
,,,,,
,,,,,
,,,,,
,,,,,
,,,,,
,,,,,
,,,,,
,,,,,
,,,,,
,,,,,
,,,,,
,,,,,
,,,,,
,,,,,
,,,,,
,,,,,
,,,,,
,,,,,
,,,,,
,,,,,
,,,,,
,,,,,
,,,,,
,,,,,
,,,,,
,,,,,
,,,,,
,,,,,
,,,,,
,,,,,
,,,,,
,,,,,
,,,,,
,,,,,
,,,,,
,,,,,
,,,,,
,,,,,
,,,,,
,,,,,
,,,,,
,,,,,
,,,,,
,,,,,
,,,,,
,,,,,
,,,,,
,,,,,
,,,,,
,,,,,
,,,,,
,,,,,
,,,,,
,,,,,
,,,,,
,,,,,
,,,,,
,,,,,
,,,,,
,,,,,
,,,,,
,,,,,
,,,,,
,,,,,
,,,,,
,,,,,
,,,,,
,,,,,
,,,,,
,,,,,
,,,,,
,,,,,
,,,,,
,,,,,
,,,,,
,,,,,
,,,,,
,,,,,
,,,,,
,,,,,
,,,,,
,,,,,
,,,,,
,,,,,
,,,,,
,,,,,
,,,,,
,,,,,
,,,,,
,,,,,
,,,,,
,,,,,
,,,,,
,,,,,
,,,,,
,,,,,
,,,,,
,,,,,
,,,,,
,,,,,
,,,,,
,,,,,
,,,,,
,,,,,
,,,,,
,,,,,
,,,,,
,,,,,
,,,,,
,,,,,
,,,,,
,,,,,
,,,,,
,,,,,
,,,,,
,,,,,
,,,,,
,,,,,
,,,,,
,,,,,
,,,,,
,,,,,
,,,,,
,,,,,
,,,,,
,,,,,
,,,,,
,,,,,
,,,,,
,,,,,
,,,,,
,,,,,
,,,,,
,,,,,
,,,,,
,,,,,
,,,,,
,,,,,
,,,,,
,,,,,
,,,,,
,,,,,
,,,,,
,,,,,
,,,,,
,,,,,
,,,,,
,,,,,
,,,,,
,,,,,
,,,,,
,,,,,
,,,,,
,,,,,
,,,,,
,,,,,
,,,,,
,,,,,
,,,,,
,,,,,
,,,,,
,,,,,
,,,,,
,,,,,
,,,,,
,,,,,
,,,,,
,,,,,
,,,,,
,,,,,
,,,,,
,,,,,
,,,,,
,,,,,
,,,,,
,,,,,
,,,,,
,,,,,
,,,,,
,,,,,
,,,,,
,,,,,
,,,,,
,,,,,
,,,,,
,,,,,
,,,,,
,,,,,
,,,,,
,,,,,
,,,,,
,,,,,
,,,,,
,,,,,
,,,,,
,,,,,
,,,,,
,,,,,
,,,,,
,,,,,
,,,,,
,,,,,
,,,,,
,,,,,
,,,,,
,,,,,
,,,,,
,,,,,
,,,,,
,,,,,
,,,,,
,,,,,
,,,,,
,,,,,
,,,,,
,,,,,
,,,,,
,,,,,
,,,,,
,,,,,
,,,,,
,,,,,
,,,,,
,,,,,
,,,,,
,,,,,
,,,,,
,,,,,
,,,,,
,,,,,
,,,,,
,,,,,
,,,,,
,,,,,
,,,,,
,,,,,
,,,,,
,,,,,
,,,,,
,,,,,
,,,,,
,,,,,
,,,,,
,,,,,
,,,,,
,,,,,
,,,,,
,,,,,
,,,,,
,,,,,
,,,,,
,,,,,
,,,,,
,,,,,
,,,,,
,,,,,
,,,,,
,,,,,
,,,,,
,,,,,
,,,,,
,,,,,
,,,,,
,,,,,
,,,,,
,,,,,
,,,,,
,,,,,
,,,,,
,,,,,
,,,,,
,,,,,
,,,,,
,,,,,
,,,,,
,,,,,
,,,,,
,,,,,
,,,,,
,,,,,
,,,,,
,,,,,
,,,,,
,,,,,
,,,,,
,,,,,
,,,,,
,,,,,
,,,,,
,,,,,
,,,,,
,,,,,
,,,,,
,,,,,
,,,,,
,,,,,
,,,,,
,,,,,
,,,,,
,,,,,
,,,,,
,,,,,
,,,,,
,,,,,
,,,,,
,,,,,
,,,,,
,,,,,
,,,,,
,,,,,
,,,,,
,,,,,
,,,,,
,,,,,
,,,,,
,,,,,
,,,,,
,,,,,
,,,,,
,,,,,
,,,,,
,,,,,
,,,,,
,,,,,
,,,,,
,,,,,
,,,,,
,,,,,
,,,,,
,,,,,
,,,,,
,,,,,
,,,,,
,,,,,
,,,,,
,,,,,
,,,,,
,,,,,
,,,,,
,,,,,
,,,,,
,,,,,
,,,,,
,,,,,
,,,,,
,,,,,
,,,,,
,,,,,
,,,,,
,,,,,
,,,,,
,,,,,
,,,,,
,,,,,
,,,,,
,,,,,
,,,,,
,,,,,
,,,,,
,,,,,
,,,,,
,,,,,
,,,,,
,,,,,
,,,,,
,,,,,
,,,,,
,,,,,
,,,,,
,,,,,
,,,,,
,,,,,
,,,,,
,,,,,
,,,,,
,,,,,
,,,,,
,,,,,
,,,,,
,,,,,
,,,,,
,,,,,
,,,,,
,,,,,
,,,,,
,,,,,
,,,,,
,,,,,
,,,,,
,,,,,
,,,,,
,,,,,
,,,,,
,,,,,
,,,,,
,,,,,
,,,,,
,,,,,
,,,,,
,,,,,
,,,,,
,,,,,
,,,,,
,,,,,
,,,,,
,,,,,
,,,,,
,,,,,
,,,,,
,,,,,
,,,,,
,,,,,
,,,,,
,,,,,
,,,,,
,,,,,
,,,,,
,,,,,
,,,,,
,,,,,
,,,,,
,,,,,
,,,,,
,,,,,
,,,,,
,,,,,
,,,,,
,,,,,
,,,,,
,,,,,
,,,,,
,,,,,
,,,,,
,,,,,
,,,,,
,,,,,
,,,,,
,,,,,
,,,,,
,,,,,
,,,,,
,,,,,
,,,,,
,,,,,
,,,,,
,,,,,
,,,,,
,,,,,
,,,,,
,,,,,
,,,,,
,,,,,
,,,,,
,,,,,
,,,,,
,,,,,
,,,,,
,,,,,
,,,,,
,,,,,
,,,,,
,,,,,
,,,,,
,,,,,
,,,,,
,,,,,
,,,,,
,,,,,
,,,,,
,,,,,
,,,,,
,,,,,
,,,,,
,,,,,
,,,,,
,,,,,
,,,,,
,,,,,
,,,,,
,,,,,
,,,,,
,,,,,
,,,,,
,,,,,
,,,,,
,,,,,
,,,,,
,,,,,
,,,,,
,,,,,
,,,,,
,,,,,
,,,,,
,,,,,
,,,,,
,,,,,
,,,,,
,,,,,
,,,,,
,,,,,
,,,,,
,,,,,
,,,,,
,,,,,
,,,,,
,,,,,
,,,,,
,,,,,
,,,,,
,,,,,
,,,,,
,,,,,
,,,,,
,,,,,
,,,,,
,,,,,
,,,,,
,,,,,
,,,,,
,,,,,
,,,,,
,,,,,
,,,,,
,,,,,
,,,,,
,,,,,
,,,,,
,,,,,
,,,,,
,,,,,
,,,,,
,,,,,
,,,,,
,,,,,
,,,,,
,,,,,
,,,,,
,,,,,
,,,,,
,,,,,
,,,,,
,,,,,
,,,,,
,,,,,
,,,,,
,,,,,
,,,,,
,,,,,
,,,,,
,,,,,
,,,,,
,,,,,
,,,,,
,,,,,
,,,,,
,,,,,
,,,,,
,,,,,
,,,,,
,,,,,
,,,,,
